label	pid	ppid	pgid	start	command
driver	71407	71405	71405	Wed Sep 30 20:16:06 2026	/Applications/Xcode.app/Contents/Developer/Library/Frameworks/Python3.framework/Versions/3.9/Resources/Python.app/Contents/MacOS/Python /Users/hoppworks/projects/rhai-combined-package-proof/.scratch/combined-package-proof/run-followup.py
launcher-ancestry	71407	71405	71405	Wed Sep 30 20:16:06 2026	/Applications/Xcode.app/Contents/Developer/Library/Frameworks/Python3.framework/Versions/3.9/Resources/Python.app/Contents/MacOS/Python /Users/hoppworks/projects/rhai-combined-package-proof/.scratch/combined-package-proof/run-followup.py
launcher-ancestry	71405	71400	71405	Wed Sep 30 20:16:06 2026	/opt/homebrew/Cellar/python@3.14/3.14.7/Frameworks/Python.framework/Versions/3.14/Resources/Python.app/Contents/MacOS/Python /Users/hoppworks/projects/agent-skills/tools/run_scoped.py _supervise 4 python3 /Users/hoppworks/projects/rhai-combined-package-proof/.scratch/combined-package-proof/run-followup.py
lockfile-resolution	71421	71407	71405	Wed Sep 30 20:16:07 2026	/Users/hoppworks/.rustup/toolchains/stable-aarch64-apple-darwin/bin/cargo generate-lockfile
sampled-group-member	71405	71400	71405	Wed Sep 30 20:16:06 2026	/opt/homebrew/Cellar/python@3.14/3.14.7/Frameworks/Python.framework/Versions/3.14/Resources/Python.app/Contents/MacOS/Python /Users/hoppworks/projects/agent-skills/tools/run_scoped.py _supervise 4 python3 /Users/hoppworks/projects/rhai-combined-package-proof/.scratch/combined-package-proof/run-followup.py
sampled-group-member	71407	71405	71405	Wed Sep 30 20:16:06 2026	/Applications/Xcode.app/Contents/Developer/Library/Frameworks/Python3.framework/Versions/3.9/Resources/Python.app/Contents/MacOS/Python /Users/hoppworks/projects/rhai-combined-package-proof/.scratch/combined-package-proof/run-followup.py
sampled-group-member	71421	71407	71405	Wed Sep 30 20:16:07 2026	/Users/hoppworks/.rustup/toolchains/stable-aarch64-apple-darwin/bin/cargo generate-lockfile
sampled-group-member	71427	unavailable	unavailable	unavailable	unavailable
sampled-group-member	71405	71400	71405	Wed Sep 30 20:16:06 2026	/opt/homebrew/Cellar/python@3.14/3.14.7/Frameworks/Python.framework/Versions/3.14/Resources/Python.app/Contents/MacOS/Python /Users/hoppworks/projects/agent-skills/tools/run_scoped.py _supervise 4 python3 /Users/hoppworks/projects/rhai-combined-package-proof/.scratch/combined-package-proof/run-followup.py
sampled-group-member	71407	71405	71405	Wed Sep 30 20:16:06 2026	/Applications/Xcode.app/Contents/Developer/Library/Frameworks/Python3.framework/Versions/3.9/Resources/Python.app/Contents/MacOS/Python /Users/hoppworks/projects/rhai-combined-package-proof/.scratch/combined-package-proof/run-followup.py
sampled-group-member	71421	71407	71405	Wed Sep 30 20:16:07 2026	/Users/hoppworks/.rustup/toolchains/stable-aarch64-apple-darwin/bin/cargo generate-lockfile
sampled-group-member	71442	unavailable	unavailable	unavailable	unavailable
sampled-group-member	71405	71400	71405	Wed Sep 30 20:16:06 2026	/opt/homebrew/Cellar/python@3.14/3.14.7/Frameworks/Python.framework/Versions/3.14/Resources/Python.app/Contents/MacOS/Python /Users/hoppworks/projects/agent-skills/tools/run_scoped.py _supervise 4 python3 /Users/hoppworks/projects/rhai-combined-package-proof/.scratch/combined-package-proof/run-followup.py
sampled-group-member	71407	71405	71405	Wed Sep 30 20:16:06 2026	/Applications/Xcode.app/Contents/Developer/Library/Frameworks/Python3.framework/Versions/3.9/Resources/Python.app/Contents/MacOS/Python /Users/hoppworks/projects/rhai-combined-package-proof/.scratch/combined-package-proof/run-followup.py
sampled-group-member	71421	71407	71405	Wed Sep 30 20:16:07 2026	/Users/hoppworks/.rustup/toolchains/stable-aarch64-apple-darwin/bin/cargo generate-lockfile
sampled-group-member	71459	unavailable	unavailable	unavailable	unavailable
wrong-fresh-file-control	71468	71407	71405	Wed Sep 30 20:16:10 2026	/Users/hoppworks/.rustup/toolchains/stable-aarch64-apple-darwin/bin/cargo test --locked --jobs 2 --features testing-environ,sys,net --test combined_sys_net sys_and_net_packages_coexist_in_one_engine_with_os_readback_and_typed_errors -- --exact --test-threads=1 --nocapture
sampled-group-member	71405	71400	71405	Wed Sep 30 20:16:06 2026	/opt/homebrew/Cellar/python@3.14/3.14.7/Frameworks/Python.framework/Versions/3.14/Resources/Python.app/Contents/MacOS/Python /Users/hoppworks/projects/agent-skills/tools/run_scoped.py _supervise 4 python3 /Users/hoppworks/projects/rhai-combined-package-proof/.scratch/combined-package-proof/run-followup.py
sampled-group-member	71407	71405	71405	Wed Sep 30 20:16:06 2026	/Applications/Xcode.app/Contents/Developer/Library/Frameworks/Python3.framework/Versions/3.9/Resources/Python.app/Contents/MacOS/Python /Users/hoppworks/projects/rhai-combined-package-proof/.scratch/combined-package-proof/run-followup.py
sampled-group-member	71468	71407	71405	Wed Sep 30 20:16:10 2026	/Users/hoppworks/.rustup/toolchains/stable-aarch64-apple-darwin/bin/cargo test --locked --jobs 2 --features testing-environ,sys,net --test combined_sys_net sys_and_net_packages_coexist_in_one_engine_with_os_readback_and_typed_errors -- --exact --test-threads=1 --nocapture
sampled-group-member	71481	unavailable	unavailable	unavailable	unavailable
sampled-group-member	71405	71400	71405	Wed Sep 30 20:16:06 2026	/opt/homebrew/Cellar/python@3.14/3.14.7/Frameworks/Python.framework/Versions/3.14/Resources/Python.app/Contents/MacOS/Python /Users/hoppworks/projects/agent-skills/tools/run_scoped.py _supervise 4 python3 /Users/hoppworks/projects/rhai-combined-package-proof/.scratch/combined-package-proof/run-followup.py
sampled-group-member	71407	71405	71405	Wed Sep 30 20:16:06 2026	/Applications/Xcode.app/Contents/Developer/Library/Frameworks/Python3.framework/Versions/3.9/Resources/Python.app/Contents/MacOS/Python /Users/hoppworks/projects/rhai-combined-package-proof/.scratch/combined-package-proof/run-followup.py
sampled-group-member	71468	71407	71405	Wed Sep 30 20:16:10 2026	/Users/hoppworks/.rustup/toolchains/stable-aarch64-apple-darwin/bin/cargo test --locked --jobs 2 --features testing-environ,sys,net --test combined_sys_net sys_and_net_packages_coexist_in_one_engine_with_os_readback_and_typed_errors -- --exact --test-threads=1 --nocapture
sampled-group-member	71580	unavailable	unavailable	unavailable	unavailable
sampled-group-member	71581	unavailable	unavailable	unavailable	unavailable
sampled-group-member	71582	unavailable	unavailable	unavailable	unavailable
sampled-group-member	71405	71400	71405	Wed Sep 30 20:16:06 2026	/opt/homebrew/Cellar/python@3.14/3.14.7/Frameworks/Python.framework/Versions/3.14/Resources/Python.app/Contents/MacOS/Python /Users/hoppworks/projects/agent-skills/tools/run_scoped.py _supervise 4 python3 /Users/hoppworks/projects/rhai-combined-package-proof/.scratch/combined-package-proof/run-followup.py
sampled-group-member	71407	71405	71405	Wed Sep 30 20:16:06 2026	/Applications/Xcode.app/Contents/Developer/Library/Frameworks/Python3.framework/Versions/3.9/Resources/Python.app/Contents/MacOS/Python /Users/hoppworks/projects/rhai-combined-package-proof/.scratch/combined-package-proof/run-followup.py
sampled-group-member	71468	71407	71405	Wed Sep 30 20:16:10 2026	/Users/hoppworks/.rustup/toolchains/stable-aarch64-apple-darwin/bin/cargo test --locked --jobs 2 --features testing-environ,sys,net --test combined_sys_net sys_and_net_packages_coexist_in_one_engine_with_os_readback_and_typed_errors -- --exact --test-threads=1 --nocapture
sampled-group-member	71627	unavailable	unavailable	unavailable	unavailable
sampled-group-member	71631	unavailable	unavailable	unavailable	unavailable
sampled-group-member	71633	unavailable	unavailable	unavailable	unavailable
sampled-group-member	71405	71400	71405	Wed Sep 30 20:16:06 2026	/opt/homebrew/Cellar/python@3.14/3.14.7/Frameworks/Python.framework/Versions/3.14/Resources/Python.app/Contents/MacOS/Python /Users/hoppworks/projects/agent-skills/tools/run_scoped.py _supervise 4 python3 /Users/hoppworks/projects/rhai-combined-package-proof/.scratch/combined-package-proof/run-followup.py
sampled-group-member	71407	71405	71405	Wed Sep 30 20:16:06 2026	/Applications/Xcode.app/Contents/Developer/Library/Frameworks/Python3.framework/Versions/3.9/Resources/Python.app/Contents/MacOS/Python /Users/hoppworks/projects/rhai-combined-package-proof/.scratch/combined-package-proof/run-followup.py
sampled-group-member	71468	71407	71405	Wed Sep 30 20:16:10 2026	/Users/hoppworks/.rustup/toolchains/stable-aarch64-apple-darwin/bin/cargo test --locked --jobs 2 --features testing-environ,sys,net --test combined_sys_net sys_and_net_packages_coexist_in_one_engine_with_os_readback_and_typed_errors -- --exact --test-threads=1 --nocapture
sampled-group-member	71680	unavailable	unavailable	unavailable	unavailable
sampled-group-member	71681	71468	71405	Wed Sep 30 20:16:15 2026	/var/folders/yk/m4dzf0ss5x9f4j4z3xb2rrv40000gn/T/agent-build-trx9e1hu/target/debug/build/cap-primitives-528e35f64773002b/build-script-build
sampled-group-member	71682	unavailable	unavailable	unavailable	unavailable
sampled-group-member	71405	71400	71405	Wed Sep 30 20:16:06 2026	/opt/homebrew/Cellar/python@3.14/3.14.7/Frameworks/Python.framework/Versions/3.14/Resources/Python.app/Contents/MacOS/Python /Users/hoppworks/projects/agent-skills/tools/run_scoped.py _supervise 4 python3 /Users/hoppworks/projects/rhai-combined-package-proof/.scratch/combined-package-proof/run-followup.py
sampled-group-member	71407	71405	71405	Wed Sep 30 20:16:06 2026	/Applications/Xcode.app/Contents/Developer/Library/Frameworks/Python3.framework/Versions/3.9/Resources/Python.app/Contents/MacOS/Python /Users/hoppworks/projects/rhai-combined-package-proof/.scratch/combined-package-proof/run-followup.py
sampled-group-member	71468	71407	71405	Wed Sep 30 20:16:10 2026	/Users/hoppworks/.rustup/toolchains/stable-aarch64-apple-darwin/bin/cargo test --locked --jobs 2 --features testing-environ,sys,net --test combined_sys_net sys_and_net_packages_coexist_in_one_engine_with_os_readback_and_typed_errors -- --exact --test-threads=1 --nocapture
sampled-group-member	71725	71468	71405	Wed Sep 30 20:16:16 2026	/Users/hoppworks/.rustup/toolchains/stable-aarch64-apple-darwin/bin/rustc --crate-name syn --edition=2021 /var/folders/yk/m4dzf0ss5x9f4j4z3xb2rrv40000gn/T/agent-build-trx9e1hu/cargo-home/registry/src/index.crates.io-1949cf8c6b5b557f/syn-2.0.119/src/lib.rs --error-format=json --json=diagnostic-rendered-ansi,artifacts,future-incompat --crate-type lib --emit=dep-info,metadata,link -C embed-bitcode=no --cfg feature="clone-impls" --cfg feature="default" --cfg feature="derive" --cfg feature="extra-traits" --cfg feature="full" --cfg feature="parsing" --cfg feature="printing" --cfg feature="proc-macro" --check-cfg cfg(docsrs,test) --check-cfg cfg(feature, values("clone-impls", "default", "derive", "extra-traits", "fold", "full", "parsing", "printing", "proc-macro", "test", "visit", "visit-mut")) -C metadata=287b5476acd814db -C extra-filename=-18afce8799ae30da --out-dir /var/folders/yk/m4dzf0ss5x9f4j4z3xb2rrv40000gn/T/agent-build-trx9e1hu/target/debug/deps -C strip=debuginfo -L dependency=/var/folders/yk/m4dzf0ss5x9f4j4z3xb2rrv40000gn/T/agent-build-trx9e1hu/target/debug/deps --extern proc_macro2=/var/folders/yk/m4dzf0ss5x9f4j4z3xb2rrv40000gn/T/agent-build-trx9e1hu/target/debug/deps/libproc_macro2-c8f46f1faefdab5f.rmeta --extern quote=/var/folders/yk/m4dzf0ss5x9f4j4z3xb2rrv40000gn/T/agent-build-trx9e1hu/target/debug/deps/libquote-4b7f1b8260d8abfc.rmeta --extern unicode_ident=/var/folders/yk/m4dzf0ss5x9f4j4z3xb2rrv40000gn/T/agent-build-trx9e1hu/target/debug/deps/libunicode_ident-850e761f354d9d56.rmeta --cap-lints allow
sampled-group-member	71727	71468	71405	Wed Sep 30 20:16:16 2026	/Users/hoppworks/.rustup/toolchains/stable-aarch64-apple-darwin/bin/rustc --crate-name zerocopy --edition=2021 /var/folders/yk/m4dzf0ss5x9f4j4z3xb2rrv40000gn/T/agent-build-trx9e1hu/cargo-home/registry/src/index.crates.io-1949cf8c6b5b557f/zerocopy-0.8.59/src/lib.rs --error-format=json --json=diagnostic-rendered-ansi,artifacts,future-incompat --crate-type lib --emit=dep-info,metadata,link -C embed-bitcode=no --cfg feature="simd" --check-cfg cfg(docsrs,test) --check-cfg cfg(feature, values("__internal_use_only_features_that_work_on_stable", "alloc", "derive", "float-nightly", "simd", "simd-nightly", "std", "zerocopy-derive")) -C metadata=f3576184dc104dd9 -C extra-filename=-7fd32641277b071a --out-dir /var/folders/yk/m4dzf0ss5x9f4j4z3xb2rrv40000gn/T/agent-build-trx9e1hu/target/debug/deps -C strip=debuginfo -L dependency=/var/folders/yk/m4dzf0ss5x9f4j4z3xb2rrv40000gn/T/agent-build-trx9e1hu/target/debug/deps --cap-lints allow --check-cfg cfg(no_zerocopy_simd_x86_avx12_1_89_0) --check-cfg cfg(rust, values("1.89.0")) --check-cfg cfg(no_zerocopy_core_error_1_81_0) --check-cfg cfg(rust, values("1.81.0")) --check-cfg cfg(no_zerocopy_slice_ptr_len_1_79_0) --check-cfg cfg(rust, values("1.79.0")) --check-cfg cfg(no_zerocopy_diagnostic_on_unimplemented_1_78_0) --check-cfg cfg(rust, values("1.78.0")) --check-cfg cfg(no_zerocopy_generic_bounds_in_const_fn_1_61_0) --check-cfg cfg(rust, values("1.61.0")) --check-cfg cfg(no_zerocopy_target_has_atomics_1_60_0) --check-cfg cfg(rust, values("1.60.0")) --check-cfg cfg(no_zerocopy_aarch64_simd_1_59_0) --check-cfg cfg(rust, values("1.59.0")) --check-cfg cfg(no_zerocopy_aarch64_simd_be_1_87_0) --check-cfg cfg(rust, values("1.87.0")) --check-cfg cfg(no_zerocopy_panic_in_const_and_vec_try_reserve_1_57_0) --check-cfg cfg(rust, values("1.57.0")) --check-cfg cfg(doc_cfg) --check-cfg cfg(kani) --check-cfg cfg(__ZEROCOPY_INTERNAL_USE_ONLY_NIGHTLY_FEATURES_IN_TESTS) --check-cfg cfg(__ZEROCOPY_INTERNAL_USE_ONLY_TOOLCHAIN, values("msrv", "stable", "nightly")) --check-cfg cfg(__ZEROCOPY_INTERNAL_USE_ONLY_DEV_MODE) --check-cfg cfg(coverage_nightly) --check-cfg cfg(zerocopy_inline_always) --check-cfg cfg(zerocopy_unstable_ptr) --check-cfg cfg(zerocopy_unstable_linux) --check-cfg cfg(no_fp_fmt_parse)
sampled-group-member	71729	unavailable	unavailable	unavailable	unavailable
sampled-group-member	71405	71400	71405	Wed Sep 30 20:16:06 2026	/opt/homebrew/Cellar/python@3.14/3.14.7/Frameworks/Python.framework/Versions/3.14/Resources/Python.app/Contents/MacOS/Python /Users/hoppworks/projects/agent-skills/tools/run_scoped.py _supervise 4 python3 /Users/hoppworks/projects/rhai-combined-package-proof/.scratch/combined-package-proof/run-followup.py
sampled-group-member	71407	71405	71405	Wed Sep 30 20:16:06 2026	/Applications/Xcode.app/Contents/Developer/Library/Frameworks/Python3.framework/Versions/3.9/Resources/Python.app/Contents/MacOS/Python /Users/hoppworks/projects/rhai-combined-package-proof/.scratch/combined-package-proof/run-followup.py
sampled-group-member	71468	71407	71405	Wed Sep 30 20:16:10 2026	/Users/hoppworks/.rustup/toolchains/stable-aarch64-apple-darwin/bin/cargo test --locked --jobs 2 --features testing-environ,sys,net --test combined_sys_net sys_and_net_packages_coexist_in_one_engine_with_os_readback_and_typed_errors -- --exact --test-threads=1 --nocapture
sampled-group-member	71725	unavailable	unavailable	unavailable	unavailable
sampled-group-member	71737	71468	71405	Wed Sep 30 20:16:17 2026	/Users/hoppworks/.rustup/toolchains/stable-aarch64-apple-darwin/bin/rustc --crate-name serde_core --edition=2021 /var/folders/yk/m4dzf0ss5x9f4j4z3xb2rrv40000gn/T/agent-build-trx9e1hu/cargo-home/registry/src/index.crates.io-1949cf8c6b5b557f/serde_core-1.0.229/src/lib.rs --error-format=json --json=diagnostic-rendered-ansi,artifacts,future-incompat --crate-type lib --emit=dep-info,metadata,link -C embed-bitcode=no --cfg feature="alloc" --cfg feature="result" --cfg feature="std" --check-cfg cfg(docsrs,test) --check-cfg cfg(feature, values("alloc", "default", "rc", "result", "std", "unstable")) -C metadata=224f9f893b4dd116 -C extra-filename=-8d218762678d624e --out-dir /var/folders/yk/m4dzf0ss5x9f4j4z3xb2rrv40000gn/T/agent-build-trx9e1hu/target/debug/deps -C strip=debuginfo -L dependency=/var/folders/yk/m4dzf0ss5x9f4j4z3xb2rrv40000gn/T/agent-build-trx9e1hu/target/debug/deps --cap-lints allow --check-cfg cfg(if_docsrs_then_no_serde_core) --check-cfg cfg(no_core_cstr) --check-cfg cfg(no_core_error) --check-cfg cfg(no_core_net) --check-cfg cfg(no_core_num_saturating) --check-cfg cfg(no_diagnostic_namespace) --check-cfg cfg(no_serde_derive) --check-cfg cfg(no_std_atomic) --check-cfg cfg(no_std_atomic64) --check-cfg cfg(no_target_has_atomic)
sampled-group-member	71739	unavailable	unavailable	unavailable	unavailable
sampled-group-member	71405	71400	71405	Wed Sep 30 20:16:06 2026	/opt/homebrew/Cellar/python@3.14/3.14.7/Frameworks/Python.framework/Versions/3.14/Resources/Python.app/Contents/MacOS/Python /Users/hoppworks/projects/agent-skills/tools/run_scoped.py _supervise 4 python3 /Users/hoppworks/projects/rhai-combined-package-proof/.scratch/combined-package-proof/run-followup.py
sampled-group-member	71407	71405	71405	Wed Sep 30 20:16:06 2026	/Applications/Xcode.app/Contents/Developer/Library/Frameworks/Python3.framework/Versions/3.9/Resources/Python.app/Contents/MacOS/Python /Users/hoppworks/projects/rhai-combined-package-proof/.scratch/combined-package-proof/run-followup.py
sampled-group-member	71468	71407	71405	Wed Sep 30 20:16:10 2026	/Users/hoppworks/.rustup/toolchains/stable-aarch64-apple-darwin/bin/cargo test --locked --jobs 2 --features testing-environ,sys,net --test combined_sys_net sys_and_net_packages_coexist_in_one_engine_with_os_readback_and_typed_errors -- --exact --test-threads=1 --nocapture
sampled-group-member	71766	unavailable	unavailable	unavailable	unavailable
sampled-group-member	71774	unavailable	unavailable	unavailable	unavailable
sampled-group-member	71776	unavailable	unavailable	unavailable	unavailable
sampled-group-member	71777	unavailable	unavailable	unavailable	unavailable
sampled-group-member	71778	unavailable	unavailable	unavailable	unavailable
sampled-group-member	71405	71400	71405	Wed Sep 30 20:16:06 2026	/opt/homebrew/Cellar/python@3.14/3.14.7/Frameworks/Python.framework/Versions/3.14/Resources/Python.app/Contents/MacOS/Python /Users/hoppworks/projects/agent-skills/tools/run_scoped.py _supervise 4 python3 /Users/hoppworks/projects/rhai-combined-package-proof/.scratch/combined-package-proof/run-followup.py
sampled-group-member	71407	71405	71405	Wed Sep 30 20:16:06 2026	/Applications/Xcode.app/Contents/Developer/Library/Frameworks/Python3.framework/Versions/3.9/Resources/Python.app/Contents/MacOS/Python /Users/hoppworks/projects/rhai-combined-package-proof/.scratch/combined-package-proof/run-followup.py
sampled-group-member	71468	71407	71405	Wed Sep 30 20:16:10 2026	/Users/hoppworks/.rustup/toolchains/stable-aarch64-apple-darwin/bin/cargo test --locked --jobs 2 --features testing-environ,sys,net --test combined_sys_net sys_and_net_packages_coexist_in_one_engine_with_os_readback_and_typed_errors -- --exact --test-threads=1 --nocapture
sampled-group-member	71782	71468	71405	Wed Sep 30 20:16:19 2026	/Users/hoppworks/.rustup/toolchains/stable-aarch64-apple-darwin/bin/rustc --crate-name rhai --edition=2021 src/lib.rs --error-format=json --json=diagnostic-rendered-ansi,artifacts,future-incompat --crate-type lib --emit=dep-info,metadata,link -C embed-bitcode=no --cfg feature="default" --cfg feature="net" --cfg feature="std" --cfg feature="sys" --cfg feature="testing-environ" --check-cfg cfg(docsrs,test) --check-cfg cfg(feature, values("arbitrary", "bin-features", "core-error", "debugging", "decimal", "default", "document-features", "f32_float", "fuzz", "getrandom", "grain", "hashbrown", "internals", "libm", "metadata", "net", "no-std-compat", "no_ast", "no_closure", "no_custom_syntax", "no_float", "no_function", "no_index", "no_module", "no_object", "no_optimize", "no_position", "no_std", "no_time", "only_i32", "only_i64", "rust_decimal", "rustyline", "serde", "serde_json", "std", "sync", "sys", "testing-environ", "unchecked", "unicode-xid", "unicode-xid-ident", "unstable", "wasm-bindgen")) -C metadata=d0b757481b604160 -C extra-filename=-b2f5c376910ce4c8 --out-dir /var/folders/yk/m4dzf0ss5x9f4j4z3xb2rrv40000gn/T/agent-build-trx9e1hu/target/debug/deps -C strip=debuginfo -L dependency=/var/folders/yk/m4dzf0ss5x9f4j4z3xb2rrv40000gn/T/agent-build-trx9e1hu/target/debug/deps --extern ahash=/var/folders/yk/m4dzf0ss5x9f4j4z3xb2rrv40000gn/T/agent-build-trx9e1hu/target/debug/deps/libahash-40c12fcca98aa9cd.rmeta --extern bitflags=/var/folders/yk/m4dzf0ss5x9f4j4z3xb2rrv40000gn/T/agent-build-trx9e1hu/target/debug/deps/libbitflags-52e14e12b5db0950.rmeta --extern cap_std=/var/folders/yk/m4dzf0ss5x9f4j4z3xb2rrv40000gn/T/agent-build-trx9e1hu/target/debug/deps/libcap_std-1ead2766af10b9f0.rmeta --extern num_traits=/var/folders/yk/m4dzf0ss5x9f4j4z3xb2rrv40000gn/T/agent-build-trx9e1hu/target/debug/deps/libnum_traits-b34f54e69976fadc.rmeta --extern once_cell=/var/folders/yk/m4dzf0ss5x9f4j4z3xb2rrv40000gn/T/agent-build-trx9e1hu/target/debug/deps/libonce_cell-99e63d5066f9fe0e.rmeta --extern rhai_codegen=/var/folders/yk/m4dzf0ss5x9f4j4z3xb2rrv40000gn/T/agent-build-trx9e1hu/target/debug/deps/librhai_codegen-03860fa4714a6c34.dylib --extern smallvec=/var/folders/yk/m4dzf0ss5x9f4j4z3xb2rrv40000gn/T/agent-build-trx9e1hu/target/debug/deps/libsmallvec-e8e356ea36f4c204.rmeta --extern smartstring=/var/folders/yk/m4dzf0ss5x9f4j4z3xb2rrv40000gn/T/agent-build-trx9e1hu/target/debug/deps/libsmartstring-77f3d5edf39067d6.rmeta --extern thin_vec=/var/folders/yk/m4dzf0ss5x9f4j4z3xb2rrv40000gn/T/agent-build-trx9e1hu/target/debug/deps/libthin_vec-8fe7249887313f75.rmeta
sampled-group-member	71797	unavailable	unavailable	unavailable	unavailable
sampled-group-member	71798	unavailable	unavailable	unavailable	unavailable
sampled-group-member	71405	71400	71405	Wed Sep 30 20:16:06 2026	/opt/homebrew/Cellar/python@3.14/3.14.7/Frameworks/Python.framework/Versions/3.14/Resources/Python.app/Contents/MacOS/Python /Users/hoppworks/projects/agent-skills/tools/run_scoped.py _supervise 4 python3 /Users/hoppworks/projects/rhai-combined-package-proof/.scratch/combined-package-proof/run-followup.py
sampled-group-member	71407	71405	71405	Wed Sep 30 20:16:06 2026	/Applications/Xcode.app/Contents/Developer/Library/Frameworks/Python3.framework/Versions/3.9/Resources/Python.app/Contents/MacOS/Python /Users/hoppworks/projects/rhai-combined-package-proof/.scratch/combined-package-proof/run-followup.py
sampled-group-member	71468	71407	71405	Wed Sep 30 20:16:10 2026	/Users/hoppworks/.rustup/toolchains/stable-aarch64-apple-darwin/bin/cargo test --locked --jobs 2 --features testing-environ,sys,net --test combined_sys_net sys_and_net_packages_coexist_in_one_engine_with_os_readback_and_typed_errors -- --exact --test-threads=1 --nocapture
sampled-group-member	71782	71468	71405	Wed Sep 30 20:16:19 2026	/Users/hoppworks/.rustup/toolchains/stable-aarch64-apple-darwin/bin/rustc --crate-name rhai --edition=2021 src/lib.rs --error-format=json --json=diagnostic-rendered-ansi,artifacts,future-incompat --crate-type lib --emit=dep-info,metadata,link -C embed-bitcode=no --cfg feature="default" --cfg feature="net" --cfg feature="std" --cfg feature="sys" --cfg feature="testing-environ" --check-cfg cfg(docsrs,test) --check-cfg cfg(feature, values("arbitrary", "bin-features", "core-error", "debugging", "decimal", "default", "document-features", "f32_float", "fuzz", "getrandom", "grain", "hashbrown", "internals", "libm", "metadata", "net", "no-std-compat", "no_ast", "no_closure", "no_custom_syntax", "no_float", "no_function", "no_index", "no_module", "no_object", "no_optimize", "no_position", "no_std", "no_time", "only_i32", "only_i64", "rust_decimal", "rustyline", "serde", "serde_json", "std", "sync", "sys", "testing-environ", "unchecked", "unicode-xid", "unicode-xid-ident", "unstable", "wasm-bindgen")) -C metadata=d0b757481b604160 -C extra-filename=-b2f5c376910ce4c8 --out-dir /var/folders/yk/m4dzf0ss5x9f4j4z3xb2rrv40000gn/T/agent-build-trx9e1hu/target/debug/deps -C strip=debuginfo -L dependency=/var/folders/yk/m4dzf0ss5x9f4j4z3xb2rrv40000gn/T/agent-build-trx9e1hu/target/debug/deps --extern ahash=/var/folders/yk/m4dzf0ss5x9f4j4z3xb2rrv40000gn/T/agent-build-trx9e1hu/target/debug/deps/libahash-40c12fcca98aa9cd.rmeta --extern bitflags=/var/folders/yk/m4dzf0ss5x9f4j4z3xb2rrv40000gn/T/agent-build-trx9e1hu/target/debug/deps/libbitflags-52e14e12b5db0950.rmeta --extern cap_std=/var/folders/yk/m4dzf0ss5x9f4j4z3xb2rrv40000gn/T/agent-build-trx9e1hu/target/debug/deps/libcap_std-1ead2766af10b9f0.rmeta --extern num_traits=/var/folders/yk/m4dzf0ss5x9f4j4z3xb2rrv40000gn/T/agent-build-trx9e1hu/target/debug/deps/libnum_traits-b34f54e69976fadc.rmeta --extern once_cell=/var/folders/yk/m4dzf0ss5x9f4j4z3xb2rrv40000gn/T/agent-build-trx9e1hu/target/debug/deps/libonce_cell-99e63d5066f9fe0e.rmeta --extern rhai_codegen=/var/folders/yk/m4dzf0ss5x9f4j4z3xb2rrv40000gn/T/agent-build-trx9e1hu/target/debug/deps/librhai_codegen-03860fa4714a6c34.dylib --extern smallvec=/var/folders/yk/m4dzf0ss5x9f4j4z3xb2rrv40000gn/T/agent-build-trx9e1hu/target/debug/deps/libsmallvec-e8e356ea36f4c204.rmeta --extern smartstring=/var/folders/yk/m4dzf0ss5x9f4j4z3xb2rrv40000gn/T/agent-build-trx9e1hu/target/debug/deps/libsmartstring-77f3d5edf39067d6.rmeta --extern thin_vec=/var/folders/yk/m4dzf0ss5x9f4j4z3xb2rrv40000gn/T/agent-build-trx9e1hu/target/debug/deps/libthin_vec-8fe7249887313f75.rmeta
sampled-group-member	71807	unavailable	unavailable	unavailable	unavailable
sampled-group-member	71405	71400	71405	Wed Sep 30 20:16:06 2026	/opt/homebrew/Cellar/python@3.14/3.14.7/Frameworks/Python.framework/Versions/3.14/Resources/Python.app/Contents/MacOS/Python /Users/hoppworks/projects/agent-skills/tools/run_scoped.py _supervise 4 python3 /Users/hoppworks/projects/rhai-combined-package-proof/.scratch/combined-package-proof/run-followup.py
sampled-group-member	71407	71405	71405	Wed Sep 30 20:16:06 2026	/Applications/Xcode.app/Contents/Developer/Library/Frameworks/Python3.framework/Versions/3.9/Resources/Python.app/Contents/MacOS/Python /Users/hoppworks/projects/rhai-combined-package-proof/.scratch/combined-package-proof/run-followup.py
sampled-group-member	71468	71407	71405	Wed Sep 30 20:16:10 2026	/Users/hoppworks/.rustup/toolchains/stable-aarch64-apple-darwin/bin/cargo test --locked --jobs 2 --features testing-environ,sys,net --test combined_sys_net sys_and_net_packages_coexist_in_one_engine_with_os_readback_and_typed_errors -- --exact --test-threads=1 --nocapture
sampled-group-member	71782	71468	71405	Wed Sep 30 20:16:19 2026	/Users/hoppworks/.rustup/toolchains/stable-aarch64-apple-darwin/bin/rustc --crate-name rhai --edition=2021 src/lib.rs --error-format=json --json=diagnostic-rendered-ansi,artifacts,future-incompat --crate-type lib --emit=dep-info,metadata,link -C embed-bitcode=no --cfg feature="default" --cfg feature="net" --cfg feature="std" --cfg feature="sys" --cfg feature="testing-environ" --check-cfg cfg(docsrs,test) --check-cfg cfg(feature, values("arbitrary", "bin-features", "core-error", "debugging", "decimal", "default", "document-features", "f32_float", "fuzz", "getrandom", "grain", "hashbrown", "internals", "libm", "metadata", "net", "no-std-compat", "no_ast", "no_closure", "no_custom_syntax", "no_float", "no_function", "no_index", "no_module", "no_object", "no_optimize", "no_position", "no_std", "no_time", "only_i32", "only_i64", "rust_decimal", "rustyline", "serde", "serde_json", "std", "sync", "sys", "testing-environ", "unchecked", "unicode-xid", "unicode-xid-ident", "unstable", "wasm-bindgen")) -C metadata=d0b757481b604160 -C extra-filename=-b2f5c376910ce4c8 --out-dir /var/folders/yk/m4dzf0ss5x9f4j4z3xb2rrv40000gn/T/agent-build-trx9e1hu/target/debug/deps -C strip=debuginfo -L dependency=/var/folders/yk/m4dzf0ss5x9f4j4z3xb2rrv40000gn/T/agent-build-trx9e1hu/target/debug/deps --extern ahash=/var/folders/yk/m4dzf0ss5x9f4j4z3xb2rrv40000gn/T/agent-build-trx9e1hu/target/debug/deps/libahash-40c12fcca98aa9cd.rmeta --extern bitflags=/var/folders/yk/m4dzf0ss5x9f4j4z3xb2rrv40000gn/T/agent-build-trx9e1hu/target/debug/deps/libbitflags-52e14e12b5db0950.rmeta --extern cap_std=/var/folders/yk/m4dzf0ss5x9f4j4z3xb2rrv40000gn/T/agent-build-trx9e1hu/target/debug/deps/libcap_std-1ead2766af10b9f0.rmeta --extern num_traits=/var/folders/yk/m4dzf0ss5x9f4j4z3xb2rrv40000gn/T/agent-build-trx9e1hu/target/debug/deps/libnum_traits-b34f54e69976fadc.rmeta --extern once_cell=/var/folders/yk/m4dzf0ss5x9f4j4z3xb2rrv40000gn/T/agent-build-trx9e1hu/target/debug/deps/libonce_cell-99e63d5066f9fe0e.rmeta --extern rhai_codegen=/var/folders/yk/m4dzf0ss5x9f4j4z3xb2rrv40000gn/T/agent-build-trx9e1hu/target/debug/deps/librhai_codegen-03860fa4714a6c34.dylib --extern smallvec=/var/folders/yk/m4dzf0ss5x9f4j4z3xb2rrv40000gn/T/agent-build-trx9e1hu/target/debug/deps/libsmallvec-e8e356ea36f4c204.rmeta --extern smartstring=/var/folders/yk/m4dzf0ss5x9f4j4z3xb2rrv40000gn/T/agent-build-trx9e1hu/target/debug/deps/libsmartstring-77f3d5edf39067d6.rmeta --extern thin_vec=/var/folders/yk/m4dzf0ss5x9f4j4z3xb2rrv40000gn/T/agent-build-trx9e1hu/target/debug/deps/libthin_vec-8fe7249887313f75.rmeta
sampled-group-member	71814	unavailable	unavailable	unavailable	unavailable
sampled-group-member	71405	71400	71405	Wed Sep 30 20:16:06 2026	/opt/homebrew/Cellar/python@3.14/3.14.7/Frameworks/Python.framework/Versions/3.14/Resources/Python.app/Contents/MacOS/Python /Users/hoppworks/projects/agent-skills/tools/run_scoped.py _supervise 4 python3 /Users/hoppworks/projects/rhai-combined-package-proof/.scratch/combined-package-proof/run-followup.py
sampled-group-member	71407	71405	71405	Wed Sep 30 20:16:06 2026	/Applications/Xcode.app/Contents/Developer/Library/Frameworks/Python3.framework/Versions/3.9/Resources/Python.app/Contents/MacOS/Python /Users/hoppworks/projects/rhai-combined-package-proof/.scratch/combined-package-proof/run-followup.py
sampled-group-member	71468	71407	71405	Wed Sep 30 20:16:10 2026	/Users/hoppworks/.rustup/toolchains/stable-aarch64-apple-darwin/bin/cargo test --locked --jobs 2 --features testing-environ,sys,net --test combined_sys_net sys_and_net_packages_coexist_in_one_engine_with_os_readback_and_typed_errors -- --exact --test-threads=1 --nocapture
sampled-group-member	71822	71468	71405	Wed Sep 30 20:16:24 2026	(rustc)
sampled-group-member	71823	71468	71405	Wed Sep 30 20:16:24 2026	/Users/hoppworks/.rustup/toolchains/stable-aarch64-apple-darwin/bin/rustc --crate-name combined_sys_net --edition=2021 tests/combined_sys_net.rs --error-format=json --json=diagnostic-rendered-ansi,artifacts,future-incompat --emit=dep-info,link -C embed-bitcode=no --test --cfg feature="default" --cfg feature="net" --cfg feature="std" --cfg feature="sys" --cfg feature="testing-environ" --check-cfg cfg(docsrs,test) --check-cfg cfg(feature, values("arbitrary", "bin-features", "core-error", "debugging", "decimal", "default", "document-features", "f32_float", "fuzz", "getrandom", "grain", "hashbrown", "internals", "libm", "metadata", "net", "no-std-compat", "no_ast", "no_closure", "no_custom_syntax", "no_float", "no_function", "no_index", "no_module", "no_object", "no_optimize", "no_position", "no_std", "no_time", "only_i32", "only_i64", "rust_decimal", "rustyline", "serde", "serde_json", "std", "sync", "sys", "testing-environ", "unchecked", "unicode-xid", "unicode-xid-ident", "unstable", "wasm-bindgen")) -C metadata=08e28b0d3c16eaf6 -C extra-filename=-a78e496d8d55bedd --out-dir /var/folders/yk/m4dzf0ss5x9f4j4z3xb2rrv40000gn/T/agent-build-trx9e1hu/target/debug/deps -C strip=debuginfo -L dependency=/var/folders/yk/m4dzf0ss5x9f4j4z3xb2rrv40000gn/T/agent-build-trx9e1hu/target/debug/deps --extern ahash=/var/folders/yk/m4dzf0ss5x9f4j4z3xb2rrv40000gn/T/agent-build-trx9e1hu/target/debug/deps/libahash-40c12fcca98aa9cd.rlib --extern bitflags=/var/folders/yk/m4dzf0ss5x9f4j4z3xb2rrv40000gn/T/agent-build-trx9e1hu/target/debug/deps/libbitflags-52e14e12b5db0950.rlib --extern cap_std=/var/folders/yk/m4dzf0ss5x9f4j4z3xb2rrv40000gn/T/agent-build-trx9e1hu/target/debug/deps/libcap_std-1ead2766af10b9f0.rlib --extern num_traits=/var/folders/yk/m4dzf0ss5x9f4j4z3xb2rrv40000gn/T/agent-build-trx9e1hu/target/debug/deps/libnum_traits-b34f54e69976fadc.rlib --extern once_cell=/var/folders/yk/m4dzf0ss5x9f4j4z3xb2rrv40000gn/T/agent-build-trx9e1hu/target/debug/deps/libonce_cell-99e63d5066f9fe0e.rlib --extern rhai=/var/folders/yk/m4dzf0ss5x9f4j4z3xb2rrv40000gn/T/agent-build-trx9e1hu/target/debug/deps/librhai-b2f5c376910ce4c8.rlib --extern rhai_codegen=/var/folders/yk/m4dzf0ss5x9f4j4z3xb2rrv40000gn/T/agent-build-trx9e1hu/target/debug/deps/librhai_codegen-03860fa4714a6c34.dylib --extern rmp_serde=/var/folders/yk/m4dzf0ss5x9f4j4z3xb2rrv40000gn/T/agent-build-trx9e1hu/target/debug/deps/librmp_serde-960c924ae39cce9f.rlib --extern serde_json=/var/folders/yk/m4dzf0ss5x9f4j4z3xb2rrv40000gn/T/agent-build-trx9e1hu/target/debug/deps/libserde_json-9e660fbf3c68f439.rlib --extern smallvec=/var/folders/yk/m4dzf0ss5x9f4j4z3xb2rrv40000gn/T/agent-build-trx9e1hu/target/debug/deps/libsmallvec-e8e356ea36f4c204.rlib --extern smartstring=/var/folders/yk/m4dzf0ss5x9f4j4z3xb2rrv40000gn/T/agent-build-trx9e1hu/target/debug/deps/libsmartstring-77f3d5edf39067d6.rlib --extern thin_vec=/var/folders/yk/m4dzf0ss5x9f4j4z3xb2rrv40000gn/T/agent-build-trx9e1hu/target/debug/deps/libthin_vec-8fe7249887313f75.rlib
sampled-group-member	71825	unavailable	unavailable	unavailable	unavailable
restored-baseline	71843	71407	71405	Wed Sep 30 20:16:24 2026	/Users/hoppworks/.rustup/toolchains/stable-aarch64-apple-darwin/bin/cargo test --locked --jobs 2 --features testing-environ,sys,net --test combined_sys_net -- --test-threads=1 --nocapture
combined-sync	71848	71407	71405	Wed Sep 30 20:16:24 2026	/Users/hoppworks/.rustup/toolchains/stable-aarch64-apple-darwin/bin/cargo test --locked --jobs 2 --features testing-environ,sys,net,sync --test combined_sys_net -- --test-threads=1 --nocapture
sampled-group-member	71405	71400	71405	Wed Sep 30 20:16:06 2026	/opt/homebrew/Cellar/python@3.14/3.14.7/Frameworks/Python.framework/Versions/3.14/Resources/Python.app/Contents/MacOS/Python /Users/hoppworks/projects/agent-skills/tools/run_scoped.py _supervise 4 python3 /Users/hoppworks/projects/rhai-combined-package-proof/.scratch/combined-package-proof/run-followup.py
sampled-group-member	71407	71405	71405	Wed Sep 30 20:16:06 2026	/Applications/Xcode.app/Contents/Developer/Library/Frameworks/Python3.framework/Versions/3.9/Resources/Python.app/Contents/MacOS/Python /Users/hoppworks/projects/rhai-combined-package-proof/.scratch/combined-package-proof/run-followup.py
sampled-group-member	71848	71407	71405	Wed Sep 30 20:16:24 2026	/Users/hoppworks/.rustup/toolchains/stable-aarch64-apple-darwin/bin/cargo test --locked --jobs 2 --features testing-environ,sys,net,sync --test combined_sys_net -- --test-threads=1 --nocapture
sampled-group-member	71852	unavailable	unavailable	unavailable	unavailable
sampled-group-member	71861	unavailable	unavailable	unavailable	unavailable
sampled-group-member	71405	71400	71405	Wed Sep 30 20:16:06 2026	/opt/homebrew/Cellar/python@3.14/3.14.7/Frameworks/Python.framework/Versions/3.14/Resources/Python.app/Contents/MacOS/Python /Users/hoppworks/projects/agent-skills/tools/run_scoped.py _supervise 4 python3 /Users/hoppworks/projects/rhai-combined-package-proof/.scratch/combined-package-proof/run-followup.py
sampled-group-member	71407	71405	71405	Wed Sep 30 20:16:06 2026	/Applications/Xcode.app/Contents/Developer/Library/Frameworks/Python3.framework/Versions/3.9/Resources/Python.app/Contents/MacOS/Python /Users/hoppworks/projects/rhai-combined-package-proof/.scratch/combined-package-proof/run-followup.py
sampled-group-member	71848	71407	71405	Wed Sep 30 20:16:24 2026	/Users/hoppworks/.rustup/toolchains/stable-aarch64-apple-darwin/bin/cargo test --locked --jobs 2 --features testing-environ,sys,net,sync --test combined_sys_net -- --test-threads=1 --nocapture
sampled-group-member	71863	71848	71405	Wed Sep 30 20:16:25 2026	/Users/hoppworks/.rustup/toolchains/stable-aarch64-apple-darwin/bin/rustc --crate-name rhai --edition=2021 src/lib.rs --error-format=json --json=diagnostic-rendered-ansi,artifacts,future-incompat --crate-type lib --emit=dep-info,metadata,link -C embed-bitcode=no --cfg feature="default" --cfg feature="net" --cfg feature="std" --cfg feature="sync" --cfg feature="sys" --cfg feature="testing-environ" --check-cfg cfg(docsrs,test) --check-cfg cfg(feature, values("arbitrary", "bin-features", "core-error", "debugging", "decimal", "default", "document-features", "f32_float", "fuzz", "getrandom", "grain", "hashbrown", "internals", "libm", "metadata", "net", "no-std-compat", "no_ast", "no_closure", "no_custom_syntax", "no_float", "no_function", "no_index", "no_module", "no_object", "no_optimize", "no_position", "no_std", "no_time", "only_i32", "only_i64", "rust_decimal", "rustyline", "serde", "serde_json", "std", "sync", "sys", "testing-environ", "unchecked", "unicode-xid", "unicode-xid-ident", "unstable", "wasm-bindgen")) -C metadata=f3d9e390ea3a808e -C extra-filename=-ebfaeaea4c016bfa --out-dir /var/folders/yk/m4dzf0ss5x9f4j4z3xb2rrv40000gn/T/agent-build-trx9e1hu/target/debug/deps -C strip=debuginfo -L dependency=/var/folders/yk/m4dzf0ss5x9f4j4z3xb2rrv40000gn/T/agent-build-trx9e1hu/target/debug/deps --extern ahash=/var/folders/yk/m4dzf0ss5x9f4j4z3xb2rrv40000gn/T/agent-build-trx9e1hu/target/debug/deps/libahash-40c12fcca98aa9cd.rmeta --extern bitflags=/var/folders/yk/m4dzf0ss5x9f4j4z3xb2rrv40000gn/T/agent-build-trx9e1hu/target/debug/deps/libbitflags-52e14e12b5db0950.rmeta --extern cap_std=/var/folders/yk/m4dzf0ss5x9f4j4z3xb2rrv40000gn/T/agent-build-trx9e1hu/target/debug/deps/libcap_std-1ead2766af10b9f0.rmeta --extern num_traits=/var/folders/yk/m4dzf0ss5x9f4j4z3xb2rrv40000gn/T/agent-build-trx9e1hu/target/debug/deps/libnum_traits-b34f54e69976fadc.rmeta --extern once_cell=/var/folders/yk/m4dzf0ss5x9f4j4z3xb2rrv40000gn/T/agent-build-trx9e1hu/target/debug/deps/libonce_cell-99e63d5066f9fe0e.rmeta --extern rhai_codegen=/var/folders/yk/m4dzf0ss5x9f4j4z3xb2rrv40000gn/T/agent-build-trx9e1hu/target/debug/deps/librhai_codegen-1fcf864e638350bc.dylib --extern smallvec=/var/folders/yk/m4dzf0ss5x9f4j4z3xb2rrv40000gn/T/agent-build-trx9e1hu/target/debug/deps/libsmallvec-e8e356ea36f4c204.rmeta --extern smartstring=/var/folders/yk/m4dzf0ss5x9f4j4z3xb2rrv40000gn/T/agent-build-trx9e1hu/target/debug/deps/libsmartstring-77f3d5edf39067d6.rmeta --extern thin_vec=/var/folders/yk/m4dzf0ss5x9f4j4z3xb2rrv40000gn/T/agent-build-trx9e1hu/target/debug/deps/libthin_vec-8fe7249887313f75.rmeta
sampled-group-member	71870	unavailable	unavailable	unavailable	unavailable
sampled-group-member	71405	71400	71405	Wed Sep 30 20:16:06 2026	/opt/homebrew/Cellar/python@3.14/3.14.7/Frameworks/Python.framework/Versions/3.14/Resources/Python.app/Contents/MacOS/Python /Users/hoppworks/projects/agent-skills/tools/run_scoped.py _supervise 4 python3 /Users/hoppworks/projects/rhai-combined-package-proof/.scratch/combined-package-proof/run-followup.py
sampled-group-member	71407	71405	71405	Wed Sep 30 20:16:06 2026	/Applications/Xcode.app/Contents/Developer/Library/Frameworks/Python3.framework/Versions/3.9/Resources/Python.app/Contents/MacOS/Python /Users/hoppworks/projects/rhai-combined-package-proof/.scratch/combined-package-proof/run-followup.py
sampled-group-member	71848	71407	71405	Wed Sep 30 20:16:24 2026	/Users/hoppworks/.rustup/toolchains/stable-aarch64-apple-darwin/bin/cargo test --locked --jobs 2 --features testing-environ,sys,net,sync --test combined_sys_net -- --test-threads=1 --nocapture
sampled-group-member	71863	71848	71405	Wed Sep 30 20:16:25 2026	/Users/hoppworks/.rustup/toolchains/stable-aarch64-apple-darwin/bin/rustc --crate-name rhai --edition=2021 src/lib.rs --error-format=json --json=diagnostic-rendered-ansi,artifacts,future-incompat --crate-type lib --emit=dep-info,metadata,link -C embed-bitcode=no --cfg feature="default" --cfg feature="net" --cfg feature="std" --cfg feature="sync" --cfg feature="sys" --cfg feature="testing-environ" --check-cfg cfg(docsrs,test) --check-cfg cfg(feature, values("arbitrary", "bin-features", "core-error", "debugging", "decimal", "default", "document-features", "f32_float", "fuzz", "getrandom", "grain", "hashbrown", "internals", "libm", "metadata", "net", "no-std-compat", "no_ast", "no_closure", "no_custom_syntax", "no_float", "no_function", "no_index", "no_module", "no_object", "no_optimize", "no_position", "no_std", "no_time", "only_i32", "only_i64", "rust_decimal", "rustyline", "serde", "serde_json", "std", "sync", "sys", "testing-environ", "unchecked", "unicode-xid", "unicode-xid-ident", "unstable", "wasm-bindgen")) -C metadata=f3d9e390ea3a808e -C extra-filename=-ebfaeaea4c016bfa --out-dir /var/folders/yk/m4dzf0ss5x9f4j4z3xb2rrv40000gn/T/agent-build-trx9e1hu/target/debug/deps -C strip=debuginfo -L dependency=/var/folders/yk/m4dzf0ss5x9f4j4z3xb2rrv40000gn/T/agent-build-trx9e1hu/target/debug/deps --extern ahash=/var/folders/yk/m4dzf0ss5x9f4j4z3xb2rrv40000gn/T/agent-build-trx9e1hu/target/debug/deps/libahash-40c12fcca98aa9cd.rmeta --extern bitflags=/var/folders/yk/m4dzf0ss5x9f4j4z3xb2rrv40000gn/T/agent-build-trx9e1hu/target/debug/deps/libbitflags-52e14e12b5db0950.rmeta --extern cap_std=/var/folders/yk/m4dzf0ss5x9f4j4z3xb2rrv40000gn/T/agent-build-trx9e1hu/target/debug/deps/libcap_std-1ead2766af10b9f0.rmeta --extern num_traits=/var/folders/yk/m4dzf0ss5x9f4j4z3xb2rrv40000gn/T/agent-build-trx9e1hu/target/debug/deps/libnum_traits-b34f54e69976fadc.rmeta --extern once_cell=/var/folders/yk/m4dzf0ss5x9f4j4z3xb2rrv40000gn/T/agent-build-trx9e1hu/target/debug/deps/libonce_cell-99e63d5066f9fe0e.rmeta --extern rhai_codegen=/var/folders/yk/m4dzf0ss5x9f4j4z3xb2rrv40000gn/T/agent-build-trx9e1hu/target/debug/deps/librhai_codegen-1fcf864e638350bc.dylib --extern smallvec=/var/folders/yk/m4dzf0ss5x9f4j4z3xb2rrv40000gn/T/agent-build-trx9e1hu/target/debug/deps/libsmallvec-e8e356ea36f4c204.rmeta --extern smartstring=/var/folders/yk/m4dzf0ss5x9f4j4z3xb2rrv40000gn/T/agent-build-trx9e1hu/target/debug/deps/libsmartstring-77f3d5edf39067d6.rmeta --extern thin_vec=/var/folders/yk/m4dzf0ss5x9f4j4z3xb2rrv40000gn/T/agent-build-trx9e1hu/target/debug/deps/libthin_vec-8fe7249887313f75.rmeta
sampled-group-member	71883	unavailable	unavailable	unavailable	unavailable
sampled-group-member	71405	71400	71405	Wed Sep 30 20:16:06 2026	/opt/homebrew/Cellar/python@3.14/3.14.7/Frameworks/Python.framework/Versions/3.14/Resources/Python.app/Contents/MacOS/Python /Users/hoppworks/projects/agent-skills/tools/run_scoped.py _supervise 4 python3 /Users/hoppworks/projects/rhai-combined-package-proof/.scratch/combined-package-proof/run-followup.py
sampled-group-member	71407	71405	71405	Wed Sep 30 20:16:06 2026	/Applications/Xcode.app/Contents/Developer/Library/Frameworks/Python3.framework/Versions/3.9/Resources/Python.app/Contents/MacOS/Python /Users/hoppworks/projects/rhai-combined-package-proof/.scratch/combined-package-proof/run-followup.py
sampled-group-member	71848	71407	71405	Wed Sep 30 20:16:24 2026	/Users/hoppworks/.rustup/toolchains/stable-aarch64-apple-darwin/bin/cargo test --locked --jobs 2 --features testing-environ,sys,net,sync --test combined_sys_net -- --test-threads=1 --nocapture
sampled-group-member	71863	71848	71405	Wed Sep 30 20:16:25 2026	/Users/hoppworks/.rustup/toolchains/stable-aarch64-apple-darwin/bin/rustc --crate-name rhai --edition=2021 src/lib.rs --error-format=json --json=diagnostic-rendered-ansi,artifacts,future-incompat --crate-type lib --emit=dep-info,metadata,link -C embed-bitcode=no --cfg feature="default" --cfg feature="net" --cfg feature="std" --cfg feature="sync" --cfg feature="sys" --cfg feature="testing-environ" --check-cfg cfg(docsrs,test) --check-cfg cfg(feature, values("arbitrary", "bin-features", "core-error", "debugging", "decimal", "default", "document-features", "f32_float", "fuzz", "getrandom", "grain", "hashbrown", "internals", "libm", "metadata", "net", "no-std-compat", "no_ast", "no_closure", "no_custom_syntax", "no_float", "no_function", "no_index", "no_module", "no_object", "no_optimize", "no_position", "no_std", "no_time", "only_i32", "only_i64", "rust_decimal", "rustyline", "serde", "serde_json", "std", "sync", "sys", "testing-environ", "unchecked", "unicode-xid", "unicode-xid-ident", "unstable", "wasm-bindgen")) -C metadata=f3d9e390ea3a808e -C extra-filename=-ebfaeaea4c016bfa --out-dir /var/folders/yk/m4dzf0ss5x9f4j4z3xb2rrv40000gn/T/agent-build-trx9e1hu/target/debug/deps -C strip=debuginfo -L dependency=/var/folders/yk/m4dzf0ss5x9f4j4z3xb2rrv40000gn/T/agent-build-trx9e1hu/target/debug/deps --extern ahash=/var/folders/yk/m4dzf0ss5x9f4j4z3xb2rrv40000gn/T/agent-build-trx9e1hu/target/debug/deps/libahash-40c12fcca98aa9cd.rmeta --extern bitflags=/var/folders/yk/m4dzf0ss5x9f4j4z3xb2rrv40000gn/T/agent-build-trx9e1hu/target/debug/deps/libbitflags-52e14e12b5db0950.rmeta --extern cap_std=/var/folders/yk/m4dzf0ss5x9f4j4z3xb2rrv40000gn/T/agent-build-trx9e1hu/target/debug/deps/libcap_std-1ead2766af10b9f0.rmeta --extern num_traits=/var/folders/yk/m4dzf0ss5x9f4j4z3xb2rrv40000gn/T/agent-build-trx9e1hu/target/debug/deps/libnum_traits-b34f54e69976fadc.rmeta --extern once_cell=/var/folders/yk/m4dzf0ss5x9f4j4z3xb2rrv40000gn/T/agent-build-trx9e1hu/target/debug/deps/libonce_cell-99e63d5066f9fe0e.rmeta --extern rhai_codegen=/var/folders/yk/m4dzf0ss5x9f4j4z3xb2rrv40000gn/T/agent-build-trx9e1hu/target/debug/deps/librhai_codegen-1fcf864e638350bc.dylib --extern smallvec=/var/folders/yk/m4dzf0ss5x9f4j4z3xb2rrv40000gn/T/agent-build-trx9e1hu/target/debug/deps/libsmallvec-e8e356ea36f4c204.rmeta --extern smartstring=/var/folders/yk/m4dzf0ss5x9f4j4z3xb2rrv40000gn/T/agent-build-trx9e1hu/target/debug/deps/libsmartstring-77f3d5edf39067d6.rmeta --extern thin_vec=/var/folders/yk/m4dzf0ss5x9f4j4z3xb2rrv40000gn/T/agent-build-trx9e1hu/target/debug/deps/libthin_vec-8fe7249887313f75.rmeta
sampled-group-member	71890	unavailable	unavailable	unavailable	unavailable
sampled-group-member	71405	71400	71405	Wed Sep 30 20:16:06 2026	/opt/homebrew/Cellar/python@3.14/3.14.7/Frameworks/Python.framework/Versions/3.14/Resources/Python.app/Contents/MacOS/Python /Users/hoppworks/projects/agent-skills/tools/run_scoped.py _supervise 4 python3 /Users/hoppworks/projects/rhai-combined-package-proof/.scratch/combined-package-proof/run-followup.py
sampled-group-member	71407	71405	71405	Wed Sep 30 20:16:06 2026	/Applications/Xcode.app/Contents/Developer/Library/Frameworks/Python3.framework/Versions/3.9/Resources/Python.app/Contents/MacOS/Python /Users/hoppworks/projects/rhai-combined-package-proof/.scratch/combined-package-proof/run-followup.py
sampled-group-member	71848	71407	71405	Wed Sep 30 20:16:24 2026	/Users/hoppworks/.rustup/toolchains/stable-aarch64-apple-darwin/bin/cargo test --locked --jobs 2 --features testing-environ,sys,net,sync --test combined_sys_net -- --test-threads=1 --nocapture
sampled-group-member	71863	71848	71405	Wed Sep 30 20:16:25 2026	/Users/hoppworks/.rustup/toolchains/stable-aarch64-apple-darwin/bin/rustc --crate-name rhai --edition=2021 src/lib.rs --error-format=json --json=diagnostic-rendered-ansi,artifacts,future-incompat --crate-type lib --emit=dep-info,metadata,link -C embed-bitcode=no --cfg feature="default" --cfg feature="net" --cfg feature="std" --cfg feature="sync" --cfg feature="sys" --cfg feature="testing-environ" --check-cfg cfg(docsrs,test) --check-cfg cfg(feature, values("arbitrary", "bin-features", "core-error", "debugging", "decimal", "default", "document-features", "f32_float", "fuzz", "getrandom", "grain", "hashbrown", "internals", "libm", "metadata", "net", "no-std-compat", "no_ast", "no_closure", "no_custom_syntax", "no_float", "no_function", "no_index", "no_module", "no_object", "no_optimize", "no_position", "no_std", "no_time", "only_i32", "only_i64", "rust_decimal", "rustyline", "serde", "serde_json", "std", "sync", "sys", "testing-environ", "unchecked", "unicode-xid", "unicode-xid-ident", "unstable", "wasm-bindgen")) -C metadata=f3d9e390ea3a808e -C extra-filename=-ebfaeaea4c016bfa --out-dir /var/folders/yk/m4dzf0ss5x9f4j4z3xb2rrv40000gn/T/agent-build-trx9e1hu/target/debug/deps -C strip=debuginfo -L dependency=/var/folders/yk/m4dzf0ss5x9f4j4z3xb2rrv40000gn/T/agent-build-trx9e1hu/target/debug/deps --extern ahash=/var/folders/yk/m4dzf0ss5x9f4j4z3xb2rrv40000gn/T/agent-build-trx9e1hu/target/debug/deps/libahash-40c12fcca98aa9cd.rmeta --extern bitflags=/var/folders/yk/m4dzf0ss5x9f4j4z3xb2rrv40000gn/T/agent-build-trx9e1hu/target/debug/deps/libbitflags-52e14e12b5db0950.rmeta --extern cap_std=/var/folders/yk/m4dzf0ss5x9f4j4z3xb2rrv40000gn/T/agent-build-trx9e1hu/target/debug/deps/libcap_std-1ead2766af10b9f0.rmeta --extern num_traits=/var/folders/yk/m4dzf0ss5x9f4j4z3xb2rrv40000gn/T/agent-build-trx9e1hu/target/debug/deps/libnum_traits-b34f54e69976fadc.rmeta --extern once_cell=/var/folders/yk/m4dzf0ss5x9f4j4z3xb2rrv40000gn/T/agent-build-trx9e1hu/target/debug/deps/libonce_cell-99e63d5066f9fe0e.rmeta --extern rhai_codegen=/var/folders/yk/m4dzf0ss5x9f4j4z3xb2rrv40000gn/T/agent-build-trx9e1hu/target/debug/deps/librhai_codegen-1fcf864e638350bc.dylib --extern smallvec=/var/folders/yk/m4dzf0ss5x9f4j4z3xb2rrv40000gn/T/agent-build-trx9e1hu/target/debug/deps/libsmallvec-e8e356ea36f4c204.rmeta --extern smartstring=/var/folders/yk/m4dzf0ss5x9f4j4z3xb2rrv40000gn/T/agent-build-trx9e1hu/target/debug/deps/libsmartstring-77f3d5edf39067d6.rmeta --extern thin_vec=/var/folders/yk/m4dzf0ss5x9f4j4z3xb2rrv40000gn/T/agent-build-trx9e1hu/target/debug/deps/libthin_vec-8fe7249887313f75.rmeta
sampled-group-member	71897	unavailable	unavailable	unavailable	unavailable
combined-no-index	71939	71407	71405	Wed Sep 30 20:16:31 2026	/Users/hoppworks/.rustup/toolchains/stable-aarch64-apple-darwin/bin/cargo test --locked --jobs 2 --features testing-environ,sys,net,no_index --test combined_sys_net -- --test-threads=1 --nocapture
sampled-group-member	71405	71400	71405	Wed Sep 30 20:16:06 2026	/opt/homebrew/Cellar/python@3.14/3.14.7/Frameworks/Python.framework/Versions/3.14/Resources/Python.app/Contents/MacOS/Python /Users/hoppworks/projects/agent-skills/tools/run_scoped.py _supervise 4 python3 /Users/hoppworks/projects/rhai-combined-package-proof/.scratch/combined-package-proof/run-followup.py
sampled-group-member	71407	71405	71405	Wed Sep 30 20:16:06 2026	/Applications/Xcode.app/Contents/Developer/Library/Frameworks/Python3.framework/Versions/3.9/Resources/Python.app/Contents/MacOS/Python /Users/hoppworks/projects/rhai-combined-package-proof/.scratch/combined-package-proof/run-followup.py
sampled-group-member	71939	71407	71405	Wed Sep 30 20:16:31 2026	/Users/hoppworks/.rustup/toolchains/stable-aarch64-apple-darwin/bin/cargo test --locked --jobs 2 --features testing-environ,sys,net,no_index --test combined_sys_net -- --test-threads=1 --nocapture
sampled-group-member	71946	71939	71405	Wed Sep 30 20:16:31 2026	(build-script-bui)
sampled-group-member	71947	unavailable	unavailable	unavailable	unavailable
sampled-group-member	71405	71400	71405	Wed Sep 30 20:16:06 2026	/opt/homebrew/Cellar/python@3.14/3.14.7/Frameworks/Python.framework/Versions/3.14/Resources/Python.app/Contents/MacOS/Python /Users/hoppworks/projects/agent-skills/tools/run_scoped.py _supervise 4 python3 /Users/hoppworks/projects/rhai-combined-package-proof/.scratch/combined-package-proof/run-followup.py
sampled-group-member	71407	71405	71405	Wed Sep 30 20:16:06 2026	/Applications/Xcode.app/Contents/Developer/Library/Frameworks/Python3.framework/Versions/3.9/Resources/Python.app/Contents/MacOS/Python /Users/hoppworks/projects/rhai-combined-package-proof/.scratch/combined-package-proof/run-followup.py
sampled-group-member	71939	71407	71405	Wed Sep 30 20:16:31 2026	/Users/hoppworks/.rustup/toolchains/stable-aarch64-apple-darwin/bin/cargo test --locked --jobs 2 --features testing-environ,sys,net,no_index --test combined_sys_net -- --test-threads=1 --nocapture
sampled-group-member	71955	71939	71405	Wed Sep 30 20:16:32 2026	/Users/hoppworks/.rustup/toolchains/stable-aarch64-apple-darwin/bin/rustc --crate-name rhai --edition=2021 src/lib.rs --error-format=json --json=diagnostic-rendered-ansi,artifacts,future-incompat --crate-type lib --emit=dep-info,metadata,link -C embed-bitcode=no --cfg feature="default" --cfg feature="net" --cfg feature="no_index" --cfg feature="std" --cfg feature="sys" --cfg feature="testing-environ" --check-cfg cfg(docsrs,test) --check-cfg cfg(feature, values("arbitrary", "bin-features", "core-error", "debugging", "decimal", "default", "document-features", "f32_float", "fuzz", "getrandom", "grain", "hashbrown", "internals", "libm", "metadata", "net", "no-std-compat", "no_ast", "no_closure", "no_custom_syntax", "no_float", "no_function", "no_index", "no_module", "no_object", "no_optimize", "no_position", "no_std", "no_time", "only_i32", "only_i64", "rust_decimal", "rustyline", "serde", "serde_json", "std", "sync", "sys", "testing-environ", "unchecked", "unicode-xid", "unicode-xid-ident", "unstable", "wasm-bindgen")) -C metadata=7508255495604687 -C extra-filename=-8dde7ee1521fe543 --out-dir /var/folders/yk/m4dzf0ss5x9f4j4z3xb2rrv40000gn/T/agent-build-trx9e1hu/target/debug/deps -C strip=debuginfo -L dependency=/var/folders/yk/m4dzf0ss5x9f4j4z3xb2rrv40000gn/T/agent-build-trx9e1hu/target/debug/deps --extern ahash=/var/folders/yk/m4dzf0ss5x9f4j4z3xb2rrv40000gn/T/agent-build-trx9e1hu/target/debug/deps/libahash-40c12fcca98aa9cd.rmeta --extern bitflags=/var/folders/yk/m4dzf0ss5x9f4j4z3xb2rrv40000gn/T/agent-build-trx9e1hu/target/debug/deps/libbitflags-52e14e12b5db0950.rmeta --extern cap_std=/var/folders/yk/m4dzf0ss5x9f4j4z3xb2rrv40000gn/T/agent-build-trx9e1hu/target/debug/deps/libcap_std-1ead2766af10b9f0.rmeta --extern num_traits=/var/folders/yk/m4dzf0ss5x9f4j4z3xb2rrv40000gn/T/agent-build-trx9e1hu/target/debug/deps/libnum_traits-b34f54e69976fadc.rmeta --extern once_cell=/var/folders/yk/m4dzf0ss5x9f4j4z3xb2rrv40000gn/T/agent-build-trx9e1hu/target/debug/deps/libonce_cell-99e63d5066f9fe0e.rmeta --extern rhai_codegen=/var/folders/yk/m4dzf0ss5x9f4j4z3xb2rrv40000gn/T/agent-build-trx9e1hu/target/debug/deps/librhai_codegen-03860fa4714a6c34.dylib --extern smallvec=/var/folders/yk/m4dzf0ss5x9f4j4z3xb2rrv40000gn/T/agent-build-trx9e1hu/target/debug/deps/libsmallvec-e8e356ea36f4c204.rmeta --extern smartstring=/var/folders/yk/m4dzf0ss5x9f4j4z3xb2rrv40000gn/T/agent-build-trx9e1hu/target/debug/deps/libsmartstring-77f3d5edf39067d6.rmeta --extern thin_vec=/var/folders/yk/m4dzf0ss5x9f4j4z3xb2rrv40000gn/T/agent-build-trx9e1hu/target/debug/deps/libthin_vec-8fe7249887313f75.rmeta
sampled-group-member	71961	unavailable	unavailable	unavailable	unavailable
sampled-group-member	71405	71400	71405	Wed Sep 30 20:16:06 2026	/opt/homebrew/Cellar/python@3.14/3.14.7/Frameworks/Python.framework/Versions/3.14/Resources/Python.app/Contents/MacOS/Python /Users/hoppworks/projects/agent-skills/tools/run_scoped.py _supervise 4 python3 /Users/hoppworks/projects/rhai-combined-package-proof/.scratch/combined-package-proof/run-followup.py
sampled-group-member	71407	71405	71405	Wed Sep 30 20:16:06 2026	/Applications/Xcode.app/Contents/Developer/Library/Frameworks/Python3.framework/Versions/3.9/Resources/Python.app/Contents/MacOS/Python /Users/hoppworks/projects/rhai-combined-package-proof/.scratch/combined-package-proof/run-followup.py
sampled-group-member	71939	71407	71405	Wed Sep 30 20:16:31 2026	/Users/hoppworks/.rustup/toolchains/stable-aarch64-apple-darwin/bin/cargo test --locked --jobs 2 --features testing-environ,sys,net,no_index --test combined_sys_net -- --test-threads=1 --nocapture
sampled-group-member	71955	71939	71405	Wed Sep 30 20:16:32 2026	/Users/hoppworks/.rustup/toolchains/stable-aarch64-apple-darwin/bin/rustc --crate-name rhai --edition=2021 src/lib.rs --error-format=json --json=diagnostic-rendered-ansi,artifacts,future-incompat --crate-type lib --emit=dep-info,metadata,link -C embed-bitcode=no --cfg feature="default" --cfg feature="net" --cfg feature="no_index" --cfg feature="std" --cfg feature="sys" --cfg feature="testing-environ" --check-cfg cfg(docsrs,test) --check-cfg cfg(feature, values("arbitrary", "bin-features", "core-error", "debugging", "decimal", "default", "document-features", "f32_float", "fuzz", "getrandom", "grain", "hashbrown", "internals", "libm", "metadata", "net", "no-std-compat", "no_ast", "no_closure", "no_custom_syntax", "no_float", "no_function", "no_index", "no_module", "no_object", "no_optimize", "no_position", "no_std", "no_time", "only_i32", "only_i64", "rust_decimal", "rustyline", "serde", "serde_json", "std", "sync", "sys", "testing-environ", "unchecked", "unicode-xid", "unicode-xid-ident", "unstable", "wasm-bindgen")) -C metadata=7508255495604687 -C extra-filename=-8dde7ee1521fe543 --out-dir /var/folders/yk/m4dzf0ss5x9f4j4z3xb2rrv40000gn/T/agent-build-trx9e1hu/target/debug/deps -C strip=debuginfo -L dependency=/var/folders/yk/m4dzf0ss5x9f4j4z3xb2rrv40000gn/T/agent-build-trx9e1hu/target/debug/deps --extern ahash=/var/folders/yk/m4dzf0ss5x9f4j4z3xb2rrv40000gn/T/agent-build-trx9e1hu/target/debug/deps/libahash-40c12fcca98aa9cd.rmeta --extern bitflags=/var/folders/yk/m4dzf0ss5x9f4j4z3xb2rrv40000gn/T/agent-build-trx9e1hu/target/debug/deps/libbitflags-52e14e12b5db0950.rmeta --extern cap_std=/var/folders/yk/m4dzf0ss5x9f4j4z3xb2rrv40000gn/T/agent-build-trx9e1hu/target/debug/deps/libcap_std-1ead2766af10b9f0.rmeta --extern num_traits=/var/folders/yk/m4dzf0ss5x9f4j4z3xb2rrv40000gn/T/agent-build-trx9e1hu/target/debug/deps/libnum_traits-b34f54e69976fadc.rmeta --extern once_cell=/var/folders/yk/m4dzf0ss5x9f4j4z3xb2rrv40000gn/T/agent-build-trx9e1hu/target/debug/deps/libonce_cell-99e63d5066f9fe0e.rmeta --extern rhai_codegen=/var/folders/yk/m4dzf0ss5x9f4j4z3xb2rrv40000gn/T/agent-build-trx9e1hu/target/debug/deps/librhai_codegen-03860fa4714a6c34.dylib --extern smallvec=/var/folders/yk/m4dzf0ss5x9f4j4z3xb2rrv40000gn/T/agent-build-trx9e1hu/target/debug/deps/libsmallvec-e8e356ea36f4c204.rmeta --extern smartstring=/var/folders/yk/m4dzf0ss5x9f4j4z3xb2rrv40000gn/T/agent-build-trx9e1hu/target/debug/deps/libsmartstring-77f3d5edf39067d6.rmeta --extern thin_vec=/var/folders/yk/m4dzf0ss5x9f4j4z3xb2rrv40000gn/T/agent-build-trx9e1hu/target/debug/deps/libthin_vec-8fe7249887313f75.rmeta
sampled-group-member	71968	unavailable	unavailable	unavailable	unavailable
sampled-group-member	71405	71400	71405	Wed Sep 30 20:16:06 2026	/opt/homebrew/Cellar/python@3.14/3.14.7/Frameworks/Python.framework/Versions/3.14/Resources/Python.app/Contents/MacOS/Python /Users/hoppworks/projects/agent-skills/tools/run_scoped.py _supervise 4 python3 /Users/hoppworks/projects/rhai-combined-package-proof/.scratch/combined-package-proof/run-followup.py
sampled-group-member	71407	71405	71405	Wed Sep 30 20:16:06 2026	/Applications/Xcode.app/Contents/Developer/Library/Frameworks/Python3.framework/Versions/3.9/Resources/Python.app/Contents/MacOS/Python /Users/hoppworks/projects/rhai-combined-package-proof/.scratch/combined-package-proof/run-followup.py
sampled-group-member	71939	71407	71405	Wed Sep 30 20:16:31 2026	/Users/hoppworks/.rustup/toolchains/stable-aarch64-apple-darwin/bin/cargo test --locked --jobs 2 --features testing-environ,sys,net,no_index --test combined_sys_net -- --test-threads=1 --nocapture
sampled-group-member	71955	71939	71405	Wed Sep 30 20:16:32 2026	/Users/hoppworks/.rustup/toolchains/stable-aarch64-apple-darwin/bin/rustc --crate-name rhai --edition=2021 src/lib.rs --error-format=json --json=diagnostic-rendered-ansi,artifacts,future-incompat --crate-type lib --emit=dep-info,metadata,link -C embed-bitcode=no --cfg feature="default" --cfg feature="net" --cfg feature="no_index" --cfg feature="std" --cfg feature="sys" --cfg feature="testing-environ" --check-cfg cfg(docsrs,test) --check-cfg cfg(feature, values("arbitrary", "bin-features", "core-error", "debugging", "decimal", "default", "document-features", "f32_float", "fuzz", "getrandom", "grain", "hashbrown", "internals", "libm", "metadata", "net", "no-std-compat", "no_ast", "no_closure", "no_custom_syntax", "no_float", "no_function", "no_index", "no_module", "no_object", "no_optimize", "no_position", "no_std", "no_time", "only_i32", "only_i64", "rust_decimal", "rustyline", "serde", "serde_json", "std", "sync", "sys", "testing-environ", "unchecked", "unicode-xid", "unicode-xid-ident", "unstable", "wasm-bindgen")) -C metadata=7508255495604687 -C extra-filename=-8dde7ee1521fe543 --out-dir /var/folders/yk/m4dzf0ss5x9f4j4z3xb2rrv40000gn/T/agent-build-trx9e1hu/target/debug/deps -C strip=debuginfo -L dependency=/var/folders/yk/m4dzf0ss5x9f4j4z3xb2rrv40000gn/T/agent-build-trx9e1hu/target/debug/deps --extern ahash=/var/folders/yk/m4dzf0ss5x9f4j4z3xb2rrv40000gn/T/agent-build-trx9e1hu/target/debug/deps/libahash-40c12fcca98aa9cd.rmeta --extern bitflags=/var/folders/yk/m4dzf0ss5x9f4j4z3xb2rrv40000gn/T/agent-build-trx9e1hu/target/debug/deps/libbitflags-52e14e12b5db0950.rmeta --extern cap_std=/var/folders/yk/m4dzf0ss5x9f4j4z3xb2rrv40000gn/T/agent-build-trx9e1hu/target/debug/deps/libcap_std-1ead2766af10b9f0.rmeta --extern num_traits=/var/folders/yk/m4dzf0ss5x9f4j4z3xb2rrv40000gn/T/agent-build-trx9e1hu/target/debug/deps/libnum_traits-b34f54e69976fadc.rmeta --extern once_cell=/var/folders/yk/m4dzf0ss5x9f4j4z3xb2rrv40000gn/T/agent-build-trx9e1hu/target/debug/deps/libonce_cell-99e63d5066f9fe0e.rmeta --extern rhai_codegen=/var/folders/yk/m4dzf0ss5x9f4j4z3xb2rrv40000gn/T/agent-build-trx9e1hu/target/debug/deps/librhai_codegen-03860fa4714a6c34.dylib --extern smallvec=/var/folders/yk/m4dzf0ss5x9f4j4z3xb2rrv40000gn/T/agent-build-trx9e1hu/target/debug/deps/libsmallvec-e8e356ea36f4c204.rmeta --extern smartstring=/var/folders/yk/m4dzf0ss5x9f4j4z3xb2rrv40000gn/T/agent-build-trx9e1hu/target/debug/deps/libsmartstring-77f3d5edf39067d6.rmeta --extern thin_vec=/var/folders/yk/m4dzf0ss5x9f4j4z3xb2rrv40000gn/T/agent-build-trx9e1hu/target/debug/deps/libthin_vec-8fe7249887313f75.rmeta
sampled-group-member	71977	unavailable	unavailable	unavailable	unavailable
combined-metadata-serde	71996	71407	71405	Wed Sep 30 20:16:37 2026	/Users/hoppworks/.rustup/toolchains/stable-aarch64-apple-darwin/bin/cargo test --locked --jobs 2 --features testing-environ,sys,net,metadata,serde --test combined_sys_net -- --test-threads=1 --nocapture
sampled-group-member	71405	71400	71405	Wed Sep 30 20:16:06 2026	/opt/homebrew/Cellar/python@3.14/3.14.7/Frameworks/Python.framework/Versions/3.14/Resources/Python.app/Contents/MacOS/Python /Users/hoppworks/projects/agent-skills/tools/run_scoped.py _supervise 4 python3 /Users/hoppworks/projects/rhai-combined-package-proof/.scratch/combined-package-proof/run-followup.py
sampled-group-member	71407	71405	71405	Wed Sep 30 20:16:06 2026	/Applications/Xcode.app/Contents/Developer/Library/Frameworks/Python3.framework/Versions/3.9/Resources/Python.app/Contents/MacOS/Python /Users/hoppworks/projects/rhai-combined-package-proof/.scratch/combined-package-proof/run-followup.py
sampled-group-member	71996	71407	71405	Wed Sep 30 20:16:37 2026	/Users/hoppworks/.rustup/toolchains/stable-aarch64-apple-darwin/bin/cargo test --locked --jobs 2 --features testing-environ,sys,net,metadata,serde --test combined_sys_net -- --test-threads=1 --nocapture
sampled-group-member	72002	unavailable	unavailable	unavailable	unavailable
sampled-group-member	71405	71400	71405	Wed Sep 30 20:16:06 2026	/opt/homebrew/Cellar/python@3.14/3.14.7/Frameworks/Python.framework/Versions/3.14/Resources/Python.app/Contents/MacOS/Python /Users/hoppworks/projects/agent-skills/tools/run_scoped.py _supervise 4 python3 /Users/hoppworks/projects/rhai-combined-package-proof/.scratch/combined-package-proof/run-followup.py
sampled-group-member	71407	71405	71405	Wed Sep 30 20:16:06 2026	/Applications/Xcode.app/Contents/Developer/Library/Frameworks/Python3.framework/Versions/3.9/Resources/Python.app/Contents/MacOS/Python /Users/hoppworks/projects/rhai-combined-package-proof/.scratch/combined-package-proof/run-followup.py
sampled-group-member	71996	71407	71405	Wed Sep 30 20:16:37 2026	/Users/hoppworks/.rustup/toolchains/stable-aarch64-apple-darwin/bin/cargo test --locked --jobs 2 --features testing-environ,sys,net,metadata,serde --test combined_sys_net -- --test-threads=1 --nocapture
sampled-group-member	72007	71996	71405	Wed Sep 30 20:16:37 2026	/Users/hoppworks/.rustup/toolchains/stable-aarch64-apple-darwin/bin/rustc --crate-name syn --edition=2021 /var/folders/yk/m4dzf0ss5x9f4j4z3xb2rrv40000gn/T/agent-build-trx9e1hu/cargo-home/registry/src/index.crates.io-1949cf8c6b5b557f/syn-3.0.6/src/lib.rs --error-format=json --json=diagnostic-rendered-ansi,artifacts,future-incompat --crate-type lib --emit=dep-info,metadata,link -C embed-bitcode=no --cfg feature="clone-impls" --cfg feature="derive" --cfg feature="parsing" --cfg feature="printing" --cfg feature="proc-macro" --check-cfg cfg(docsrs,test) --check-cfg cfg(feature, values("clone-impls", "default", "derive", "extra-traits", "fold", "full", "parsing", "printing", "proc-macro", "test", "visit", "visit-mut")) -C metadata=3dc580ac185ee8c0 -C extra-filename=-0cab847745e64c47 --out-dir /var/folders/yk/m4dzf0ss5x9f4j4z3xb2rrv40000gn/T/agent-build-trx9e1hu/target/debug/deps -C strip=debuginfo -L dependency=/var/folders/yk/m4dzf0ss5x9f4j4z3xb2rrv40000gn/T/agent-build-trx9e1hu/target/debug/deps --extern proc_macro2=/var/folders/yk/m4dzf0ss5x9f4j4z3xb2rrv40000gn/T/agent-build-trx9e1hu/target/debug/deps/libproc_macro2-c8f46f1faefdab5f.rmeta --extern quote=/var/folders/yk/m4dzf0ss5x9f4j4z3xb2rrv40000gn/T/agent-build-trx9e1hu/target/debug/deps/libquote-4b7f1b8260d8abfc.rmeta --extern unicode_ident=/var/folders/yk/m4dzf0ss5x9f4j4z3xb2rrv40000gn/T/agent-build-trx9e1hu/target/debug/deps/libunicode_ident-850e761f354d9d56.rmeta --cap-lints allow
sampled-group-member	72026	71996	71405	Wed Sep 30 20:16:38 2026	/Users/hoppworks/.rustup/toolchains/stable-aarch64-apple-darwin/bin/rustc --crate-name rhai_codegen --edition=2018 codegen/src/lib.rs --error-format=json --json=diagnostic-rendered-ansi,artifacts,future-incompat --crate-type proc-macro --emit=dep-info,link -C prefer-dynamic -C embed-bitcode=no --cfg feature="default" --cfg feature="metadata" --check-cfg cfg(docsrs,test) --check-cfg cfg(feature, values("default", "metadata", "sync")) -C metadata=438dfe93e027a3e8 -C extra-filename=-53d4ef42a44e9795 --out-dir /var/folders/yk/m4dzf0ss5x9f4j4z3xb2rrv40000gn/T/agent-build-trx9e1hu/target/debug/deps -C strip=debuginfo -L dependency=/var/folders/yk/m4dzf0ss5x9f4j4z3xb2rrv40000gn/T/agent-build-trx9e1hu/target/debug/deps --extern proc_macro2=/var/folders/yk/m4dzf0ss5x9f4j4z3xb2rrv40000gn/T/agent-build-trx9e1hu/target/debug/deps/libproc_macro2-c8f46f1faefdab5f.rlib --extern quote=/var/folders/yk/m4dzf0ss5x9f4j4z3xb2rrv40000gn/T/agent-build-trx9e1hu/target/debug/deps/libquote-4b7f1b8260d8abfc.rlib --extern syn=/var/folders/yk/m4dzf0ss5x9f4j4z3xb2rrv40000gn/T/agent-build-trx9e1hu/target/debug/deps/libsyn-18afce8799ae30da.rlib --extern proc_macro
sampled-group-member	72028	unavailable	unavailable	unavailable	unavailable
sampled-group-member	71405	71400	71405	Wed Sep 30 20:16:06 2026	/opt/homebrew/Cellar/python@3.14/3.14.7/Frameworks/Python.framework/Versions/3.14/Resources/Python.app/Contents/MacOS/Python /Users/hoppworks/projects/agent-skills/tools/run_scoped.py _supervise 4 python3 /Users/hoppworks/projects/rhai-combined-package-proof/.scratch/combined-package-proof/run-followup.py
sampled-group-member	71407	71405	71405	Wed Sep 30 20:16:06 2026	/Applications/Xcode.app/Contents/Developer/Library/Frameworks/Python3.framework/Versions/3.9/Resources/Python.app/Contents/MacOS/Python /Users/hoppworks/projects/rhai-combined-package-proof/.scratch/combined-package-proof/run-followup.py
sampled-group-member	71996	71407	71405	Wed Sep 30 20:16:37 2026	/Users/hoppworks/.rustup/toolchains/stable-aarch64-apple-darwin/bin/cargo test --locked --jobs 2 --features testing-environ,sys,net,metadata,serde --test combined_sys_net -- --test-threads=1 --nocapture
sampled-group-member	72007	unavailable	unavailable	unavailable	unavailable
sampled-group-member	72039	unavailable	unavailable	unavailable	unavailable
sampled-group-member	71405	71400	71405	Wed Sep 30 20:16:06 2026	/opt/homebrew/Cellar/python@3.14/3.14.7/Frameworks/Python.framework/Versions/3.14/Resources/Python.app/Contents/MacOS/Python /Users/hoppworks/projects/agent-skills/tools/run_scoped.py _supervise 4 python3 /Users/hoppworks/projects/rhai-combined-package-proof/.scratch/combined-package-proof/run-followup.py
sampled-group-member	71407	71405	71405	Wed Sep 30 20:16:06 2026	/Applications/Xcode.app/Contents/Developer/Library/Frameworks/Python3.framework/Versions/3.9/Resources/Python.app/Contents/MacOS/Python /Users/hoppworks/projects/rhai-combined-package-proof/.scratch/combined-package-proof/run-followup.py
sampled-group-member	71996	71407	71405	Wed Sep 30 20:16:37 2026	/Users/hoppworks/.rustup/toolchains/stable-aarch64-apple-darwin/bin/cargo test --locked --jobs 2 --features testing-environ,sys,net,metadata,serde --test combined_sys_net -- --test-threads=1 --nocapture
sampled-group-member	72041	71996	71405	Wed Sep 30 20:16:41 2026	/Users/hoppworks/.rustup/toolchains/stable-aarch64-apple-darwin/bin/rustc --crate-name serde_derive --edition=2021 /var/folders/yk/m4dzf0ss5x9f4j4z3xb2rrv40000gn/T/agent-build-trx9e1hu/cargo-home/registry/src/index.crates.io-1949cf8c6b5b557f/serde_derive-1.0.229/src/lib.rs --error-format=json --json=diagnostic-rendered-ansi,artifacts,future-incompat --crate-type proc-macro --emit=dep-info,link -C prefer-dynamic -C embed-bitcode=no --cfg feature="default" --check-cfg cfg(docsrs,test) --check-cfg cfg(feature, values("default", "deserialize_in_place")) -C metadata=cb7fd99af7298db6 -C extra-filename=-535906c7781624cf --out-dir /var/folders/yk/m4dzf0ss5x9f4j4z3xb2rrv40000gn/T/agent-build-trx9e1hu/target/debug/deps -C strip=debuginfo -L dependency=/var/folders/yk/m4dzf0ss5x9f4j4z3xb2rrv40000gn/T/agent-build-trx9e1hu/target/debug/deps --extern proc_macro2=/var/folders/yk/m4dzf0ss5x9f4j4z3xb2rrv40000gn/T/agent-build-trx9e1hu/target/debug/deps/libproc_macro2-c8f46f1faefdab5f.rlib --extern quote=/var/folders/yk/m4dzf0ss5x9f4j4z3xb2rrv40000gn/T/agent-build-trx9e1hu/target/debug/deps/libquote-4b7f1b8260d8abfc.rlib --extern syn=/var/folders/yk/m4dzf0ss5x9f4j4z3xb2rrv40000gn/T/agent-build-trx9e1hu/target/debug/deps/libsyn-0cab847745e64c47.rlib --extern proc_macro --cap-lints allow
sampled-group-member	72047	unavailable	unavailable	unavailable	unavailable
sampled-group-member	71405	71400	71405	Wed Sep 30 20:16:06 2026	/opt/homebrew/Cellar/python@3.14/3.14.7/Frameworks/Python.framework/Versions/3.14/Resources/Python.app/Contents/MacOS/Python /Users/hoppworks/projects/agent-skills/tools/run_scoped.py _supervise 4 python3 /Users/hoppworks/projects/rhai-combined-package-proof/.scratch/combined-package-proof/run-followup.py
sampled-group-member	71407	71405	71405	Wed Sep 30 20:16:06 2026	/Applications/Xcode.app/Contents/Developer/Library/Frameworks/Python3.framework/Versions/3.9/Resources/Python.app/Contents/MacOS/Python /Users/hoppworks/projects/rhai-combined-package-proof/.scratch/combined-package-proof/run-followup.py
sampled-group-member	71996	71407	71405	Wed Sep 30 20:16:37 2026	/Users/hoppworks/.rustup/toolchains/stable-aarch64-apple-darwin/bin/cargo test --locked --jobs 2 --features testing-environ,sys,net,metadata,serde --test combined_sys_net -- --test-threads=1 --nocapture
sampled-group-member	72041	71996	71405	Wed Sep 30 20:16:41 2026	/Users/hoppworks/.rustup/toolchains/stable-aarch64-apple-darwin/bin/rustc --crate-name serde_derive --edition=2021 /var/folders/yk/m4dzf0ss5x9f4j4z3xb2rrv40000gn/T/agent-build-trx9e1hu/cargo-home/registry/src/index.crates.io-1949cf8c6b5b557f/serde_derive-1.0.229/src/lib.rs --error-format=json --json=diagnostic-rendered-ansi,artifacts,future-incompat --crate-type proc-macro --emit=dep-info,link -C prefer-dynamic -C embed-bitcode=no --cfg feature="default" --check-cfg cfg(docsrs,test) --check-cfg cfg(feature, values("default", "deserialize_in_place")) -C metadata=cb7fd99af7298db6 -C extra-filename=-535906c7781624cf --out-dir /var/folders/yk/m4dzf0ss5x9f4j4z3xb2rrv40000gn/T/agent-build-trx9e1hu/target/debug/deps -C strip=debuginfo -L dependency=/var/folders/yk/m4dzf0ss5x9f4j4z3xb2rrv40000gn/T/agent-build-trx9e1hu/target/debug/deps --extern proc_macro2=/var/folders/yk/m4dzf0ss5x9f4j4z3xb2rrv40000gn/T/agent-build-trx9e1hu/target/debug/deps/libproc_macro2-c8f46f1faefdab5f.rlib --extern quote=/var/folders/yk/m4dzf0ss5x9f4j4z3xb2rrv40000gn/T/agent-build-trx9e1hu/target/debug/deps/libquote-4b7f1b8260d8abfc.rlib --extern syn=/var/folders/yk/m4dzf0ss5x9f4j4z3xb2rrv40000gn/T/agent-build-trx9e1hu/target/debug/deps/libsyn-0cab847745e64c47.rlib --extern proc_macro --cap-lints allow
sampled-group-member	72060	unavailable	unavailable	unavailable	unavailable
sampled-group-member	71405	71400	71405	Wed Sep 30 20:16:06 2026	/opt/homebrew/Cellar/python@3.14/3.14.7/Frameworks/Python.framework/Versions/3.14/Resources/Python.app/Contents/MacOS/Python /Users/hoppworks/projects/agent-skills/tools/run_scoped.py _supervise 4 python3 /Users/hoppworks/projects/rhai-combined-package-proof/.scratch/combined-package-proof/run-followup.py
sampled-group-member	71407	71405	71405	Wed Sep 30 20:16:06 2026	/Applications/Xcode.app/Contents/Developer/Library/Frameworks/Python3.framework/Versions/3.9/Resources/Python.app/Contents/MacOS/Python /Users/hoppworks/projects/rhai-combined-package-proof/.scratch/combined-package-proof/run-followup.py
sampled-group-member	71996	71407	71405	Wed Sep 30 20:16:37 2026	/Users/hoppworks/.rustup/toolchains/stable-aarch64-apple-darwin/bin/cargo test --locked --jobs 2 --features testing-environ,sys,net,metadata,serde --test combined_sys_net -- --test-threads=1 --nocapture
sampled-group-member	72070	unavailable	unavailable	unavailable	unavailable
sampled-group-member	72072	71996	71405	Wed Sep 30 20:16:46 2026	/Users/hoppworks/.rustup/toolchains/stable-aarch64-apple-darwin/bin/rustc --crate-name rmp_serde --edition=2024 /var/folders/yk/m4dzf0ss5x9f4j4z3xb2rrv40000gn/T/agent-build-trx9e1hu/cargo-home/registry/src/index.crates.io-1949cf8c6b5b557f/rmp-serde-1.3.1/src/lib.rs --error-format=json --json=diagnostic-rendered-ansi,artifacts,future-incompat --crate-type lib --emit=dep-info,metadata,link -C embed-bitcode=no --check-cfg cfg(docsrs,test) --check-cfg cfg(feature, values()) -C metadata=7d2be69cfd644762 -C extra-filename=-2e382e2dc45fa357 --out-dir /var/folders/yk/m4dzf0ss5x9f4j4z3xb2rrv40000gn/T/agent-build-trx9e1hu/target/debug/deps -C strip=debuginfo -L dependency=/var/folders/yk/m4dzf0ss5x9f4j4z3xb2rrv40000gn/T/agent-build-trx9e1hu/target/debug/deps --extern rmp=/var/folders/yk/m4dzf0ss5x9f4j4z3xb2rrv40000gn/T/agent-build-trx9e1hu/target/debug/deps/librmp-9247e04b4975a586.rmeta --extern serde=/var/folders/yk/m4dzf0ss5x9f4j4z3xb2rrv40000gn/T/agent-build-trx9e1hu/target/debug/deps/libserde-5bab42491b8acbe0.rmeta --cap-lints allow
sampled-group-member	72073	unavailable	unavailable	unavailable	unavailable
sampled-group-member	71405	71400	71405	Wed Sep 30 20:16:06 2026	/opt/homebrew/Cellar/python@3.14/3.14.7/Frameworks/Python.framework/Versions/3.14/Resources/Python.app/Contents/MacOS/Python /Users/hoppworks/projects/agent-skills/tools/run_scoped.py _supervise 4 python3 /Users/hoppworks/projects/rhai-combined-package-proof/.scratch/combined-package-proof/run-followup.py
sampled-group-member	71407	71405	71405	Wed Sep 30 20:16:06 2026	/Applications/Xcode.app/Contents/Developer/Library/Frameworks/Python3.framework/Versions/3.9/Resources/Python.app/Contents/MacOS/Python /Users/hoppworks/projects/rhai-combined-package-proof/.scratch/combined-package-proof/run-followup.py
sampled-group-member	71996	71407	71405	Wed Sep 30 20:16:37 2026	/Users/hoppworks/.rustup/toolchains/stable-aarch64-apple-darwin/bin/cargo test --locked --jobs 2 --features testing-environ,sys,net,metadata,serde --test combined_sys_net -- --test-threads=1 --nocapture
sampled-group-member	72074	71996	71405	Wed Sep 30 20:16:46 2026	/Users/hoppworks/.rustup/toolchains/stable-aarch64-apple-darwin/bin/rustc --crate-name rhai --edition=2021 src/lib.rs --error-format=json --json=diagnostic-rendered-ansi,artifacts,future-incompat --crate-type lib --emit=dep-info,metadata,link -C embed-bitcode=no --cfg feature="default" --cfg feature="metadata" --cfg feature="net" --cfg feature="serde" --cfg feature="serde_json" --cfg feature="std" --cfg feature="sys" --cfg feature="testing-environ" --check-cfg cfg(docsrs,test) --check-cfg cfg(feature, values("arbitrary", "bin-features", "core-error", "debugging", "decimal", "default", "document-features", "f32_float", "fuzz", "getrandom", "grain", "hashbrown", "internals", "libm", "metadata", "net", "no-std-compat", "no_ast", "no_closure", "no_custom_syntax", "no_float", "no_function", "no_index", "no_module", "no_object", "no_optimize", "no_position", "no_std", "no_time", "only_i32", "only_i64", "rust_decimal", "rustyline", "serde", "serde_json", "std", "sync", "sys", "testing-environ", "unchecked", "unicode-xid", "unicode-xid-ident", "unstable", "wasm-bindgen")) -C metadata=cfc810e3bae6359f -C extra-filename=-dd9c158c85b87b67 --out-dir /var/folders/yk/m4dzf0ss5x9f4j4z3xb2rrv40000gn/T/agent-build-trx9e1hu/target/debug/deps -C strip=debuginfo -L dependency=/var/folders/yk/m4dzf0ss5x9f4j4z3xb2rrv40000gn/T/agent-build-trx9e1hu/target/debug/deps --extern ahash=/var/folders/yk/m4dzf0ss5x9f4j4z3xb2rrv40000gn/T/agent-build-trx9e1hu/target/debug/deps/libahash-40c12fcca98aa9cd.rmeta --extern bitflags=/var/folders/yk/m4dzf0ss5x9f4j4z3xb2rrv40000gn/T/agent-build-trx9e1hu/target/debug/deps/libbitflags-52e14e12b5db0950.rmeta --extern cap_std=/var/folders/yk/m4dzf0ss5x9f4j4z3xb2rrv40000gn/T/agent-build-trx9e1hu/target/debug/deps/libcap_std-1ead2766af10b9f0.rmeta --extern num_traits=/var/folders/yk/m4dzf0ss5x9f4j4z3xb2rrv40000gn/T/agent-build-trx9e1hu/target/debug/deps/libnum_traits-b34f54e69976fadc.rmeta --extern once_cell=/var/folders/yk/m4dzf0ss5x9f4j4z3xb2rrv40000gn/T/agent-build-trx9e1hu/target/debug/deps/libonce_cell-99e63d5066f9fe0e.rmeta --extern rhai_codegen=/var/folders/yk/m4dzf0ss5x9f4j4z3xb2rrv40000gn/T/agent-build-trx9e1hu/target/debug/deps/librhai_codegen-53d4ef42a44e9795.dylib --extern serde=/var/folders/yk/m4dzf0ss5x9f4j4z3xb2rrv40000gn/T/agent-build-trx9e1hu/target/debug/deps/libserde-5bab42491b8acbe0.rmeta --extern serde_json=/var/folders/yk/m4dzf0ss5x9f4j4z3xb2rrv40000gn/T/agent-build-trx9e1hu/target/debug/deps/libserde_json-9e660fbf3c68f439.rmeta --extern smallvec=/var/folders/yk/m4dzf0ss5x9f4j4z3xb2rrv40000gn/T/agent-build-trx9e1hu/target/debug/deps/libsmallvec-e0b97ddf7d986c51.rmeta --extern smartstring=/var/folders/yk/m4dzf0ss5x9f4j4z3xb2rrv40000gn/T/agent-build-trx9e1hu/target/debug/deps/libsmartstring-77f3d5edf39067d6.rmeta --extern thin_vec=/var/folders/yk/m4dzf0ss5x9f4j4z3xb2rrv40000gn/T/agent-build-trx9e1hu/target/debug/deps/libthin_vec-8fe7249887313f75.rmeta
sampled-group-member	72082	unavailable	unavailable	unavailable	unavailable
sampled-group-member	71405	71400	71405	Wed Sep 30 20:16:06 2026	/opt/homebrew/Cellar/python@3.14/3.14.7/Frameworks/Python.framework/Versions/3.14/Resources/Python.app/Contents/MacOS/Python /Users/hoppworks/projects/agent-skills/tools/run_scoped.py _supervise 4 python3 /Users/hoppworks/projects/rhai-combined-package-proof/.scratch/combined-package-proof/run-followup.py
sampled-group-member	71407	71405	71405	Wed Sep 30 20:16:06 2026	/Applications/Xcode.app/Contents/Developer/Library/Frameworks/Python3.framework/Versions/3.9/Resources/Python.app/Contents/MacOS/Python /Users/hoppworks/projects/rhai-combined-package-proof/.scratch/combined-package-proof/run-followup.py
sampled-group-member	71996	71407	71405	Wed Sep 30 20:16:37 2026	/Users/hoppworks/.rustup/toolchains/stable-aarch64-apple-darwin/bin/cargo test --locked --jobs 2 --features testing-environ,sys,net,metadata,serde --test combined_sys_net -- --test-threads=1 --nocapture
sampled-group-member	72074	71996	71405	Wed Sep 30 20:16:46 2026	/Users/hoppworks/.rustup/toolchains/stable-aarch64-apple-darwin/bin/rustc --crate-name rhai --edition=2021 src/lib.rs --error-format=json --json=diagnostic-rendered-ansi,artifacts,future-incompat --crate-type lib --emit=dep-info,metadata,link -C embed-bitcode=no --cfg feature="default" --cfg feature="metadata" --cfg feature="net" --cfg feature="serde" --cfg feature="serde_json" --cfg feature="std" --cfg feature="sys" --cfg feature="testing-environ" --check-cfg cfg(docsrs,test) --check-cfg cfg(feature, values("arbitrary", "bin-features", "core-error", "debugging", "decimal", "default", "document-features", "f32_float", "fuzz", "getrandom", "grain", "hashbrown", "internals", "libm", "metadata", "net", "no-std-compat", "no_ast", "no_closure", "no_custom_syntax", "no_float", "no_function", "no_index", "no_module", "no_object", "no_optimize", "no_position", "no_std", "no_time", "only_i32", "only_i64", "rust_decimal", "rustyline", "serde", "serde_json", "std", "sync", "sys", "testing-environ", "unchecked", "unicode-xid", "unicode-xid-ident", "unstable", "wasm-bindgen")) -C metadata=cfc810e3bae6359f -C extra-filename=-dd9c158c85b87b67 --out-dir /var/folders/yk/m4dzf0ss5x9f4j4z3xb2rrv40000gn/T/agent-build-trx9e1hu/target/debug/deps -C strip=debuginfo -L dependency=/var/folders/yk/m4dzf0ss5x9f4j4z3xb2rrv40000gn/T/agent-build-trx9e1hu/target/debug/deps --extern ahash=/var/folders/yk/m4dzf0ss5x9f4j4z3xb2rrv40000gn/T/agent-build-trx9e1hu/target/debug/deps/libahash-40c12fcca98aa9cd.rmeta --extern bitflags=/var/folders/yk/m4dzf0ss5x9f4j4z3xb2rrv40000gn/T/agent-build-trx9e1hu/target/debug/deps/libbitflags-52e14e12b5db0950.rmeta --extern cap_std=/var/folders/yk/m4dzf0ss5x9f4j4z3xb2rrv40000gn/T/agent-build-trx9e1hu/target/debug/deps/libcap_std-1ead2766af10b9f0.rmeta --extern num_traits=/var/folders/yk/m4dzf0ss5x9f4j4z3xb2rrv40000gn/T/agent-build-trx9e1hu/target/debug/deps/libnum_traits-b34f54e69976fadc.rmeta --extern once_cell=/var/folders/yk/m4dzf0ss5x9f4j4z3xb2rrv40000gn/T/agent-build-trx9e1hu/target/debug/deps/libonce_cell-99e63d5066f9fe0e.rmeta --extern rhai_codegen=/var/folders/yk/m4dzf0ss5x9f4j4z3xb2rrv40000gn/T/agent-build-trx9e1hu/target/debug/deps/librhai_codegen-53d4ef42a44e9795.dylib --extern serde=/var/folders/yk/m4dzf0ss5x9f4j4z3xb2rrv40000gn/T/agent-build-trx9e1hu/target/debug/deps/libserde-5bab42491b8acbe0.rmeta --extern serde_json=/var/folders/yk/m4dzf0ss5x9f4j4z3xb2rrv40000gn/T/agent-build-trx9e1hu/target/debug/deps/libserde_json-9e660fbf3c68f439.rmeta --extern smallvec=/var/folders/yk/m4dzf0ss5x9f4j4z3xb2rrv40000gn/T/agent-build-trx9e1hu/target/debug/deps/libsmallvec-e0b97ddf7d986c51.rmeta --extern smartstring=/var/folders/yk/m4dzf0ss5x9f4j4z3xb2rrv40000gn/T/agent-build-trx9e1hu/target/debug/deps/libsmartstring-77f3d5edf39067d6.rmeta --extern thin_vec=/var/folders/yk/m4dzf0ss5x9f4j4z3xb2rrv40000gn/T/agent-build-trx9e1hu/target/debug/deps/libthin_vec-8fe7249887313f75.rmeta
sampled-group-member	72091	unavailable	unavailable	unavailable	unavailable
sampled-group-member	71405	71400	71405	Wed Sep 30 20:16:06 2026	/opt/homebrew/Cellar/python@3.14/3.14.7/Frameworks/Python.framework/Versions/3.14/Resources/Python.app/Contents/MacOS/Python /Users/hoppworks/projects/agent-skills/tools/run_scoped.py _supervise 4 python3 /Users/hoppworks/projects/rhai-combined-package-proof/.scratch/combined-package-proof/run-followup.py
sampled-group-member	71407	71405	71405	Wed Sep 30 20:16:06 2026	/Applications/Xcode.app/Contents/Developer/Library/Frameworks/Python3.framework/Versions/3.9/Resources/Python.app/Contents/MacOS/Python /Users/hoppworks/projects/rhai-combined-package-proof/.scratch/combined-package-proof/run-followup.py
sampled-group-member	71996	71407	71405	Wed Sep 30 20:16:37 2026	/Users/hoppworks/.rustup/toolchains/stable-aarch64-apple-darwin/bin/cargo test --locked --jobs 2 --features testing-environ,sys,net,metadata,serde --test combined_sys_net -- --test-threads=1 --nocapture
sampled-group-member	72074	71996	71405	Wed Sep 30 20:16:46 2026	/Users/hoppworks/.rustup/toolchains/stable-aarch64-apple-darwin/bin/rustc --crate-name rhai --edition=2021 src/lib.rs --error-format=json --json=diagnostic-rendered-ansi,artifacts,future-incompat --crate-type lib --emit=dep-info,metadata,link -C embed-bitcode=no --cfg feature="default" --cfg feature="metadata" --cfg feature="net" --cfg feature="serde" --cfg feature="serde_json" --cfg feature="std" --cfg feature="sys" --cfg feature="testing-environ" --check-cfg cfg(docsrs,test) --check-cfg cfg(feature, values("arbitrary", "bin-features", "core-error", "debugging", "decimal", "default", "document-features", "f32_float", "fuzz", "getrandom", "grain", "hashbrown", "internals", "libm", "metadata", "net", "no-std-compat", "no_ast", "no_closure", "no_custom_syntax", "no_float", "no_function", "no_index", "no_module", "no_object", "no_optimize", "no_position", "no_std", "no_time", "only_i32", "only_i64", "rust_decimal", "rustyline", "serde", "serde_json", "std", "sync", "sys", "testing-environ", "unchecked", "unicode-xid", "unicode-xid-ident", "unstable", "wasm-bindgen")) -C metadata=cfc810e3bae6359f -C extra-filename=-dd9c158c85b87b67 --out-dir /var/folders/yk/m4dzf0ss5x9f4j4z3xb2rrv40000gn/T/agent-build-trx9e1hu/target/debug/deps -C strip=debuginfo -L dependency=/var/folders/yk/m4dzf0ss5x9f4j4z3xb2rrv40000gn/T/agent-build-trx9e1hu/target/debug/deps --extern ahash=/var/folders/yk/m4dzf0ss5x9f4j4z3xb2rrv40000gn/T/agent-build-trx9e1hu/target/debug/deps/libahash-40c12fcca98aa9cd.rmeta --extern bitflags=/var/folders/yk/m4dzf0ss5x9f4j4z3xb2rrv40000gn/T/agent-build-trx9e1hu/target/debug/deps/libbitflags-52e14e12b5db0950.rmeta --extern cap_std=/var/folders/yk/m4dzf0ss5x9f4j4z3xb2rrv40000gn/T/agent-build-trx9e1hu/target/debug/deps/libcap_std-1ead2766af10b9f0.rmeta --extern num_traits=/var/folders/yk/m4dzf0ss5x9f4j4z3xb2rrv40000gn/T/agent-build-trx9e1hu/target/debug/deps/libnum_traits-b34f54e69976fadc.rmeta --extern once_cell=/var/folders/yk/m4dzf0ss5x9f4j4z3xb2rrv40000gn/T/agent-build-trx9e1hu/target/debug/deps/libonce_cell-99e63d5066f9fe0e.rmeta --extern rhai_codegen=/var/folders/yk/m4dzf0ss5x9f4j4z3xb2rrv40000gn/T/agent-build-trx9e1hu/target/debug/deps/librhai_codegen-53d4ef42a44e9795.dylib --extern serde=/var/folders/yk/m4dzf0ss5x9f4j4z3xb2rrv40000gn/T/agent-build-trx9e1hu/target/debug/deps/libserde-5bab42491b8acbe0.rmeta --extern serde_json=/var/folders/yk/m4dzf0ss5x9f4j4z3xb2rrv40000gn/T/agent-build-trx9e1hu/target/debug/deps/libserde_json-9e660fbf3c68f439.rmeta --extern smallvec=/var/folders/yk/m4dzf0ss5x9f4j4z3xb2rrv40000gn/T/agent-build-trx9e1hu/target/debug/deps/libsmallvec-e0b97ddf7d986c51.rmeta --extern smartstring=/var/folders/yk/m4dzf0ss5x9f4j4z3xb2rrv40000gn/T/agent-build-trx9e1hu/target/debug/deps/libsmartstring-77f3d5edf39067d6.rmeta --extern thin_vec=/var/folders/yk/m4dzf0ss5x9f4j4z3xb2rrv40000gn/T/agent-build-trx9e1hu/target/debug/deps/libthin_vec-8fe7249887313f75.rmeta
sampled-group-member	72118	unavailable	unavailable	unavailable	unavailable
sampled-group-member	71405	71400	71405	Wed Sep 30 20:16:06 2026	/opt/homebrew/Cellar/python@3.14/3.14.7/Frameworks/Python.framework/Versions/3.14/Resources/Python.app/Contents/MacOS/Python /Users/hoppworks/projects/agent-skills/tools/run_scoped.py _supervise 4 python3 /Users/hoppworks/projects/rhai-combined-package-proof/.scratch/combined-package-proof/run-followup.py
sampled-group-member	71407	71405	71405	Wed Sep 30 20:16:06 2026	/Applications/Xcode.app/Contents/Developer/Library/Frameworks/Python3.framework/Versions/3.9/Resources/Python.app/Contents/MacOS/Python /Users/hoppworks/projects/rhai-combined-package-proof/.scratch/combined-package-proof/run-followup.py
sampled-group-member	71996	71407	71405	Wed Sep 30 20:16:37 2026	/Users/hoppworks/.rustup/toolchains/stable-aarch64-apple-darwin/bin/cargo test --locked --jobs 2 --features testing-environ,sys,net,metadata,serde --test combined_sys_net -- --test-threads=1 --nocapture
sampled-group-member	72074	71996	71405	Wed Sep 30 20:16:46 2026	/Users/hoppworks/.rustup/toolchains/stable-aarch64-apple-darwin/bin/rustc --crate-name rhai --edition=2021 src/lib.rs --error-format=json --json=diagnostic-rendered-ansi,artifacts,future-incompat --crate-type lib --emit=dep-info,metadata,link -C embed-bitcode=no --cfg feature="default" --cfg feature="metadata" --cfg feature="net" --cfg feature="serde" --cfg feature="serde_json" --cfg feature="std" --cfg feature="sys" --cfg feature="testing-environ" --check-cfg cfg(docsrs,test) --check-cfg cfg(feature, values("arbitrary", "bin-features", "core-error", "debugging", "decimal", "default", "document-features", "f32_float", "fuzz", "getrandom", "grain", "hashbrown", "internals", "libm", "metadata", "net", "no-std-compat", "no_ast", "no_closure", "no_custom_syntax", "no_float", "no_function", "no_index", "no_module", "no_object", "no_optimize", "no_position", "no_std", "no_time", "only_i32", "only_i64", "rust_decimal", "rustyline", "serde", "serde_json", "std", "sync", "sys", "testing-environ", "unchecked", "unicode-xid", "unicode-xid-ident", "unstable", "wasm-bindgen")) -C metadata=cfc810e3bae6359f -C extra-filename=-dd9c158c85b87b67 --out-dir /var/folders/yk/m4dzf0ss5x9f4j4z3xb2rrv40000gn/T/agent-build-trx9e1hu/target/debug/deps -C strip=debuginfo -L dependency=/var/folders/yk/m4dzf0ss5x9f4j4z3xb2rrv40000gn/T/agent-build-trx9e1hu/target/debug/deps --extern ahash=/var/folders/yk/m4dzf0ss5x9f4j4z3xb2rrv40000gn/T/agent-build-trx9e1hu/target/debug/deps/libahash-40c12fcca98aa9cd.rmeta --extern bitflags=/var/folders/yk/m4dzf0ss5x9f4j4z3xb2rrv40000gn/T/agent-build-trx9e1hu/target/debug/deps/libbitflags-52e14e12b5db0950.rmeta --extern cap_std=/var/folders/yk/m4dzf0ss5x9f4j4z3xb2rrv40000gn/T/agent-build-trx9e1hu/target/debug/deps/libcap_std-1ead2766af10b9f0.rmeta --extern num_traits=/var/folders/yk/m4dzf0ss5x9f4j4z3xb2rrv40000gn/T/agent-build-trx9e1hu/target/debug/deps/libnum_traits-b34f54e69976fadc.rmeta --extern once_cell=/var/folders/yk/m4dzf0ss5x9f4j4z3xb2rrv40000gn/T/agent-build-trx9e1hu/target/debug/deps/libonce_cell-99e63d5066f9fe0e.rmeta --extern rhai_codegen=/var/folders/yk/m4dzf0ss5x9f4j4z3xb2rrv40000gn/T/agent-build-trx9e1hu/target/debug/deps/librhai_codegen-53d4ef42a44e9795.dylib --extern serde=/var/folders/yk/m4dzf0ss5x9f4j4z3xb2rrv40000gn/T/agent-build-trx9e1hu/target/debug/deps/libserde-5bab42491b8acbe0.rmeta --extern serde_json=/var/folders/yk/m4dzf0ss5x9f4j4z3xb2rrv40000gn/T/agent-build-trx9e1hu/target/debug/deps/libserde_json-9e660fbf3c68f439.rmeta --extern smallvec=/var/folders/yk/m4dzf0ss5x9f4j4z3xb2rrv40000gn/T/agent-build-trx9e1hu/target/debug/deps/libsmallvec-e0b97ddf7d986c51.rmeta --extern smartstring=/var/folders/yk/m4dzf0ss5x9f4j4z3xb2rrv40000gn/T/agent-build-trx9e1hu/target/debug/deps/libsmartstring-77f3d5edf39067d6.rmeta --extern thin_vec=/var/folders/yk/m4dzf0ss5x9f4j4z3xb2rrv40000gn/T/agent-build-trx9e1hu/target/debug/deps/libthin_vec-8fe7249887313f75.rmeta
sampled-group-member	72132	unavailable	unavailable	unavailable	unavailable
sampled-group-member	71405	71400	71405	Wed Sep 30 20:16:06 2026	/opt/homebrew/Cellar/python@3.14/3.14.7/Frameworks/Python.framework/Versions/3.14/Resources/Python.app/Contents/MacOS/Python /Users/hoppworks/projects/agent-skills/tools/run_scoped.py _supervise 4 python3 /Users/hoppworks/projects/rhai-combined-package-proof/.scratch/combined-package-proof/run-followup.py
sampled-group-member	71407	71405	71405	Wed Sep 30 20:16:06 2026	/Applications/Xcode.app/Contents/Developer/Library/Frameworks/Python3.framework/Versions/3.9/Resources/Python.app/Contents/MacOS/Python /Users/hoppworks/projects/rhai-combined-package-proof/.scratch/combined-package-proof/run-followup.py
sampled-group-member	71996	71407	71405	Wed Sep 30 20:16:37 2026	/Users/hoppworks/.rustup/toolchains/stable-aarch64-apple-darwin/bin/cargo test --locked --jobs 2 --features testing-environ,sys,net,metadata,serde --test combined_sys_net -- --test-threads=1 --nocapture
sampled-group-member	72074	71996	71405	Wed Sep 30 20:16:46 2026	/Users/hoppworks/.rustup/toolchains/stable-aarch64-apple-darwin/bin/rustc --crate-name rhai --edition=2021 src/lib.rs --error-format=json --json=diagnostic-rendered-ansi,artifacts,future-incompat --crate-type lib --emit=dep-info,metadata,link -C embed-bitcode=no --cfg feature="default" --cfg feature="metadata" --cfg feature="net" --cfg feature="serde" --cfg feature="serde_json" --cfg feature="std" --cfg feature="sys" --cfg feature="testing-environ" --check-cfg cfg(docsrs,test) --check-cfg cfg(feature, values("arbitrary", "bin-features", "core-error", "debugging", "decimal", "default", "document-features", "f32_float", "fuzz", "getrandom", "grain", "hashbrown", "internals", "libm", "metadata", "net", "no-std-compat", "no_ast", "no_closure", "no_custom_syntax", "no_float", "no_function", "no_index", "no_module", "no_object", "no_optimize", "no_position", "no_std", "no_time", "only_i32", "only_i64", "rust_decimal", "rustyline", "serde", "serde_json", "std", "sync", "sys", "testing-environ", "unchecked", "unicode-xid", "unicode-xid-ident", "unstable", "wasm-bindgen")) -C metadata=cfc810e3bae6359f -C extra-filename=-dd9c158c85b87b67 --out-dir /var/folders/yk/m4dzf0ss5x9f4j4z3xb2rrv40000gn/T/agent-build-trx9e1hu/target/debug/deps -C strip=debuginfo -L dependency=/var/folders/yk/m4dzf0ss5x9f4j4z3xb2rrv40000gn/T/agent-build-trx9e1hu/target/debug/deps --extern ahash=/var/folders/yk/m4dzf0ss5x9f4j4z3xb2rrv40000gn/T/agent-build-trx9e1hu/target/debug/deps/libahash-40c12fcca98aa9cd.rmeta --extern bitflags=/var/folders/yk/m4dzf0ss5x9f4j4z3xb2rrv40000gn/T/agent-build-trx9e1hu/target/debug/deps/libbitflags-52e14e12b5db0950.rmeta --extern cap_std=/var/folders/yk/m4dzf0ss5x9f4j4z3xb2rrv40000gn/T/agent-build-trx9e1hu/target/debug/deps/libcap_std-1ead2766af10b9f0.rmeta --extern num_traits=/var/folders/yk/m4dzf0ss5x9f4j4z3xb2rrv40000gn/T/agent-build-trx9e1hu/target/debug/deps/libnum_traits-b34f54e69976fadc.rmeta --extern once_cell=/var/folders/yk/m4dzf0ss5x9f4j4z3xb2rrv40000gn/T/agent-build-trx9e1hu/target/debug/deps/libonce_cell-99e63d5066f9fe0e.rmeta --extern rhai_codegen=/var/folders/yk/m4dzf0ss5x9f4j4z3xb2rrv40000gn/T/agent-build-trx9e1hu/target/debug/deps/librhai_codegen-53d4ef42a44e9795.dylib --extern serde=/var/folders/yk/m4dzf0ss5x9f4j4z3xb2rrv40000gn/T/agent-build-trx9e1hu/target/debug/deps/libserde-5bab42491b8acbe0.rmeta --extern serde_json=/var/folders/yk/m4dzf0ss5x9f4j4z3xb2rrv40000gn/T/agent-build-trx9e1hu/target/debug/deps/libserde_json-9e660fbf3c68f439.rmeta --extern smallvec=/var/folders/yk/m4dzf0ss5x9f4j4z3xb2rrv40000gn/T/agent-build-trx9e1hu/target/debug/deps/libsmallvec-e0b97ddf7d986c51.rmeta --extern smartstring=/var/folders/yk/m4dzf0ss5x9f4j4z3xb2rrv40000gn/T/agent-build-trx9e1hu/target/debug/deps/libsmartstring-77f3d5edf39067d6.rmeta --extern thin_vec=/var/folders/yk/m4dzf0ss5x9f4j4z3xb2rrv40000gn/T/agent-build-trx9e1hu/target/debug/deps/libthin_vec-8fe7249887313f75.rmeta
sampled-group-member	72144	unavailable	unavailable	unavailable	unavailable
sampled-group-member	71405	71400	71405	Wed Sep 30 20:16:06 2026	/opt/homebrew/Cellar/python@3.14/3.14.7/Frameworks/Python.framework/Versions/3.14/Resources/Python.app/Contents/MacOS/Python /Users/hoppworks/projects/agent-skills/tools/run_scoped.py _supervise 4 python3 /Users/hoppworks/projects/rhai-combined-package-proof/.scratch/combined-package-proof/run-followup.py
sampled-group-member	71407	71405	71405	Wed Sep 30 20:16:06 2026	/Applications/Xcode.app/Contents/Developer/Library/Frameworks/Python3.framework/Versions/3.9/Resources/Python.app/Contents/MacOS/Python /Users/hoppworks/projects/rhai-combined-package-proof/.scratch/combined-package-proof/run-followup.py
sampled-group-member	71996	71407	71405	Wed Sep 30 20:16:37 2026	/Users/hoppworks/.rustup/toolchains/stable-aarch64-apple-darwin/bin/cargo test --locked --jobs 2 --features testing-environ,sys,net,metadata,serde --test combined_sys_net -- --test-threads=1 --nocapture
sampled-group-member	72074	71996	71405	Wed Sep 30 20:16:46 2026	/Users/hoppworks/.rustup/toolchains/stable-aarch64-apple-darwin/bin/rustc --crate-name rhai --edition=2021 src/lib.rs --error-format=json --json=diagnostic-rendered-ansi,artifacts,future-incompat --crate-type lib --emit=dep-info,metadata,link -C embed-bitcode=no --cfg feature="default" --cfg feature="metadata" --cfg feature="net" --cfg feature="serde" --cfg feature="serde_json" --cfg feature="std" --cfg feature="sys" --cfg feature="testing-environ" --check-cfg cfg(docsrs,test) --check-cfg cfg(feature, values("arbitrary", "bin-features", "core-error", "debugging", "decimal", "default", "document-features", "f32_float", "fuzz", "getrandom", "grain", "hashbrown", "internals", "libm", "metadata", "net", "no-std-compat", "no_ast", "no_closure", "no_custom_syntax", "no_float", "no_function", "no_index", "no_module", "no_object", "no_optimize", "no_position", "no_std", "no_time", "only_i32", "only_i64", "rust_decimal", "rustyline", "serde", "serde_json", "std", "sync", "sys", "testing-environ", "unchecked", "unicode-xid", "unicode-xid-ident", "unstable", "wasm-bindgen")) -C metadata=cfc810e3bae6359f -C extra-filename=-dd9c158c85b87b67 --out-dir /var/folders/yk/m4dzf0ss5x9f4j4z3xb2rrv40000gn/T/agent-build-trx9e1hu/target/debug/deps -C strip=debuginfo -L dependency=/var/folders/yk/m4dzf0ss5x9f4j4z3xb2rrv40000gn/T/agent-build-trx9e1hu/target/debug/deps --extern ahash=/var/folders/yk/m4dzf0ss5x9f4j4z3xb2rrv40000gn/T/agent-build-trx9e1hu/target/debug/deps/libahash-40c12fcca98aa9cd.rmeta --extern bitflags=/var/folders/yk/m4dzf0ss5x9f4j4z3xb2rrv40000gn/T/agent-build-trx9e1hu/target/debug/deps/libbitflags-52e14e12b5db0950.rmeta --extern cap_std=/var/folders/yk/m4dzf0ss5x9f4j4z3xb2rrv40000gn/T/agent-build-trx9e1hu/target/debug/deps/libcap_std-1ead2766af10b9f0.rmeta --extern num_traits=/var/folders/yk/m4dzf0ss5x9f4j4z3xb2rrv40000gn/T/agent-build-trx9e1hu/target/debug/deps/libnum_traits-b34f54e69976fadc.rmeta --extern once_cell=/var/folders/yk/m4dzf0ss5x9f4j4z3xb2rrv40000gn/T/agent-build-trx9e1hu/target/debug/deps/libonce_cell-99e63d5066f9fe0e.rmeta --extern rhai_codegen=/var/folders/yk/m4dzf0ss5x9f4j4z3xb2rrv40000gn/T/agent-build-trx9e1hu/target/debug/deps/librhai_codegen-53d4ef42a44e9795.dylib --extern serde=/var/folders/yk/m4dzf0ss5x9f4j4z3xb2rrv40000gn/T/agent-build-trx9e1hu/target/debug/deps/libserde-5bab42491b8acbe0.rmeta --extern serde_json=/var/folders/yk/m4dzf0ss5x9f4j4z3xb2rrv40000gn/T/agent-build-trx9e1hu/target/debug/deps/libserde_json-9e660fbf3c68f439.rmeta --extern smallvec=/var/folders/yk/m4dzf0ss5x9f4j4z3xb2rrv40000gn/T/agent-build-trx9e1hu/target/debug/deps/libsmallvec-e0b97ddf7d986c51.rmeta --extern smartstring=/var/folders/yk/m4dzf0ss5x9f4j4z3xb2rrv40000gn/T/agent-build-trx9e1hu/target/debug/deps/libsmartstring-77f3d5edf39067d6.rmeta --extern thin_vec=/var/folders/yk/m4dzf0ss5x9f4j4z3xb2rrv40000gn/T/agent-build-trx9e1hu/target/debug/deps/libthin_vec-8fe7249887313f75.rmeta
sampled-group-member	72156	unavailable	unavailable	unavailable	unavailable
sampled-group-member	71405	71400	71405	Wed Sep 30 20:16:06 2026	/opt/homebrew/Cellar/python@3.14/3.14.7/Frameworks/Python.framework/Versions/3.14/Resources/Python.app/Contents/MacOS/Python /Users/hoppworks/projects/agent-skills/tools/run_scoped.py _supervise 4 python3 /Users/hoppworks/projects/rhai-combined-package-proof/.scratch/combined-package-proof/run-followup.py
sampled-group-member	71407	71405	71405	Wed Sep 30 20:16:06 2026	/Applications/Xcode.app/Contents/Developer/Library/Frameworks/Python3.framework/Versions/3.9/Resources/Python.app/Contents/MacOS/Python /Users/hoppworks/projects/rhai-combined-package-proof/.scratch/combined-package-proof/run-followup.py
sampled-group-member	71996	71407	71405	Wed Sep 30 20:16:37 2026	/Users/hoppworks/.rustup/toolchains/stable-aarch64-apple-darwin/bin/cargo test --locked --jobs 2 --features testing-environ,sys,net,metadata,serde --test combined_sys_net -- --test-threads=1 --nocapture
sampled-group-member	72074	71996	71405	Wed Sep 30 20:16:46 2026	/Users/hoppworks/.rustup/toolchains/stable-aarch64-apple-darwin/bin/rustc --crate-name rhai --edition=2021 src/lib.rs --error-format=json --json=diagnostic-rendered-ansi,artifacts,future-incompat --crate-type lib --emit=dep-info,metadata,link -C embed-bitcode=no --cfg feature="default" --cfg feature="metadata" --cfg feature="net" --cfg feature="serde" --cfg feature="serde_json" --cfg feature="std" --cfg feature="sys" --cfg feature="testing-environ" --check-cfg cfg(docsrs,test) --check-cfg cfg(feature, values("arbitrary", "bin-features", "core-error", "debugging", "decimal", "default", "document-features", "f32_float", "fuzz", "getrandom", "grain", "hashbrown", "internals", "libm", "metadata", "net", "no-std-compat", "no_ast", "no_closure", "no_custom_syntax", "no_float", "no_function", "no_index", "no_module", "no_object", "no_optimize", "no_position", "no_std", "no_time", "only_i32", "only_i64", "rust_decimal", "rustyline", "serde", "serde_json", "std", "sync", "sys", "testing-environ", "unchecked", "unicode-xid", "unicode-xid-ident", "unstable", "wasm-bindgen")) -C metadata=cfc810e3bae6359f -C extra-filename=-dd9c158c85b87b67 --out-dir /var/folders/yk/m4dzf0ss5x9f4j4z3xb2rrv40000gn/T/agent-build-trx9e1hu/target/debug/deps -C strip=debuginfo -L dependency=/var/folders/yk/m4dzf0ss5x9f4j4z3xb2rrv40000gn/T/agent-build-trx9e1hu/target/debug/deps --extern ahash=/var/folders/yk/m4dzf0ss5x9f4j4z3xb2rrv40000gn/T/agent-build-trx9e1hu/target/debug/deps/libahash-40c12fcca98aa9cd.rmeta --extern bitflags=/var/folders/yk/m4dzf0ss5x9f4j4z3xb2rrv40000gn/T/agent-build-trx9e1hu/target/debug/deps/libbitflags-52e14e12b5db0950.rmeta --extern cap_std=/var/folders/yk/m4dzf0ss5x9f4j4z3xb2rrv40000gn/T/agent-build-trx9e1hu/target/debug/deps/libcap_std-1ead2766af10b9f0.rmeta --extern num_traits=/var/folders/yk/m4dzf0ss5x9f4j4z3xb2rrv40000gn/T/agent-build-trx9e1hu/target/debug/deps/libnum_traits-b34f54e69976fadc.rmeta --extern once_cell=/var/folders/yk/m4dzf0ss5x9f4j4z3xb2rrv40000gn/T/agent-build-trx9e1hu/target/debug/deps/libonce_cell-99e63d5066f9fe0e.rmeta --extern rhai_codegen=/var/folders/yk/m4dzf0ss5x9f4j4z3xb2rrv40000gn/T/agent-build-trx9e1hu/target/debug/deps/librhai_codegen-53d4ef42a44e9795.dylib --extern serde=/var/folders/yk/m4dzf0ss5x9f4j4z3xb2rrv40000gn/T/agent-build-trx9e1hu/target/debug/deps/libserde-5bab42491b8acbe0.rmeta --extern serde_json=/var/folders/yk/m4dzf0ss5x9f4j4z3xb2rrv40000gn/T/agent-build-trx9e1hu/target/debug/deps/libserde_json-9e660fbf3c68f439.rmeta --extern smallvec=/var/folders/yk/m4dzf0ss5x9f4j4z3xb2rrv40000gn/T/agent-build-trx9e1hu/target/debug/deps/libsmallvec-e0b97ddf7d986c51.rmeta --extern smartstring=/var/folders/yk/m4dzf0ss5x9f4j4z3xb2rrv40000gn/T/agent-build-trx9e1hu/target/debug/deps/libsmartstring-77f3d5edf39067d6.rmeta --extern thin_vec=/var/folders/yk/m4dzf0ss5x9f4j4z3xb2rrv40000gn/T/agent-build-trx9e1hu/target/debug/deps/libthin_vec-8fe7249887313f75.rmeta
sampled-group-member	72167	unavailable	unavailable	unavailable	unavailable
sampled-group-member	71405	71400	71405	Wed Sep 30 20:16:06 2026	/opt/homebrew/Cellar/python@3.14/3.14.7/Frameworks/Python.framework/Versions/3.14/Resources/Python.app/Contents/MacOS/Python /Users/hoppworks/projects/agent-skills/tools/run_scoped.py _supervise 4 python3 /Users/hoppworks/projects/rhai-combined-package-proof/.scratch/combined-package-proof/run-followup.py
sampled-group-member	71407	71405	71405	Wed Sep 30 20:16:06 2026	/Applications/Xcode.app/Contents/Developer/Library/Frameworks/Python3.framework/Versions/3.9/Resources/Python.app/Contents/MacOS/Python /Users/hoppworks/projects/rhai-combined-package-proof/.scratch/combined-package-proof/run-followup.py
sampled-group-member	71996	71407	71405	Wed Sep 30 20:16:37 2026	/Users/hoppworks/.rustup/toolchains/stable-aarch64-apple-darwin/bin/cargo test --locked --jobs 2 --features testing-environ,sys,net,metadata,serde --test combined_sys_net -- --test-threads=1 --nocapture
sampled-group-member	72074	71996	71405	Wed Sep 30 20:16:46 2026	/Users/hoppworks/.rustup/toolchains/stable-aarch64-apple-darwin/bin/rustc --crate-name rhai --edition=2021 src/lib.rs --error-format=json --json=diagnostic-rendered-ansi,artifacts,future-incompat --crate-type lib --emit=dep-info,metadata,link -C embed-bitcode=no --cfg feature="default" --cfg feature="metadata" --cfg feature="net" --cfg feature="serde" --cfg feature="serde_json" --cfg feature="std" --cfg feature="sys" --cfg feature="testing-environ" --check-cfg cfg(docsrs,test) --check-cfg cfg(feature, values("arbitrary", "bin-features", "core-error", "debugging", "decimal", "default", "document-features", "f32_float", "fuzz", "getrandom", "grain", "hashbrown", "internals", "libm", "metadata", "net", "no-std-compat", "no_ast", "no_closure", "no_custom_syntax", "no_float", "no_function", "no_index", "no_module", "no_object", "no_optimize", "no_position", "no_std", "no_time", "only_i32", "only_i64", "rust_decimal", "rustyline", "serde", "serde_json", "std", "sync", "sys", "testing-environ", "unchecked", "unicode-xid", "unicode-xid-ident", "unstable", "wasm-bindgen")) -C metadata=cfc810e3bae6359f -C extra-filename=-dd9c158c85b87b67 --out-dir /var/folders/yk/m4dzf0ss5x9f4j4z3xb2rrv40000gn/T/agent-build-trx9e1hu/target/debug/deps -C strip=debuginfo -L dependency=/var/folders/yk/m4dzf0ss5x9f4j4z3xb2rrv40000gn/T/agent-build-trx9e1hu/target/debug/deps --extern ahash=/var/folders/yk/m4dzf0ss5x9f4j4z3xb2rrv40000gn/T/agent-build-trx9e1hu/target/debug/deps/libahash-40c12fcca98aa9cd.rmeta --extern bitflags=/var/folders/yk/m4dzf0ss5x9f4j4z3xb2rrv40000gn/T/agent-build-trx9e1hu/target/debug/deps/libbitflags-52e14e12b5db0950.rmeta --extern cap_std=/var/folders/yk/m4dzf0ss5x9f4j4z3xb2rrv40000gn/T/agent-build-trx9e1hu/target/debug/deps/libcap_std-1ead2766af10b9f0.rmeta --extern num_traits=/var/folders/yk/m4dzf0ss5x9f4j4z3xb2rrv40000gn/T/agent-build-trx9e1hu/target/debug/deps/libnum_traits-b34f54e69976fadc.rmeta --extern once_cell=/var/folders/yk/m4dzf0ss5x9f4j4z3xb2rrv40000gn/T/agent-build-trx9e1hu/target/debug/deps/libonce_cell-99e63d5066f9fe0e.rmeta --extern rhai_codegen=/var/folders/yk/m4dzf0ss5x9f4j4z3xb2rrv40000gn/T/agent-build-trx9e1hu/target/debug/deps/librhai_codegen-53d4ef42a44e9795.dylib --extern serde=/var/folders/yk/m4dzf0ss5x9f4j4z3xb2rrv40000gn/T/agent-build-trx9e1hu/target/debug/deps/libserde-5bab42491b8acbe0.rmeta --extern serde_json=/var/folders/yk/m4dzf0ss5x9f4j4z3xb2rrv40000gn/T/agent-build-trx9e1hu/target/debug/deps/libserde_json-9e660fbf3c68f439.rmeta --extern smallvec=/var/folders/yk/m4dzf0ss5x9f4j4z3xb2rrv40000gn/T/agent-build-trx9e1hu/target/debug/deps/libsmallvec-e0b97ddf7d986c51.rmeta --extern smartstring=/var/folders/yk/m4dzf0ss5x9f4j4z3xb2rrv40000gn/T/agent-build-trx9e1hu/target/debug/deps/libsmartstring-77f3d5edf39067d6.rmeta --extern thin_vec=/var/folders/yk/m4dzf0ss5x9f4j4z3xb2rrv40000gn/T/agent-build-trx9e1hu/target/debug/deps/libthin_vec-8fe7249887313f75.rmeta
sampled-group-member	72174	unavailable	unavailable	unavailable	unavailable
sampled-group-member	71405	71400	71405	Wed Sep 30 20:16:06 2026	/opt/homebrew/Cellar/python@3.14/3.14.7/Frameworks/Python.framework/Versions/3.14/Resources/Python.app/Contents/MacOS/Python /Users/hoppworks/projects/agent-skills/tools/run_scoped.py _supervise 4 python3 /Users/hoppworks/projects/rhai-combined-package-proof/.scratch/combined-package-proof/run-followup.py
sampled-group-member	71407	71405	71405	Wed Sep 30 20:16:06 2026	/Applications/Xcode.app/Contents/Developer/Library/Frameworks/Python3.framework/Versions/3.9/Resources/Python.app/Contents/MacOS/Python /Users/hoppworks/projects/rhai-combined-package-proof/.scratch/combined-package-proof/run-followup.py
sampled-group-member	71996	71407	71405	Wed Sep 30 20:16:37 2026	/Users/hoppworks/.rustup/toolchains/stable-aarch64-apple-darwin/bin/cargo test --locked --jobs 2 --features testing-environ,sys,net,metadata,serde --test combined_sys_net -- --test-threads=1 --nocapture
sampled-group-member	72074	71996	71405	Wed Sep 30 20:16:46 2026	/Users/hoppworks/.rustup/toolchains/stable-aarch64-apple-darwin/bin/rustc --crate-name rhai --edition=2021 src/lib.rs --error-format=json --json=diagnostic-rendered-ansi,artifacts,future-incompat --crate-type lib --emit=dep-info,metadata,link -C embed-bitcode=no --cfg feature="default" --cfg feature="metadata" --cfg feature="net" --cfg feature="serde" --cfg feature="serde_json" --cfg feature="std" --cfg feature="sys" --cfg feature="testing-environ" --check-cfg cfg(docsrs,test) --check-cfg cfg(feature, values("arbitrary", "bin-features", "core-error", "debugging", "decimal", "default", "document-features", "f32_float", "fuzz", "getrandom", "grain", "hashbrown", "internals", "libm", "metadata", "net", "no-std-compat", "no_ast", "no_closure", "no_custom_syntax", "no_float", "no_function", "no_index", "no_module", "no_object", "no_optimize", "no_position", "no_std", "no_time", "only_i32", "only_i64", "rust_decimal", "rustyline", "serde", "serde_json", "std", "sync", "sys", "testing-environ", "unchecked", "unicode-xid", "unicode-xid-ident", "unstable", "wasm-bindgen")) -C metadata=cfc810e3bae6359f -C extra-filename=-dd9c158c85b87b67 --out-dir /var/folders/yk/m4dzf0ss5x9f4j4z3xb2rrv40000gn/T/agent-build-trx9e1hu/target/debug/deps -C strip=debuginfo -L dependency=/var/folders/yk/m4dzf0ss5x9f4j4z3xb2rrv40000gn/T/agent-build-trx9e1hu/target/debug/deps --extern ahash=/var/folders/yk/m4dzf0ss5x9f4j4z3xb2rrv40000gn/T/agent-build-trx9e1hu/target/debug/deps/libahash-40c12fcca98aa9cd.rmeta --extern bitflags=/var/folders/yk/m4dzf0ss5x9f4j4z3xb2rrv40000gn/T/agent-build-trx9e1hu/target/debug/deps/libbitflags-52e14e12b5db0950.rmeta --extern cap_std=/var/folders/yk/m4dzf0ss5x9f4j4z3xb2rrv40000gn/T/agent-build-trx9e1hu/target/debug/deps/libcap_std-1ead2766af10b9f0.rmeta --extern num_traits=/var/folders/yk/m4dzf0ss5x9f4j4z3xb2rrv40000gn/T/agent-build-trx9e1hu/target/debug/deps/libnum_traits-b34f54e69976fadc.rmeta --extern once_cell=/var/folders/yk/m4dzf0ss5x9f4j4z3xb2rrv40000gn/T/agent-build-trx9e1hu/target/debug/deps/libonce_cell-99e63d5066f9fe0e.rmeta --extern rhai_codegen=/var/folders/yk/m4dzf0ss5x9f4j4z3xb2rrv40000gn/T/agent-build-trx9e1hu/target/debug/deps/librhai_codegen-53d4ef42a44e9795.dylib --extern serde=/var/folders/yk/m4dzf0ss5x9f4j4z3xb2rrv40000gn/T/agent-build-trx9e1hu/target/debug/deps/libserde-5bab42491b8acbe0.rmeta --extern serde_json=/var/folders/yk/m4dzf0ss5x9f4j4z3xb2rrv40000gn/T/agent-build-trx9e1hu/target/debug/deps/libserde_json-9e660fbf3c68f439.rmeta --extern smallvec=/var/folders/yk/m4dzf0ss5x9f4j4z3xb2rrv40000gn/T/agent-build-trx9e1hu/target/debug/deps/libsmallvec-e0b97ddf7d986c51.rmeta --extern smartstring=/var/folders/yk/m4dzf0ss5x9f4j4z3xb2rrv40000gn/T/agent-build-trx9e1hu/target/debug/deps/libsmartstring-77f3d5edf39067d6.rmeta --extern thin_vec=/var/folders/yk/m4dzf0ss5x9f4j4z3xb2rrv40000gn/T/agent-build-trx9e1hu/target/debug/deps/libthin_vec-8fe7249887313f75.rmeta
sampled-group-member	72181	unavailable	unavailable	unavailable	unavailable
sampled-group-member	71405	71400	71405	Wed Sep 30 20:16:06 2026	/opt/homebrew/Cellar/python@3.14/3.14.7/Frameworks/Python.framework/Versions/3.14/Resources/Python.app/Contents/MacOS/Python /Users/hoppworks/projects/agent-skills/tools/run_scoped.py _supervise 4 python3 /Users/hoppworks/projects/rhai-combined-package-proof/.scratch/combined-package-proof/run-followup.py
sampled-group-member	71407	71405	71405	Wed Sep 30 20:16:06 2026	/Applications/Xcode.app/Contents/Developer/Library/Frameworks/Python3.framework/Versions/3.9/Resources/Python.app/Contents/MacOS/Python /Users/hoppworks/projects/rhai-combined-package-proof/.scratch/combined-package-proof/run-followup.py
sampled-group-member	71996	71407	71405	Wed Sep 30 20:16:37 2026	/Users/hoppworks/.rustup/toolchains/stable-aarch64-apple-darwin/bin/cargo test --locked --jobs 2 --features testing-environ,sys,net,metadata,serde --test combined_sys_net -- --test-threads=1 --nocapture
sampled-group-member	72074	71996	71405	Wed Sep 30 20:16:46 2026	/Users/hoppworks/.rustup/toolchains/stable-aarch64-apple-darwin/bin/rustc --crate-name rhai --edition=2021 src/lib.rs --error-format=json --json=diagnostic-rendered-ansi,artifacts,future-incompat --crate-type lib --emit=dep-info,metadata,link -C embed-bitcode=no --cfg feature="default" --cfg feature="metadata" --cfg feature="net" --cfg feature="serde" --cfg feature="serde_json" --cfg feature="std" --cfg feature="sys" --cfg feature="testing-environ" --check-cfg cfg(docsrs,test) --check-cfg cfg(feature, values("arbitrary", "bin-features", "core-error", "debugging", "decimal", "default", "document-features", "f32_float", "fuzz", "getrandom", "grain", "hashbrown", "internals", "libm", "metadata", "net", "no-std-compat", "no_ast", "no_closure", "no_custom_syntax", "no_float", "no_function", "no_index", "no_module", "no_object", "no_optimize", "no_position", "no_std", "no_time", "only_i32", "only_i64", "rust_decimal", "rustyline", "serde", "serde_json", "std", "sync", "sys", "testing-environ", "unchecked", "unicode-xid", "unicode-xid-ident", "unstable", "wasm-bindgen")) -C metadata=cfc810e3bae6359f -C extra-filename=-dd9c158c85b87b67 --out-dir /var/folders/yk/m4dzf0ss5x9f4j4z3xb2rrv40000gn/T/agent-build-trx9e1hu/target/debug/deps -C strip=debuginfo -L dependency=/var/folders/yk/m4dzf0ss5x9f4j4z3xb2rrv40000gn/T/agent-build-trx9e1hu/target/debug/deps --extern ahash=/var/folders/yk/m4dzf0ss5x9f4j4z3xb2rrv40000gn/T/agent-build-trx9e1hu/target/debug/deps/libahash-40c12fcca98aa9cd.rmeta --extern bitflags=/var/folders/yk/m4dzf0ss5x9f4j4z3xb2rrv40000gn/T/agent-build-trx9e1hu/target/debug/deps/libbitflags-52e14e12b5db0950.rmeta --extern cap_std=/var/folders/yk/m4dzf0ss5x9f4j4z3xb2rrv40000gn/T/agent-build-trx9e1hu/target/debug/deps/libcap_std-1ead2766af10b9f0.rmeta --extern num_traits=/var/folders/yk/m4dzf0ss5x9f4j4z3xb2rrv40000gn/T/agent-build-trx9e1hu/target/debug/deps/libnum_traits-b34f54e69976fadc.rmeta --extern once_cell=/var/folders/yk/m4dzf0ss5x9f4j4z3xb2rrv40000gn/T/agent-build-trx9e1hu/target/debug/deps/libonce_cell-99e63d5066f9fe0e.rmeta --extern rhai_codegen=/var/folders/yk/m4dzf0ss5x9f4j4z3xb2rrv40000gn/T/agent-build-trx9e1hu/target/debug/deps/librhai_codegen-53d4ef42a44e9795.dylib --extern serde=/var/folders/yk/m4dzf0ss5x9f4j4z3xb2rrv40000gn/T/agent-build-trx9e1hu/target/debug/deps/libserde-5bab42491b8acbe0.rmeta --extern serde_json=/var/folders/yk/m4dzf0ss5x9f4j4z3xb2rrv40000gn/T/agent-build-trx9e1hu/target/debug/deps/libserde_json-9e660fbf3c68f439.rmeta --extern smallvec=/var/folders/yk/m4dzf0ss5x9f4j4z3xb2rrv40000gn/T/agent-build-trx9e1hu/target/debug/deps/libsmallvec-e0b97ddf7d986c51.rmeta --extern smartstring=/var/folders/yk/m4dzf0ss5x9f4j4z3xb2rrv40000gn/T/agent-build-trx9e1hu/target/debug/deps/libsmartstring-77f3d5edf39067d6.rmeta --extern thin_vec=/var/folders/yk/m4dzf0ss5x9f4j4z3xb2rrv40000gn/T/agent-build-trx9e1hu/target/debug/deps/libthin_vec-8fe7249887313f75.rmeta
sampled-group-member	72190	unavailable	unavailable	unavailable	unavailable
sampled-group-member	71405	71400	71405	Wed Sep 30 20:16:06 2026	/opt/homebrew/Cellar/python@3.14/3.14.7/Frameworks/Python.framework/Versions/3.14/Resources/Python.app/Contents/MacOS/Python /Users/hoppworks/projects/agent-skills/tools/run_scoped.py _supervise 4 python3 /Users/hoppworks/projects/rhai-combined-package-proof/.scratch/combined-package-proof/run-followup.py
sampled-group-member	71407	71405	71405	Wed Sep 30 20:16:06 2026	/Applications/Xcode.app/Contents/Developer/Library/Frameworks/Python3.framework/Versions/3.9/Resources/Python.app/Contents/MacOS/Python /Users/hoppworks/projects/rhai-combined-package-proof/.scratch/combined-package-proof/run-followup.py
sampled-group-member	71996	71407	71405	Wed Sep 30 20:16:37 2026	/Users/hoppworks/.rustup/toolchains/stable-aarch64-apple-darwin/bin/cargo test --locked --jobs 2 --features testing-environ,sys,net,metadata,serde --test combined_sys_net -- --test-threads=1 --nocapture
sampled-group-member	72074	71996	71405	Wed Sep 30 20:16:46 2026	/Users/hoppworks/.rustup/toolchains/stable-aarch64-apple-darwin/bin/rustc --crate-name rhai --edition=2021 src/lib.rs --error-format=json --json=diagnostic-rendered-ansi,artifacts,future-incompat --crate-type lib --emit=dep-info,metadata,link -C embed-bitcode=no --cfg feature="default" --cfg feature="metadata" --cfg feature="net" --cfg feature="serde" --cfg feature="serde_json" --cfg feature="std" --cfg feature="sys" --cfg feature="testing-environ" --check-cfg cfg(docsrs,test) --check-cfg cfg(feature, values("arbitrary", "bin-features", "core-error", "debugging", "decimal", "default", "document-features", "f32_float", "fuzz", "getrandom", "grain", "hashbrown", "internals", "libm", "metadata", "net", "no-std-compat", "no_ast", "no_closure", "no_custom_syntax", "no_float", "no_function", "no_index", "no_module", "no_object", "no_optimize", "no_position", "no_std", "no_time", "only_i32", "only_i64", "rust_decimal", "rustyline", "serde", "serde_json", "std", "sync", "sys", "testing-environ", "unchecked", "unicode-xid", "unicode-xid-ident", "unstable", "wasm-bindgen")) -C metadata=cfc810e3bae6359f -C extra-filename=-dd9c158c85b87b67 --out-dir /var/folders/yk/m4dzf0ss5x9f4j4z3xb2rrv40000gn/T/agent-build-trx9e1hu/target/debug/deps -C strip=debuginfo -L dependency=/var/folders/yk/m4dzf0ss5x9f4j4z3xb2rrv40000gn/T/agent-build-trx9e1hu/target/debug/deps --extern ahash=/var/folders/yk/m4dzf0ss5x9f4j4z3xb2rrv40000gn/T/agent-build-trx9e1hu/target/debug/deps/libahash-40c12fcca98aa9cd.rmeta --extern bitflags=/var/folders/yk/m4dzf0ss5x9f4j4z3xb2rrv40000gn/T/agent-build-trx9e1hu/target/debug/deps/libbitflags-52e14e12b5db0950.rmeta --extern cap_std=/var/folders/yk/m4dzf0ss5x9f4j4z3xb2rrv40000gn/T/agent-build-trx9e1hu/target/debug/deps/libcap_std-1ead2766af10b9f0.rmeta --extern num_traits=/var/folders/yk/m4dzf0ss5x9f4j4z3xb2rrv40000gn/T/agent-build-trx9e1hu/target/debug/deps/libnum_traits-b34f54e69976fadc.rmeta --extern once_cell=/var/folders/yk/m4dzf0ss5x9f4j4z3xb2rrv40000gn/T/agent-build-trx9e1hu/target/debug/deps/libonce_cell-99e63d5066f9fe0e.rmeta --extern rhai_codegen=/var/folders/yk/m4dzf0ss5x9f4j4z3xb2rrv40000gn/T/agent-build-trx9e1hu/target/debug/deps/librhai_codegen-53d4ef42a44e9795.dylib --extern serde=/var/folders/yk/m4dzf0ss5x9f4j4z3xb2rrv40000gn/T/agent-build-trx9e1hu/target/debug/deps/libserde-5bab42491b8acbe0.rmeta --extern serde_json=/var/folders/yk/m4dzf0ss5x9f4j4z3xb2rrv40000gn/T/agent-build-trx9e1hu/target/debug/deps/libserde_json-9e660fbf3c68f439.rmeta --extern smallvec=/var/folders/yk/m4dzf0ss5x9f4j4z3xb2rrv40000gn/T/agent-build-trx9e1hu/target/debug/deps/libsmallvec-e0b97ddf7d986c51.rmeta --extern smartstring=/var/folders/yk/m4dzf0ss5x9f4j4z3xb2rrv40000gn/T/agent-build-trx9e1hu/target/debug/deps/libsmartstring-77f3d5edf39067d6.rmeta --extern thin_vec=/var/folders/yk/m4dzf0ss5x9f4j4z3xb2rrv40000gn/T/agent-build-trx9e1hu/target/debug/deps/libthin_vec-8fe7249887313f75.rmeta
sampled-group-member	72220	unavailable	unavailable	unavailable	unavailable
sampled-group-member	71405	71400	71405	Wed Sep 30 20:16:06 2026	/opt/homebrew/Cellar/python@3.14/3.14.7/Frameworks/Python.framework/Versions/3.14/Resources/Python.app/Contents/MacOS/Python /Users/hoppworks/projects/agent-skills/tools/run_scoped.py _supervise 4 python3 /Users/hoppworks/projects/rhai-combined-package-proof/.scratch/combined-package-proof/run-followup.py
sampled-group-member	71407	71405	71405	Wed Sep 30 20:16:06 2026	/Applications/Xcode.app/Contents/Developer/Library/Frameworks/Python3.framework/Versions/3.9/Resources/Python.app/Contents/MacOS/Python /Users/hoppworks/projects/rhai-combined-package-proof/.scratch/combined-package-proof/run-followup.py
sampled-group-member	71996	71407	71405	Wed Sep 30 20:16:37 2026	/Users/hoppworks/.rustup/toolchains/stable-aarch64-apple-darwin/bin/cargo test --locked --jobs 2 --features testing-environ,sys,net,metadata,serde --test combined_sys_net -- --test-threads=1 --nocapture
sampled-group-member	72074	71996	71405	Wed Sep 30 20:16:46 2026	/Users/hoppworks/.rustup/toolchains/stable-aarch64-apple-darwin/bin/rustc --crate-name rhai --edition=2021 src/lib.rs --error-format=json --json=diagnostic-rendered-ansi,artifacts,future-incompat --crate-type lib --emit=dep-info,metadata,link -C embed-bitcode=no --cfg feature="default" --cfg feature="metadata" --cfg feature="net" --cfg feature="serde" --cfg feature="serde_json" --cfg feature="std" --cfg feature="sys" --cfg feature="testing-environ" --check-cfg cfg(docsrs,test) --check-cfg cfg(feature, values("arbitrary", "bin-features", "core-error", "debugging", "decimal", "default", "document-features", "f32_float", "fuzz", "getrandom", "grain", "hashbrown", "internals", "libm", "metadata", "net", "no-std-compat", "no_ast", "no_closure", "no_custom_syntax", "no_float", "no_function", "no_index", "no_module", "no_object", "no_optimize", "no_position", "no_std", "no_time", "only_i32", "only_i64", "rust_decimal", "rustyline", "serde", "serde_json", "std", "sync", "sys", "testing-environ", "unchecked", "unicode-xid", "unicode-xid-ident", "unstable", "wasm-bindgen")) -C metadata=cfc810e3bae6359f -C extra-filename=-dd9c158c85b87b67 --out-dir /var/folders/yk/m4dzf0ss5x9f4j4z3xb2rrv40000gn/T/agent-build-trx9e1hu/target/debug/deps -C strip=debuginfo -L dependency=/var/folders/yk/m4dzf0ss5x9f4j4z3xb2rrv40000gn/T/agent-build-trx9e1hu/target/debug/deps --extern ahash=/var/folders/yk/m4dzf0ss5x9f4j4z3xb2rrv40000gn/T/agent-build-trx9e1hu/target/debug/deps/libahash-40c12fcca98aa9cd.rmeta --extern bitflags=/var/folders/yk/m4dzf0ss5x9f4j4z3xb2rrv40000gn/T/agent-build-trx9e1hu/target/debug/deps/libbitflags-52e14e12b5db0950.rmeta --extern cap_std=/var/folders/yk/m4dzf0ss5x9f4j4z3xb2rrv40000gn/T/agent-build-trx9e1hu/target/debug/deps/libcap_std-1ead2766af10b9f0.rmeta --extern num_traits=/var/folders/yk/m4dzf0ss5x9f4j4z3xb2rrv40000gn/T/agent-build-trx9e1hu/target/debug/deps/libnum_traits-b34f54e69976fadc.rmeta --extern once_cell=/var/folders/yk/m4dzf0ss5x9f4j4z3xb2rrv40000gn/T/agent-build-trx9e1hu/target/debug/deps/libonce_cell-99e63d5066f9fe0e.rmeta --extern rhai_codegen=/var/folders/yk/m4dzf0ss5x9f4j4z3xb2rrv40000gn/T/agent-build-trx9e1hu/target/debug/deps/librhai_codegen-53d4ef42a44e9795.dylib --extern serde=/var/folders/yk/m4dzf0ss5x9f4j4z3xb2rrv40000gn/T/agent-build-trx9e1hu/target/debug/deps/libserde-5bab42491b8acbe0.rmeta --extern serde_json=/var/folders/yk/m4dzf0ss5x9f4j4z3xb2rrv40000gn/T/agent-build-trx9e1hu/target/debug/deps/libserde_json-9e660fbf3c68f439.rmeta --extern smallvec=/var/folders/yk/m4dzf0ss5x9f4j4z3xb2rrv40000gn/T/agent-build-trx9e1hu/target/debug/deps/libsmallvec-e0b97ddf7d986c51.rmeta --extern smartstring=/var/folders/yk/m4dzf0ss5x9f4j4z3xb2rrv40000gn/T/agent-build-trx9e1hu/target/debug/deps/libsmartstring-77f3d5edf39067d6.rmeta --extern thin_vec=/var/folders/yk/m4dzf0ss5x9f4j4z3xb2rrv40000gn/T/agent-build-trx9e1hu/target/debug/deps/libthin_vec-8fe7249887313f75.rmeta
sampled-group-member	72238	unavailable	unavailable	unavailable	unavailable
sampled-group-member	71405	71400	71405	Wed Sep 30 20:16:06 2026	/opt/homebrew/Cellar/python@3.14/3.14.7/Frameworks/Python.framework/Versions/3.14/Resources/Python.app/Contents/MacOS/Python /Users/hoppworks/projects/agent-skills/tools/run_scoped.py _supervise 4 python3 /Users/hoppworks/projects/rhai-combined-package-proof/.scratch/combined-package-proof/run-followup.py
sampled-group-member	71407	71405	71405	Wed Sep 30 20:16:06 2026	/Applications/Xcode.app/Contents/Developer/Library/Frameworks/Python3.framework/Versions/3.9/Resources/Python.app/Contents/MacOS/Python /Users/hoppworks/projects/rhai-combined-package-proof/.scratch/combined-package-proof/run-followup.py
sampled-group-member	71996	71407	71405	Wed Sep 30 20:16:37 2026	/Users/hoppworks/.rustup/toolchains/stable-aarch64-apple-darwin/bin/cargo test --locked --jobs 2 --features testing-environ,sys,net,metadata,serde --test combined_sys_net -- --test-threads=1 --nocapture
sampled-group-member	72074	71996	71405	Wed Sep 30 20:16:46 2026	/Users/hoppworks/.rustup/toolchains/stable-aarch64-apple-darwin/bin/rustc --crate-name rhai --edition=2021 src/lib.rs --error-format=json --json=diagnostic-rendered-ansi,artifacts,future-incompat --crate-type lib --emit=dep-info,metadata,link -C embed-bitcode=no --cfg feature="default" --cfg feature="metadata" --cfg feature="net" --cfg feature="serde" --cfg feature="serde_json" --cfg feature="std" --cfg feature="sys" --cfg feature="testing-environ" --check-cfg cfg(docsrs,test) --check-cfg cfg(feature, values("arbitrary", "bin-features", "core-error", "debugging", "decimal", "default", "document-features", "f32_float", "fuzz", "getrandom", "grain", "hashbrown", "internals", "libm", "metadata", "net", "no-std-compat", "no_ast", "no_closure", "no_custom_syntax", "no_float", "no_function", "no_index", "no_module", "no_object", "no_optimize", "no_position", "no_std", "no_time", "only_i32", "only_i64", "rust_decimal", "rustyline", "serde", "serde_json", "std", "sync", "sys", "testing-environ", "unchecked", "unicode-xid", "unicode-xid-ident", "unstable", "wasm-bindgen")) -C metadata=cfc810e3bae6359f -C extra-filename=-dd9c158c85b87b67 --out-dir /var/folders/yk/m4dzf0ss5x9f4j4z3xb2rrv40000gn/T/agent-build-trx9e1hu/target/debug/deps -C strip=debuginfo -L dependency=/var/folders/yk/m4dzf0ss5x9f4j4z3xb2rrv40000gn/T/agent-build-trx9e1hu/target/debug/deps --extern ahash=/var/folders/yk/m4dzf0ss5x9f4j4z3xb2rrv40000gn/T/agent-build-trx9e1hu/target/debug/deps/libahash-40c12fcca98aa9cd.rmeta --extern bitflags=/var/folders/yk/m4dzf0ss5x9f4j4z3xb2rrv40000gn/T/agent-build-trx9e1hu/target/debug/deps/libbitflags-52e14e12b5db0950.rmeta --extern cap_std=/var/folders/yk/m4dzf0ss5x9f4j4z3xb2rrv40000gn/T/agent-build-trx9e1hu/target/debug/deps/libcap_std-1ead2766af10b9f0.rmeta --extern num_traits=/var/folders/yk/m4dzf0ss5x9f4j4z3xb2rrv40000gn/T/agent-build-trx9e1hu/target/debug/deps/libnum_traits-b34f54e69976fadc.rmeta --extern once_cell=/var/folders/yk/m4dzf0ss5x9f4j4z3xb2rrv40000gn/T/agent-build-trx9e1hu/target/debug/deps/libonce_cell-99e63d5066f9fe0e.rmeta --extern rhai_codegen=/var/folders/yk/m4dzf0ss5x9f4j4z3xb2rrv40000gn/T/agent-build-trx9e1hu/target/debug/deps/librhai_codegen-53d4ef42a44e9795.dylib --extern serde=/var/folders/yk/m4dzf0ss5x9f4j4z3xb2rrv40000gn/T/agent-build-trx9e1hu/target/debug/deps/libserde-5bab42491b8acbe0.rmeta --extern serde_json=/var/folders/yk/m4dzf0ss5x9f4j4z3xb2rrv40000gn/T/agent-build-trx9e1hu/target/debug/deps/libserde_json-9e660fbf3c68f439.rmeta --extern smallvec=/var/folders/yk/m4dzf0ss5x9f4j4z3xb2rrv40000gn/T/agent-build-trx9e1hu/target/debug/deps/libsmallvec-e0b97ddf7d986c51.rmeta --extern smartstring=/var/folders/yk/m4dzf0ss5x9f4j4z3xb2rrv40000gn/T/agent-build-trx9e1hu/target/debug/deps/libsmartstring-77f3d5edf39067d6.rmeta --extern thin_vec=/var/folders/yk/m4dzf0ss5x9f4j4z3xb2rrv40000gn/T/agent-build-trx9e1hu/target/debug/deps/libthin_vec-8fe7249887313f75.rmeta
sampled-group-member	72251	unavailable	unavailable	unavailable	unavailable
sampled-group-member	71405	71400	71405	Wed Sep 30 20:16:06 2026	/opt/homebrew/Cellar/python@3.14/3.14.7/Frameworks/Python.framework/Versions/3.14/Resources/Python.app/Contents/MacOS/Python /Users/hoppworks/projects/agent-skills/tools/run_scoped.py _supervise 4 python3 /Users/hoppworks/projects/rhai-combined-package-proof/.scratch/combined-package-proof/run-followup.py
sampled-group-member	71407	71405	71405	Wed Sep 30 20:16:06 2026	/Applications/Xcode.app/Contents/Developer/Library/Frameworks/Python3.framework/Versions/3.9/Resources/Python.app/Contents/MacOS/Python /Users/hoppworks/projects/rhai-combined-package-proof/.scratch/combined-package-proof/run-followup.py
sampled-group-member	71996	71407	71405	Wed Sep 30 20:16:37 2026	/Users/hoppworks/.rustup/toolchains/stable-aarch64-apple-darwin/bin/cargo test --locked --jobs 2 --features testing-environ,sys,net,metadata,serde --test combined_sys_net -- --test-threads=1 --nocapture
sampled-group-member	72074	71996	71405	Wed Sep 30 20:16:46 2026	/Users/hoppworks/.rustup/toolchains/stable-aarch64-apple-darwin/bin/rustc --crate-name rhai --edition=2021 src/lib.rs --error-format=json --json=diagnostic-rendered-ansi,artifacts,future-incompat --crate-type lib --emit=dep-info,metadata,link -C embed-bitcode=no --cfg feature="default" --cfg feature="metadata" --cfg feature="net" --cfg feature="serde" --cfg feature="serde_json" --cfg feature="std" --cfg feature="sys" --cfg feature="testing-environ" --check-cfg cfg(docsrs,test) --check-cfg cfg(feature, values("arbitrary", "bin-features", "core-error", "debugging", "decimal", "default", "document-features", "f32_float", "fuzz", "getrandom", "grain", "hashbrown", "internals", "libm", "metadata", "net", "no-std-compat", "no_ast", "no_closure", "no_custom_syntax", "no_float", "no_function", "no_index", "no_module", "no_object", "no_optimize", "no_position", "no_std", "no_time", "only_i32", "only_i64", "rust_decimal", "rustyline", "serde", "serde_json", "std", "sync", "sys", "testing-environ", "unchecked", "unicode-xid", "unicode-xid-ident", "unstable", "wasm-bindgen")) -C metadata=cfc810e3bae6359f -C extra-filename=-dd9c158c85b87b67 --out-dir /var/folders/yk/m4dzf0ss5x9f4j4z3xb2rrv40000gn/T/agent-build-trx9e1hu/target/debug/deps -C strip=debuginfo -L dependency=/var/folders/yk/m4dzf0ss5x9f4j4z3xb2rrv40000gn/T/agent-build-trx9e1hu/target/debug/deps --extern ahash=/var/folders/yk/m4dzf0ss5x9f4j4z3xb2rrv40000gn/T/agent-build-trx9e1hu/target/debug/deps/libahash-40c12fcca98aa9cd.rmeta --extern bitflags=/var/folders/yk/m4dzf0ss5x9f4j4z3xb2rrv40000gn/T/agent-build-trx9e1hu/target/debug/deps/libbitflags-52e14e12b5db0950.rmeta --extern cap_std=/var/folders/yk/m4dzf0ss5x9f4j4z3xb2rrv40000gn/T/agent-build-trx9e1hu/target/debug/deps/libcap_std-1ead2766af10b9f0.rmeta --extern num_traits=/var/folders/yk/m4dzf0ss5x9f4j4z3xb2rrv40000gn/T/agent-build-trx9e1hu/target/debug/deps/libnum_traits-b34f54e69976fadc.rmeta --extern once_cell=/var/folders/yk/m4dzf0ss5x9f4j4z3xb2rrv40000gn/T/agent-build-trx9e1hu/target/debug/deps/libonce_cell-99e63d5066f9fe0e.rmeta --extern rhai_codegen=/var/folders/yk/m4dzf0ss5x9f4j4z3xb2rrv40000gn/T/agent-build-trx9e1hu/target/debug/deps/librhai_codegen-53d4ef42a44e9795.dylib --extern serde=/var/folders/yk/m4dzf0ss5x9f4j4z3xb2rrv40000gn/T/agent-build-trx9e1hu/target/debug/deps/libserde-5bab42491b8acbe0.rmeta --extern serde_json=/var/folders/yk/m4dzf0ss5x9f4j4z3xb2rrv40000gn/T/agent-build-trx9e1hu/target/debug/deps/libserde_json-9e660fbf3c68f439.rmeta --extern smallvec=/var/folders/yk/m4dzf0ss5x9f4j4z3xb2rrv40000gn/T/agent-build-trx9e1hu/target/debug/deps/libsmallvec-e0b97ddf7d986c51.rmeta --extern smartstring=/var/folders/yk/m4dzf0ss5x9f4j4z3xb2rrv40000gn/T/agent-build-trx9e1hu/target/debug/deps/libsmartstring-77f3d5edf39067d6.rmeta --extern thin_vec=/var/folders/yk/m4dzf0ss5x9f4j4z3xb2rrv40000gn/T/agent-build-trx9e1hu/target/debug/deps/libthin_vec-8fe7249887313f75.rmeta
sampled-group-member	72258	unavailable	unavailable	unavailable	unavailable
sampled-group-member	71405	71400	71405	Wed Sep 30 20:16:06 2026	/opt/homebrew/Cellar/python@3.14/3.14.7/Frameworks/Python.framework/Versions/3.14/Resources/Python.app/Contents/MacOS/Python /Users/hoppworks/projects/agent-skills/tools/run_scoped.py _supervise 4 python3 /Users/hoppworks/projects/rhai-combined-package-proof/.scratch/combined-package-proof/run-followup.py
sampled-group-member	71407	71405	71405	Wed Sep 30 20:16:06 2026	/Applications/Xcode.app/Contents/Developer/Library/Frameworks/Python3.framework/Versions/3.9/Resources/Python.app/Contents/MacOS/Python /Users/hoppworks/projects/rhai-combined-package-proof/.scratch/combined-package-proof/run-followup.py
sampled-group-member	71996	71407	71405	Wed Sep 30 20:16:37 2026	/Users/hoppworks/.rustup/toolchains/stable-aarch64-apple-darwin/bin/cargo test --locked --jobs 2 --features testing-environ,sys,net,metadata,serde --test combined_sys_net -- --test-threads=1 --nocapture
sampled-group-member	72074	71996	71405	Wed Sep 30 20:16:46 2026	/Users/hoppworks/.rustup/toolchains/stable-aarch64-apple-darwin/bin/rustc --crate-name rhai --edition=2021 src/lib.rs --error-format=json --json=diagnostic-rendered-ansi,artifacts,future-incompat --crate-type lib --emit=dep-info,metadata,link -C embed-bitcode=no --cfg feature="default" --cfg feature="metadata" --cfg feature="net" --cfg feature="serde" --cfg feature="serde_json" --cfg feature="std" --cfg feature="sys" --cfg feature="testing-environ" --check-cfg cfg(docsrs,test) --check-cfg cfg(feature, values("arbitrary", "bin-features", "core-error", "debugging", "decimal", "default", "document-features", "f32_float", "fuzz", "getrandom", "grain", "hashbrown", "internals", "libm", "metadata", "net", "no-std-compat", "no_ast", "no_closure", "no_custom_syntax", "no_float", "no_function", "no_index", "no_module", "no_object", "no_optimize", "no_position", "no_std", "no_time", "only_i32", "only_i64", "rust_decimal", "rustyline", "serde", "serde_json", "std", "sync", "sys", "testing-environ", "unchecked", "unicode-xid", "unicode-xid-ident", "unstable", "wasm-bindgen")) -C metadata=cfc810e3bae6359f -C extra-filename=-dd9c158c85b87b67 --out-dir /var/folders/yk/m4dzf0ss5x9f4j4z3xb2rrv40000gn/T/agent-build-trx9e1hu/target/debug/deps -C strip=debuginfo -L dependency=/var/folders/yk/m4dzf0ss5x9f4j4z3xb2rrv40000gn/T/agent-build-trx9e1hu/target/debug/deps --extern ahash=/var/folders/yk/m4dzf0ss5x9f4j4z3xb2rrv40000gn/T/agent-build-trx9e1hu/target/debug/deps/libahash-40c12fcca98aa9cd.rmeta --extern bitflags=/var/folders/yk/m4dzf0ss5x9f4j4z3xb2rrv40000gn/T/agent-build-trx9e1hu/target/debug/deps/libbitflags-52e14e12b5db0950.rmeta --extern cap_std=/var/folders/yk/m4dzf0ss5x9f4j4z3xb2rrv40000gn/T/agent-build-trx9e1hu/target/debug/deps/libcap_std-1ead2766af10b9f0.rmeta --extern num_traits=/var/folders/yk/m4dzf0ss5x9f4j4z3xb2rrv40000gn/T/agent-build-trx9e1hu/target/debug/deps/libnum_traits-b34f54e69976fadc.rmeta --extern once_cell=/var/folders/yk/m4dzf0ss5x9f4j4z3xb2rrv40000gn/T/agent-build-trx9e1hu/target/debug/deps/libonce_cell-99e63d5066f9fe0e.rmeta --extern rhai_codegen=/var/folders/yk/m4dzf0ss5x9f4j4z3xb2rrv40000gn/T/agent-build-trx9e1hu/target/debug/deps/librhai_codegen-53d4ef42a44e9795.dylib --extern serde=/var/folders/yk/m4dzf0ss5x9f4j4z3xb2rrv40000gn/T/agent-build-trx9e1hu/target/debug/deps/libserde-5bab42491b8acbe0.rmeta --extern serde_json=/var/folders/yk/m4dzf0ss5x9f4j4z3xb2rrv40000gn/T/agent-build-trx9e1hu/target/debug/deps/libserde_json-9e660fbf3c68f439.rmeta --extern smallvec=/var/folders/yk/m4dzf0ss5x9f4j4z3xb2rrv40000gn/T/agent-build-trx9e1hu/target/debug/deps/libsmallvec-e0b97ddf7d986c51.rmeta --extern smartstring=/var/folders/yk/m4dzf0ss5x9f4j4z3xb2rrv40000gn/T/agent-build-trx9e1hu/target/debug/deps/libsmartstring-77f3d5edf39067d6.rmeta --extern thin_vec=/var/folders/yk/m4dzf0ss5x9f4j4z3xb2rrv40000gn/T/agent-build-trx9e1hu/target/debug/deps/libthin_vec-8fe7249887313f75.rmeta
sampled-group-member	72269	unavailable	unavailable	unavailable	unavailable
sampled-group-member	71405	71400	71405	Wed Sep 30 20:16:06 2026	/opt/homebrew/Cellar/python@3.14/3.14.7/Frameworks/Python.framework/Versions/3.14/Resources/Python.app/Contents/MacOS/Python /Users/hoppworks/projects/agent-skills/tools/run_scoped.py _supervise 4 python3 /Users/hoppworks/projects/rhai-combined-package-proof/.scratch/combined-package-proof/run-followup.py
sampled-group-member	71407	71405	71405	Wed Sep 30 20:16:06 2026	/Applications/Xcode.app/Contents/Developer/Library/Frameworks/Python3.framework/Versions/3.9/Resources/Python.app/Contents/MacOS/Python /Users/hoppworks/projects/rhai-combined-package-proof/.scratch/combined-package-proof/run-followup.py
sampled-group-member	71996	71407	71405	Wed Sep 30 20:16:37 2026	/Users/hoppworks/.rustup/toolchains/stable-aarch64-apple-darwin/bin/cargo test --locked --jobs 2 --features testing-environ,sys,net,metadata,serde --test combined_sys_net -- --test-threads=1 --nocapture
sampled-group-member	72299	71996	71405	Wed Sep 30 20:17:12 2026	/var/folders/yk/m4dzf0ss5x9f4j4z3xb2rrv40000gn/T/agent-build-trx9e1hu/target/debug/deps/combined_sys_net-8bb6ac8d4ab35659 --test-threads=1 --nocapture
sampled-group-member	72300	unavailable	unavailable	unavailable	unavailable
combined-only-i32-no-float	72311	71407	71405	Wed Sep 30 20:17:12 2026	/Users/hoppworks/.rustup/toolchains/stable-aarch64-apple-darwin/bin/cargo test --locked --jobs 2 --features testing-environ,sys,net,only_i32,no_float --test combined_sys_net -- --test-threads=1 --nocapture
sampled-group-member	71405	71400	71405	Wed Sep 30 20:16:06 2026	/opt/homebrew/Cellar/python@3.14/3.14.7/Frameworks/Python.framework/Versions/3.14/Resources/Python.app/Contents/MacOS/Python /Users/hoppworks/projects/agent-skills/tools/run_scoped.py _supervise 4 python3 /Users/hoppworks/projects/rhai-combined-package-proof/.scratch/combined-package-proof/run-followup.py
sampled-group-member	71407	71405	71405	Wed Sep 30 20:16:06 2026	/Applications/Xcode.app/Contents/Developer/Library/Frameworks/Python3.framework/Versions/3.9/Resources/Python.app/Contents/MacOS/Python /Users/hoppworks/projects/rhai-combined-package-proof/.scratch/combined-package-proof/run-followup.py
sampled-group-member	72311	71407	71405	Wed Sep 30 20:17:12 2026	/Users/hoppworks/.rustup/toolchains/stable-aarch64-apple-darwin/bin/cargo test --locked --jobs 2 --features testing-environ,sys,net,only_i32,no_float --test combined_sys_net -- --test-threads=1 --nocapture
sampled-group-member	72319	72311	71405	Wed Sep 30 20:17:12 2026	/Users/hoppworks/.rustup/toolchains/stable-aarch64-apple-darwin/bin/rustc --crate-name rhai --edition=2021 src/lib.rs --error-format=json --json=diagnostic-rendered-ansi,artifacts,future-incompat --crate-type lib --emit=dep-info,metadata,link -C embed-bitcode=no --cfg feature="default" --cfg feature="net" --cfg feature="no_float" --cfg feature="only_i32" --cfg feature="std" --cfg feature="sys" --cfg feature="testing-environ" --check-cfg cfg(docsrs,test) --check-cfg cfg(feature, values("arbitrary", "bin-features", "core-error", "debugging", "decimal", "default", "document-features", "f32_float", "fuzz", "getrandom", "grain", "hashbrown", "internals", "libm", "metadata", "net", "no-std-compat", "no_ast", "no_closure", "no_custom_syntax", "no_float", "no_function", "no_index", "no_module", "no_object", "no_optimize", "no_position", "no_std", "no_time", "only_i32", "only_i64", "rust_decimal", "rustyline", "serde", "serde_json", "std", "sync", "sys", "testing-environ", "unchecked", "unicode-xid", "unicode-xid-ident", "unstable", "wasm-bindgen")) -C metadata=78d4d26bd7a81b93 -C extra-filename=-3e9771d8288b9dc5 --out-dir /var/folders/yk/m4dzf0ss5x9f4j4z3xb2rrv40000gn/T/agent-build-trx9e1hu/target/debug/deps -C strip=debuginfo -L dependency=/var/folders/yk/m4dzf0ss5x9f4j4z3xb2rrv40000gn/T/agent-build-trx9e1hu/target/debug/deps --extern ahash=/var/folders/yk/m4dzf0ss5x9f4j4z3xb2rrv40000gn/T/agent-build-trx9e1hu/target/debug/deps/libahash-40c12fcca98aa9cd.rmeta --extern bitflags=/var/folders/yk/m4dzf0ss5x9f4j4z3xb2rrv40000gn/T/agent-build-trx9e1hu/target/debug/deps/libbitflags-52e14e12b5db0950.rmeta --extern cap_std=/var/folders/yk/m4dzf0ss5x9f4j4z3xb2rrv40000gn/T/agent-build-trx9e1hu/target/debug/deps/libcap_std-1ead2766af10b9f0.rmeta --extern num_traits=/var/folders/yk/m4dzf0ss5x9f4j4z3xb2rrv40000gn/T/agent-build-trx9e1hu/target/debug/deps/libnum_traits-b34f54e69976fadc.rmeta --extern once_cell=/var/folders/yk/m4dzf0ss5x9f4j4z3xb2rrv40000gn/T/agent-build-trx9e1hu/target/debug/deps/libonce_cell-99e63d5066f9fe0e.rmeta --extern rhai_codegen=/var/folders/yk/m4dzf0ss5x9f4j4z3xb2rrv40000gn/T/agent-build-trx9e1hu/target/debug/deps/librhai_codegen-03860fa4714a6c34.dylib --extern smallvec=/var/folders/yk/m4dzf0ss5x9f4j4z3xb2rrv40000gn/T/agent-build-trx9e1hu/target/debug/deps/libsmallvec-e8e356ea36f4c204.rmeta --extern smartstring=/var/folders/yk/m4dzf0ss5x9f4j4z3xb2rrv40000gn/T/agent-build-trx9e1hu/target/debug/deps/libsmartstring-77f3d5edf39067d6.rmeta --extern thin_vec=/var/folders/yk/m4dzf0ss5x9f4j4z3xb2rrv40000gn/T/agent-build-trx9e1hu/target/debug/deps/libthin_vec-8fe7249887313f75.rmeta
sampled-group-member	72321	unavailable	unavailable	unavailable	unavailable
sampled-group-member	71405	71400	71405	Wed Sep 30 20:16:06 2026	/opt/homebrew/Cellar/python@3.14/3.14.7/Frameworks/Python.framework/Versions/3.14/Resources/Python.app/Contents/MacOS/Python /Users/hoppworks/projects/agent-skills/tools/run_scoped.py _supervise 4 python3 /Users/hoppworks/projects/rhai-combined-package-proof/.scratch/combined-package-proof/run-followup.py
sampled-group-member	71407	71405	71405	Wed Sep 30 20:16:06 2026	/Applications/Xcode.app/Contents/Developer/Library/Frameworks/Python3.framework/Versions/3.9/Resources/Python.app/Contents/MacOS/Python /Users/hoppworks/projects/rhai-combined-package-proof/.scratch/combined-package-proof/run-followup.py
sampled-group-member	72311	71407	71405	Wed Sep 30 20:17:12 2026	/Users/hoppworks/.rustup/toolchains/stable-aarch64-apple-darwin/bin/cargo test --locked --jobs 2 --features testing-environ,sys,net,only_i32,no_float --test combined_sys_net -- --test-threads=1 --nocapture
sampled-group-member	72319	72311	71405	Wed Sep 30 20:17:12 2026	/Users/hoppworks/.rustup/toolchains/stable-aarch64-apple-darwin/bin/rustc --crate-name rhai --edition=2021 src/lib.rs --error-format=json --json=diagnostic-rendered-ansi,artifacts,future-incompat --crate-type lib --emit=dep-info,metadata,link -C embed-bitcode=no --cfg feature="default" --cfg feature="net" --cfg feature="no_float" --cfg feature="only_i32" --cfg feature="std" --cfg feature="sys" --cfg feature="testing-environ" --check-cfg cfg(docsrs,test) --check-cfg cfg(feature, values("arbitrary", "bin-features", "core-error", "debugging", "decimal", "default", "document-features", "f32_float", "fuzz", "getrandom", "grain", "hashbrown", "internals", "libm", "metadata", "net", "no-std-compat", "no_ast", "no_closure", "no_custom_syntax", "no_float", "no_function", "no_index", "no_module", "no_object", "no_optimize", "no_position", "no_std", "no_time", "only_i32", "only_i64", "rust_decimal", "rustyline", "serde", "serde_json", "std", "sync", "sys", "testing-environ", "unchecked", "unicode-xid", "unicode-xid-ident", "unstable", "wasm-bindgen")) -C metadata=78d4d26bd7a81b93 -C extra-filename=-3e9771d8288b9dc5 --out-dir /var/folders/yk/m4dzf0ss5x9f4j4z3xb2rrv40000gn/T/agent-build-trx9e1hu/target/debug/deps -C strip=debuginfo -L dependency=/var/folders/yk/m4dzf0ss5x9f4j4z3xb2rrv40000gn/T/agent-build-trx9e1hu/target/debug/deps --extern ahash=/var/folders/yk/m4dzf0ss5x9f4j4z3xb2rrv40000gn/T/agent-build-trx9e1hu/target/debug/deps/libahash-40c12fcca98aa9cd.rmeta --extern bitflags=/var/folders/yk/m4dzf0ss5x9f4j4z3xb2rrv40000gn/T/agent-build-trx9e1hu/target/debug/deps/libbitflags-52e14e12b5db0950.rmeta --extern cap_std=/var/folders/yk/m4dzf0ss5x9f4j4z3xb2rrv40000gn/T/agent-build-trx9e1hu/target/debug/deps/libcap_std-1ead2766af10b9f0.rmeta --extern num_traits=/var/folders/yk/m4dzf0ss5x9f4j4z3xb2rrv40000gn/T/agent-build-trx9e1hu/target/debug/deps/libnum_traits-b34f54e69976fadc.rmeta --extern once_cell=/var/folders/yk/m4dzf0ss5x9f4j4z3xb2rrv40000gn/T/agent-build-trx9e1hu/target/debug/deps/libonce_cell-99e63d5066f9fe0e.rmeta --extern rhai_codegen=/var/folders/yk/m4dzf0ss5x9f4j4z3xb2rrv40000gn/T/agent-build-trx9e1hu/target/debug/deps/librhai_codegen-03860fa4714a6c34.dylib --extern smallvec=/var/folders/yk/m4dzf0ss5x9f4j4z3xb2rrv40000gn/T/agent-build-trx9e1hu/target/debug/deps/libsmallvec-e8e356ea36f4c204.rmeta --extern smartstring=/var/folders/yk/m4dzf0ss5x9f4j4z3xb2rrv40000gn/T/agent-build-trx9e1hu/target/debug/deps/libsmartstring-77f3d5edf39067d6.rmeta --extern thin_vec=/var/folders/yk/m4dzf0ss5x9f4j4z3xb2rrv40000gn/T/agent-build-trx9e1hu/target/debug/deps/libthin_vec-8fe7249887313f75.rmeta
sampled-group-member	72330	unavailable	unavailable	unavailable	unavailable
sampled-group-member	71405	71400	71405	Wed Sep 30 20:16:06 2026	/opt/homebrew/Cellar/python@3.14/3.14.7/Frameworks/Python.framework/Versions/3.14/Resources/Python.app/Contents/MacOS/Python /Users/hoppworks/projects/agent-skills/tools/run_scoped.py _supervise 4 python3 /Users/hoppworks/projects/rhai-combined-package-proof/.scratch/combined-package-proof/run-followup.py
sampled-group-member	71407	71405	71405	Wed Sep 30 20:16:06 2026	/Applications/Xcode.app/Contents/Developer/Library/Frameworks/Python3.framework/Versions/3.9/Resources/Python.app/Contents/MacOS/Python /Users/hoppworks/projects/rhai-combined-package-proof/.scratch/combined-package-proof/run-followup.py
sampled-group-member	72311	71407	71405	Wed Sep 30 20:17:12 2026	/Users/hoppworks/.rustup/toolchains/stable-aarch64-apple-darwin/bin/cargo test --locked --jobs 2 --features testing-environ,sys,net,only_i32,no_float --test combined_sys_net -- --test-threads=1 --nocapture
sampled-group-member	72319	72311	71405	Wed Sep 30 20:17:12 2026	/Users/hoppworks/.rustup/toolchains/stable-aarch64-apple-darwin/bin/rustc --crate-name rhai --edition=2021 src/lib.rs --error-format=json --json=diagnostic-rendered-ansi,artifacts,future-incompat --crate-type lib --emit=dep-info,metadata,link -C embed-bitcode=no --cfg feature="default" --cfg feature="net" --cfg feature="no_float" --cfg feature="only_i32" --cfg feature="std" --cfg feature="sys" --cfg feature="testing-environ" --check-cfg cfg(docsrs,test) --check-cfg cfg(feature, values("arbitrary", "bin-features", "core-error", "debugging", "decimal", "default", "document-features", "f32_float", "fuzz", "getrandom", "grain", "hashbrown", "internals", "libm", "metadata", "net", "no-std-compat", "no_ast", "no_closure", "no_custom_syntax", "no_float", "no_function", "no_index", "no_module", "no_object", "no_optimize", "no_position", "no_std", "no_time", "only_i32", "only_i64", "rust_decimal", "rustyline", "serde", "serde_json", "std", "sync", "sys", "testing-environ", "unchecked", "unicode-xid", "unicode-xid-ident", "unstable", "wasm-bindgen")) -C metadata=78d4d26bd7a81b93 -C extra-filename=-3e9771d8288b9dc5 --out-dir /var/folders/yk/m4dzf0ss5x9f4j4z3xb2rrv40000gn/T/agent-build-trx9e1hu/target/debug/deps -C strip=debuginfo -L dependency=/var/folders/yk/m4dzf0ss5x9f4j4z3xb2rrv40000gn/T/agent-build-trx9e1hu/target/debug/deps --extern ahash=/var/folders/yk/m4dzf0ss5x9f4j4z3xb2rrv40000gn/T/agent-build-trx9e1hu/target/debug/deps/libahash-40c12fcca98aa9cd.rmeta --extern bitflags=/var/folders/yk/m4dzf0ss5x9f4j4z3xb2rrv40000gn/T/agent-build-trx9e1hu/target/debug/deps/libbitflags-52e14e12b5db0950.rmeta --extern cap_std=/var/folders/yk/m4dzf0ss5x9f4j4z3xb2rrv40000gn/T/agent-build-trx9e1hu/target/debug/deps/libcap_std-1ead2766af10b9f0.rmeta --extern num_traits=/var/folders/yk/m4dzf0ss5x9f4j4z3xb2rrv40000gn/T/agent-build-trx9e1hu/target/debug/deps/libnum_traits-b34f54e69976fadc.rmeta --extern once_cell=/var/folders/yk/m4dzf0ss5x9f4j4z3xb2rrv40000gn/T/agent-build-trx9e1hu/target/debug/deps/libonce_cell-99e63d5066f9fe0e.rmeta --extern rhai_codegen=/var/folders/yk/m4dzf0ss5x9f4j4z3xb2rrv40000gn/T/agent-build-trx9e1hu/target/debug/deps/librhai_codegen-03860fa4714a6c34.dylib --extern smallvec=/var/folders/yk/m4dzf0ss5x9f4j4z3xb2rrv40000gn/T/agent-build-trx9e1hu/target/debug/deps/libsmallvec-e8e356ea36f4c204.rmeta --extern smartstring=/var/folders/yk/m4dzf0ss5x9f4j4z3xb2rrv40000gn/T/agent-build-trx9e1hu/target/debug/deps/libsmartstring-77f3d5edf39067d6.rmeta --extern thin_vec=/var/folders/yk/m4dzf0ss5x9f4j4z3xb2rrv40000gn/T/agent-build-trx9e1hu/target/debug/deps/libthin_vec-8fe7249887313f75.rmeta
sampled-group-member	72337	unavailable	unavailable	unavailable	unavailable
sampled-group-member	71405	71400	71405	Wed Sep 30 20:16:06 2026	/opt/homebrew/Cellar/python@3.14/3.14.7/Frameworks/Python.framework/Versions/3.14/Resources/Python.app/Contents/MacOS/Python /Users/hoppworks/projects/agent-skills/tools/run_scoped.py _supervise 4 python3 /Users/hoppworks/projects/rhai-combined-package-proof/.scratch/combined-package-proof/run-followup.py
sampled-group-member	71407	71405	71405	Wed Sep 30 20:16:06 2026	/Applications/Xcode.app/Contents/Developer/Library/Frameworks/Python3.framework/Versions/3.9/Resources/Python.app/Contents/MacOS/Python /Users/hoppworks/projects/rhai-combined-package-proof/.scratch/combined-package-proof/run-followup.py
sampled-group-member	72311	71407	71405	Wed Sep 30 20:17:12 2026	/Users/hoppworks/.rustup/toolchains/stable-aarch64-apple-darwin/bin/cargo test --locked --jobs 2 --features testing-environ,sys,net,only_i32,no_float --test combined_sys_net -- --test-threads=1 --nocapture
sampled-group-member	72352	72311	71405	Wed Sep 30 20:17:17 2026	/var/folders/yk/m4dzf0ss5x9f4j4z3xb2rrv40000gn/T/agent-build-trx9e1hu/target/debug/deps/combined_sys_net-79907a210cd81c3f --test-threads=1 --nocapture
sampled-group-member	72353	unavailable	unavailable	unavailable	unavailable
combined-unchecked	72363	71407	71405	Wed Sep 30 20:17:17 2026	/Users/hoppworks/.rustup/toolchains/stable-aarch64-apple-darwin/bin/cargo test --locked --jobs 2 --features testing-environ,sys,net,unchecked --test combined_sys_net -- --test-threads=1 --nocapture
sampled-group-member	71405	71400	71405	Wed Sep 30 20:16:06 2026	/opt/homebrew/Cellar/python@3.14/3.14.7/Frameworks/Python.framework/Versions/3.14/Resources/Python.app/Contents/MacOS/Python /Users/hoppworks/projects/agent-skills/tools/run_scoped.py _supervise 4 python3 /Users/hoppworks/projects/rhai-combined-package-proof/.scratch/combined-package-proof/run-followup.py
sampled-group-member	71407	71405	71405	Wed Sep 30 20:16:06 2026	/Applications/Xcode.app/Contents/Developer/Library/Frameworks/Python3.framework/Versions/3.9/Resources/Python.app/Contents/MacOS/Python /Users/hoppworks/projects/rhai-combined-package-proof/.scratch/combined-package-proof/run-followup.py
sampled-group-member	72363	71407	71405	Wed Sep 30 20:17:17 2026	/Users/hoppworks/.rustup/toolchains/stable-aarch64-apple-darwin/bin/cargo test --locked --jobs 2 --features testing-environ,sys,net,unchecked --test combined_sys_net -- --test-threads=1 --nocapture
sampled-group-member	72370	72363	71405	Wed Sep 30 20:17:17 2026	/Users/hoppworks/.rustup/toolchains/stable-aarch64-apple-darwin/bin/rustc --crate-name rhai --edition=2021 src/lib.rs --error-format=json --json=diagnostic-rendered-ansi,artifacts,future-incompat --crate-type lib --emit=dep-info,metadata,link -C embed-bitcode=no --cfg feature="default" --cfg feature="net" --cfg feature="std" --cfg feature="sys" --cfg feature="testing-environ" --cfg feature="unchecked" --check-cfg cfg(docsrs,test) --check-cfg cfg(feature, values("arbitrary", "bin-features", "core-error", "debugging", "decimal", "default", "document-features", "f32_float", "fuzz", "getrandom", "grain", "hashbrown", "internals", "libm", "metadata", "net", "no-std-compat", "no_ast", "no_closure", "no_custom_syntax", "no_float", "no_function", "no_index", "no_module", "no_object", "no_optimize", "no_position", "no_std", "no_time", "only_i32", "only_i64", "rust_decimal", "rustyline", "serde", "serde_json", "std", "sync", "sys", "testing-environ", "unchecked", "unicode-xid", "unicode-xid-ident", "unstable", "wasm-bindgen")) -C metadata=e6341309bf719334 -C extra-filename=-32f841a3bc6286c7 --out-dir /var/folders/yk/m4dzf0ss5x9f4j4z3xb2rrv40000gn/T/agent-build-trx9e1hu/target/debug/deps -C strip=debuginfo -L dependency=/var/folders/yk/m4dzf0ss5x9f4j4z3xb2rrv40000gn/T/agent-build-trx9e1hu/target/debug/deps --extern ahash=/var/folders/yk/m4dzf0ss5x9f4j4z3xb2rrv40000gn/T/agent-build-trx9e1hu/target/debug/deps/libahash-40c12fcca98aa9cd.rmeta --extern bitflags=/var/folders/yk/m4dzf0ss5x9f4j4z3xb2rrv40000gn/T/agent-build-trx9e1hu/target/debug/deps/libbitflags-52e14e12b5db0950.rmeta --extern cap_std=/var/folders/yk/m4dzf0ss5x9f4j4z3xb2rrv40000gn/T/agent-build-trx9e1hu/target/debug/deps/libcap_std-1ead2766af10b9f0.rmeta --extern num_traits=/var/folders/yk/m4dzf0ss5x9f4j4z3xb2rrv40000gn/T/agent-build-trx9e1hu/target/debug/deps/libnum_traits-b34f54e69976fadc.rmeta --extern once_cell=/var/folders/yk/m4dzf0ss5x9f4j4z3xb2rrv40000gn/T/agent-build-trx9e1hu/target/debug/deps/libonce_cell-99e63d5066f9fe0e.rmeta --extern rhai_codegen=/var/folders/yk/m4dzf0ss5x9f4j4z3xb2rrv40000gn/T/agent-build-trx9e1hu/target/debug/deps/librhai_codegen-03860fa4714a6c34.dylib --extern smallvec=/var/folders/yk/m4dzf0ss5x9f4j4z3xb2rrv40000gn/T/agent-build-trx9e1hu/target/debug/deps/libsmallvec-e8e356ea36f4c204.rmeta --extern smartstring=/var/folders/yk/m4dzf0ss5x9f4j4z3xb2rrv40000gn/T/agent-build-trx9e1hu/target/debug/deps/libsmartstring-77f3d5edf39067d6.rmeta --extern thin_vec=/var/folders/yk/m4dzf0ss5x9f4j4z3xb2rrv40000gn/T/agent-build-trx9e1hu/target/debug/deps/libthin_vec-8fe7249887313f75.rmeta
sampled-group-member	72377	unavailable	unavailable	unavailable	unavailable
sampled-group-member	71405	71400	71405	Wed Sep 30 20:16:06 2026	/opt/homebrew/Cellar/python@3.14/3.14.7/Frameworks/Python.framework/Versions/3.14/Resources/Python.app/Contents/MacOS/Python /Users/hoppworks/projects/agent-skills/tools/run_scoped.py _supervise 4 python3 /Users/hoppworks/projects/rhai-combined-package-proof/.scratch/combined-package-proof/run-followup.py
sampled-group-member	71407	71405	71405	Wed Sep 30 20:16:06 2026	/Applications/Xcode.app/Contents/Developer/Library/Frameworks/Python3.framework/Versions/3.9/Resources/Python.app/Contents/MacOS/Python /Users/hoppworks/projects/rhai-combined-package-proof/.scratch/combined-package-proof/run-followup.py
sampled-group-member	72363	71407	71405	Wed Sep 30 20:17:17 2026	/Users/hoppworks/.rustup/toolchains/stable-aarch64-apple-darwin/bin/cargo test --locked --jobs 2 --features testing-environ,sys,net,unchecked --test combined_sys_net -- --test-threads=1 --nocapture
sampled-group-member	72370	72363	71405	Wed Sep 30 20:17:17 2026	/Users/hoppworks/.rustup/toolchains/stable-aarch64-apple-darwin/bin/rustc --crate-name rhai --edition=2021 src/lib.rs --error-format=json --json=diagnostic-rendered-ansi,artifacts,future-incompat --crate-type lib --emit=dep-info,metadata,link -C embed-bitcode=no --cfg feature="default" --cfg feature="net" --cfg feature="std" --cfg feature="sys" --cfg feature="testing-environ" --cfg feature="unchecked" --check-cfg cfg(docsrs,test) --check-cfg cfg(feature, values("arbitrary", "bin-features", "core-error", "debugging", "decimal", "default", "document-features", "f32_float", "fuzz", "getrandom", "grain", "hashbrown", "internals", "libm", "metadata", "net", "no-std-compat", "no_ast", "no_closure", "no_custom_syntax", "no_float", "no_function", "no_index", "no_module", "no_object", "no_optimize", "no_position", "no_std", "no_time", "only_i32", "only_i64", "rust_decimal", "rustyline", "serde", "serde_json", "std", "sync", "sys", "testing-environ", "unchecked", "unicode-xid", "unicode-xid-ident", "unstable", "wasm-bindgen")) -C metadata=e6341309bf719334 -C extra-filename=-32f841a3bc6286c7 --out-dir /var/folders/yk/m4dzf0ss5x9f4j4z3xb2rrv40000gn/T/agent-build-trx9e1hu/target/debug/deps -C strip=debuginfo -L dependency=/var/folders/yk/m4dzf0ss5x9f4j4z3xb2rrv40000gn/T/agent-build-trx9e1hu/target/debug/deps --extern ahash=/var/folders/yk/m4dzf0ss5x9f4j4z3xb2rrv40000gn/T/agent-build-trx9e1hu/target/debug/deps/libahash-40c12fcca98aa9cd.rmeta --extern bitflags=/var/folders/yk/m4dzf0ss5x9f4j4z3xb2rrv40000gn/T/agent-build-trx9e1hu/target/debug/deps/libbitflags-52e14e12b5db0950.rmeta --extern cap_std=/var/folders/yk/m4dzf0ss5x9f4j4z3xb2rrv40000gn/T/agent-build-trx9e1hu/target/debug/deps/libcap_std-1ead2766af10b9f0.rmeta --extern num_traits=/var/folders/yk/m4dzf0ss5x9f4j4z3xb2rrv40000gn/T/agent-build-trx9e1hu/target/debug/deps/libnum_traits-b34f54e69976fadc.rmeta --extern once_cell=/var/folders/yk/m4dzf0ss5x9f4j4z3xb2rrv40000gn/T/agent-build-trx9e1hu/target/debug/deps/libonce_cell-99e63d5066f9fe0e.rmeta --extern rhai_codegen=/var/folders/yk/m4dzf0ss5x9f4j4z3xb2rrv40000gn/T/agent-build-trx9e1hu/target/debug/deps/librhai_codegen-03860fa4714a6c34.dylib --extern smallvec=/var/folders/yk/m4dzf0ss5x9f4j4z3xb2rrv40000gn/T/agent-build-trx9e1hu/target/debug/deps/libsmallvec-e8e356ea36f4c204.rmeta --extern smartstring=/var/folders/yk/m4dzf0ss5x9f4j4z3xb2rrv40000gn/T/agent-build-trx9e1hu/target/debug/deps/libsmartstring-77f3d5edf39067d6.rmeta --extern thin_vec=/var/folders/yk/m4dzf0ss5x9f4j4z3xb2rrv40000gn/T/agent-build-trx9e1hu/target/debug/deps/libthin_vec-8fe7249887313f75.rmeta
sampled-group-member	72385	unavailable	unavailable	unavailable	unavailable
sampled-group-member	71405	71400	71405	Wed Sep 30 20:16:06 2026	/opt/homebrew/Cellar/python@3.14/3.14.7/Frameworks/Python.framework/Versions/3.14/Resources/Python.app/Contents/MacOS/Python /Users/hoppworks/projects/agent-skills/tools/run_scoped.py _supervise 4 python3 /Users/hoppworks/projects/rhai-combined-package-proof/.scratch/combined-package-proof/run-followup.py
sampled-group-member	71407	71405	71405	Wed Sep 30 20:16:06 2026	/Applications/Xcode.app/Contents/Developer/Library/Frameworks/Python3.framework/Versions/3.9/Resources/Python.app/Contents/MacOS/Python /Users/hoppworks/projects/rhai-combined-package-proof/.scratch/combined-package-proof/run-followup.py
sampled-group-member	72363	71407	71405	Wed Sep 30 20:17:17 2026	/Users/hoppworks/.rustup/toolchains/stable-aarch64-apple-darwin/bin/cargo test --locked --jobs 2 --features testing-environ,sys,net,unchecked --test combined_sys_net -- --test-threads=1 --nocapture
sampled-group-member	72370	72363	71405	Wed Sep 30 20:17:17 2026	/Users/hoppworks/.rustup/toolchains/stable-aarch64-apple-darwin/bin/rustc --crate-name rhai --edition=2021 src/lib.rs --error-format=json --json=diagnostic-rendered-ansi,artifacts,future-incompat --crate-type lib --emit=dep-info,metadata,link -C embed-bitcode=no --cfg feature="default" --cfg feature="net" --cfg feature="std" --cfg feature="sys" --cfg feature="testing-environ" --cfg feature="unchecked" --check-cfg cfg(docsrs,test) --check-cfg cfg(feature, values("arbitrary", "bin-features", "core-error", "debugging", "decimal", "default", "document-features", "f32_float", "fuzz", "getrandom", "grain", "hashbrown", "internals", "libm", "metadata", "net", "no-std-compat", "no_ast", "no_closure", "no_custom_syntax", "no_float", "no_function", "no_index", "no_module", "no_object", "no_optimize", "no_position", "no_std", "no_time", "only_i32", "only_i64", "rust_decimal", "rustyline", "serde", "serde_json", "std", "sync", "sys", "testing-environ", "unchecked", "unicode-xid", "unicode-xid-ident", "unstable", "wasm-bindgen")) -C metadata=e6341309bf719334 -C extra-filename=-32f841a3bc6286c7 --out-dir /var/folders/yk/m4dzf0ss5x9f4j4z3xb2rrv40000gn/T/agent-build-trx9e1hu/target/debug/deps -C strip=debuginfo -L dependency=/var/folders/yk/m4dzf0ss5x9f4j4z3xb2rrv40000gn/T/agent-build-trx9e1hu/target/debug/deps --extern ahash=/var/folders/yk/m4dzf0ss5x9f4j4z3xb2rrv40000gn/T/agent-build-trx9e1hu/target/debug/deps/libahash-40c12fcca98aa9cd.rmeta --extern bitflags=/var/folders/yk/m4dzf0ss5x9f4j4z3xb2rrv40000gn/T/agent-build-trx9e1hu/target/debug/deps/libbitflags-52e14e12b5db0950.rmeta --extern cap_std=/var/folders/yk/m4dzf0ss5x9f4j4z3xb2rrv40000gn/T/agent-build-trx9e1hu/target/debug/deps/libcap_std-1ead2766af10b9f0.rmeta --extern num_traits=/var/folders/yk/m4dzf0ss5x9f4j4z3xb2rrv40000gn/T/agent-build-trx9e1hu/target/debug/deps/libnum_traits-b34f54e69976fadc.rmeta --extern once_cell=/var/folders/yk/m4dzf0ss5x9f4j4z3xb2rrv40000gn/T/agent-build-trx9e1hu/target/debug/deps/libonce_cell-99e63d5066f9fe0e.rmeta --extern rhai_codegen=/var/folders/yk/m4dzf0ss5x9f4j4z3xb2rrv40000gn/T/agent-build-trx9e1hu/target/debug/deps/librhai_codegen-03860fa4714a6c34.dylib --extern smallvec=/var/folders/yk/m4dzf0ss5x9f4j4z3xb2rrv40000gn/T/agent-build-trx9e1hu/target/debug/deps/libsmallvec-e8e356ea36f4c204.rmeta --extern smartstring=/var/folders/yk/m4dzf0ss5x9f4j4z3xb2rrv40000gn/T/agent-build-trx9e1hu/target/debug/deps/libsmartstring-77f3d5edf39067d6.rmeta --extern thin_vec=/var/folders/yk/m4dzf0ss5x9f4j4z3xb2rrv40000gn/T/agent-build-trx9e1hu/target/debug/deps/libthin_vec-8fe7249887313f75.rmeta
sampled-group-member	72396	unavailable	unavailable	unavailable	unavailable
sampled-group-member	71405	71400	71405	Wed Sep 30 20:16:06 2026	/opt/homebrew/Cellar/python@3.14/3.14.7/Frameworks/Python.framework/Versions/3.14/Resources/Python.app/Contents/MacOS/Python /Users/hoppworks/projects/agent-skills/tools/run_scoped.py _supervise 4 python3 /Users/hoppworks/projects/rhai-combined-package-proof/.scratch/combined-package-proof/run-followup.py
sampled-group-member	71407	71405	71405	Wed Sep 30 20:16:06 2026	/Applications/Xcode.app/Contents/Developer/Library/Frameworks/Python3.framework/Versions/3.9/Resources/Python.app/Contents/MacOS/Python /Users/hoppworks/projects/rhai-combined-package-proof/.scratch/combined-package-proof/run-followup.py
sampled-group-member	72363	71407	71405	Wed Sep 30 20:17:17 2026	/Users/hoppworks/.rustup/toolchains/stable-aarch64-apple-darwin/bin/cargo test --locked --jobs 2 --features testing-environ,sys,net,unchecked --test combined_sys_net -- --test-threads=1 --nocapture
sampled-group-member	72370	72363	71405	Wed Sep 30 20:17:17 2026	/Users/hoppworks/.rustup/toolchains/stable-aarch64-apple-darwin/bin/rustc --crate-name rhai --edition=2021 src/lib.rs --error-format=json --json=diagnostic-rendered-ansi,artifacts,future-incompat --crate-type lib --emit=dep-info,metadata,link -C embed-bitcode=no --cfg feature="default" --cfg feature="net" --cfg feature="std" --cfg feature="sys" --cfg feature="testing-environ" --cfg feature="unchecked" --check-cfg cfg(docsrs,test) --check-cfg cfg(feature, values("arbitrary", "bin-features", "core-error", "debugging", "decimal", "default", "document-features", "f32_float", "fuzz", "getrandom", "grain", "hashbrown", "internals", "libm", "metadata", "net", "no-std-compat", "no_ast", "no_closure", "no_custom_syntax", "no_float", "no_function", "no_index", "no_module", "no_object", "no_optimize", "no_position", "no_std", "no_time", "only_i32", "only_i64", "rust_decimal", "rustyline", "serde", "serde_json", "std", "sync", "sys", "testing-environ", "unchecked", "unicode-xid", "unicode-xid-ident", "unstable", "wasm-bindgen")) -C metadata=e6341309bf719334 -C extra-filename=-32f841a3bc6286c7 --out-dir /var/folders/yk/m4dzf0ss5x9f4j4z3xb2rrv40000gn/T/agent-build-trx9e1hu/target/debug/deps -C strip=debuginfo -L dependency=/var/folders/yk/m4dzf0ss5x9f4j4z3xb2rrv40000gn/T/agent-build-trx9e1hu/target/debug/deps --extern ahash=/var/folders/yk/m4dzf0ss5x9f4j4z3xb2rrv40000gn/T/agent-build-trx9e1hu/target/debug/deps/libahash-40c12fcca98aa9cd.rmeta --extern bitflags=/var/folders/yk/m4dzf0ss5x9f4j4z3xb2rrv40000gn/T/agent-build-trx9e1hu/target/debug/deps/libbitflags-52e14e12b5db0950.rmeta --extern cap_std=/var/folders/yk/m4dzf0ss5x9f4j4z3xb2rrv40000gn/T/agent-build-trx9e1hu/target/debug/deps/libcap_std-1ead2766af10b9f0.rmeta --extern num_traits=/var/folders/yk/m4dzf0ss5x9f4j4z3xb2rrv40000gn/T/agent-build-trx9e1hu/target/debug/deps/libnum_traits-b34f54e69976fadc.rmeta --extern once_cell=/var/folders/yk/m4dzf0ss5x9f4j4z3xb2rrv40000gn/T/agent-build-trx9e1hu/target/debug/deps/libonce_cell-99e63d5066f9fe0e.rmeta --extern rhai_codegen=/var/folders/yk/m4dzf0ss5x9f4j4z3xb2rrv40000gn/T/agent-build-trx9e1hu/target/debug/deps/librhai_codegen-03860fa4714a6c34.dylib --extern smallvec=/var/folders/yk/m4dzf0ss5x9f4j4z3xb2rrv40000gn/T/agent-build-trx9e1hu/target/debug/deps/libsmallvec-e8e356ea36f4c204.rmeta --extern smartstring=/var/folders/yk/m4dzf0ss5x9f4j4z3xb2rrv40000gn/T/agent-build-trx9e1hu/target/debug/deps/libsmartstring-77f3d5edf39067d6.rmeta --extern thin_vec=/var/folders/yk/m4dzf0ss5x9f4j4z3xb2rrv40000gn/T/agent-build-trx9e1hu/target/debug/deps/libthin_vec-8fe7249887313f75.rmeta
sampled-group-member	72407	unavailable	unavailable	unavailable	unavailable
sampled-group-member	71405	71400	71405	Wed Sep 30 20:16:06 2026	/opt/homebrew/Cellar/python@3.14/3.14.7/Frameworks/Python.framework/Versions/3.14/Resources/Python.app/Contents/MacOS/Python /Users/hoppworks/projects/agent-skills/tools/run_scoped.py _supervise 4 python3 /Users/hoppworks/projects/rhai-combined-package-proof/.scratch/combined-package-proof/run-followup.py
combined-no-index-sync-metadata	72429	71407	71405	Wed Sep 30 20:17:23 2026	/Users/hoppworks/.rustup/toolchains/stable-aarch64-apple-darwin/bin/cargo test --locked --jobs 2 --features testing-environ,sys,net,no_index,sync,metadata --test combined_sys_net -- --test-threads=1 --nocapture
sampled-group-member	71407	71405	71405	Wed Sep 30 20:16:06 2026	/Applications/Xcode.app/Contents/Developer/Library/Frameworks/Python3.framework/Versions/3.9/Resources/Python.app/Contents/MacOS/Python /Users/hoppworks/projects/rhai-combined-package-proof/.scratch/combined-package-proof/run-followup.py
sampled-group-member	72426	unavailable	unavailable	unavailable	unavailable
sampled-group-member	72427	unavailable	unavailable	unavailable	unavailable
sampled-group-member	71405	71400	71405	Wed Sep 30 20:16:06 2026	/opt/homebrew/Cellar/python@3.14/3.14.7/Frameworks/Python.framework/Versions/3.14/Resources/Python.app/Contents/MacOS/Python /Users/hoppworks/projects/agent-skills/tools/run_scoped.py _supervise 4 python3 /Users/hoppworks/projects/rhai-combined-package-proof/.scratch/combined-package-proof/run-followup.py
sampled-group-member	71407	71405	71405	Wed Sep 30 20:16:06 2026	/Applications/Xcode.app/Contents/Developer/Library/Frameworks/Python3.framework/Versions/3.9/Resources/Python.app/Contents/MacOS/Python /Users/hoppworks/projects/rhai-combined-package-proof/.scratch/combined-package-proof/run-followup.py
sampled-group-member	72429	71407	71405	Wed Sep 30 20:17:23 2026	/Users/hoppworks/.rustup/toolchains/stable-aarch64-apple-darwin/bin/cargo test --locked --jobs 2 --features testing-environ,sys,net,no_index,sync,metadata --test combined_sys_net -- --test-threads=1 --nocapture
sampled-group-member	72443	72429	71405	Wed Sep 30 20:17:24 2026	/Users/hoppworks/.rustup/toolchains/stable-aarch64-apple-darwin/bin/rustc --crate-name rhai --edition=2021 src/lib.rs --error-format=json --json=diagnostic-rendered-ansi,artifacts,future-incompat --crate-type lib --emit=dep-info,metadata,link -C embed-bitcode=no --cfg feature="default" --cfg feature="metadata" --cfg feature="net" --cfg feature="no_index" --cfg feature="serde" --cfg feature="serde_json" --cfg feature="std" --cfg feature="sync" --cfg feature="sys" --cfg feature="testing-environ" --check-cfg cfg(docsrs,test) --check-cfg cfg(feature, values("arbitrary", "bin-features", "core-error", "debugging", "decimal", "default", "document-features", "f32_float", "fuzz", "getrandom", "grain", "hashbrown", "internals", "libm", "metadata", "net", "no-std-compat", "no_ast", "no_closure", "no_custom_syntax", "no_float", "no_function", "no_index", "no_module", "no_object", "no_optimize", "no_position", "no_std", "no_time", "only_i32", "only_i64", "rust_decimal", "rustyline", "serde", "serde_json", "std", "sync", "sys", "testing-environ", "unchecked", "unicode-xid", "unicode-xid-ident", "unstable", "wasm-bindgen")) -C metadata=6686054113b44216 -C extra-filename=-185b879ba0cdf432 --out-dir /var/folders/yk/m4dzf0ss5x9f4j4z3xb2rrv40000gn/T/agent-build-trx9e1hu/target/debug/deps -C strip=debuginfo -L dependency=/var/folders/yk/m4dzf0ss5x9f4j4z3xb2rrv40000gn/T/agent-build-trx9e1hu/target/debug/deps --extern ahash=/var/folders/yk/m4dzf0ss5x9f4j4z3xb2rrv40000gn/T/agent-build-trx9e1hu/target/debug/deps/libahash-40c12fcca98aa9cd.rmeta --extern bitflags=/var/folders/yk/m4dzf0ss5x9f4j4z3xb2rrv40000gn/T/agent-build-trx9e1hu/target/debug/deps/libbitflags-52e14e12b5db0950.rmeta --extern cap_std=/var/folders/yk/m4dzf0ss5x9f4j4z3xb2rrv40000gn/T/agent-build-trx9e1hu/target/debug/deps/libcap_std-1ead2766af10b9f0.rmeta --extern num_traits=/var/folders/yk/m4dzf0ss5x9f4j4z3xb2rrv40000gn/T/agent-build-trx9e1hu/target/debug/deps/libnum_traits-b34f54e69976fadc.rmeta --extern once_cell=/var/folders/yk/m4dzf0ss5x9f4j4z3xb2rrv40000gn/T/agent-build-trx9e1hu/target/debug/deps/libonce_cell-99e63d5066f9fe0e.rmeta --extern rhai_codegen=/var/folders/yk/m4dzf0ss5x9f4j4z3xb2rrv40000gn/T/agent-build-trx9e1hu/target/debug/deps/librhai_codegen-ef5b60133270f34b.dylib --extern serde=/var/folders/yk/m4dzf0ss5x9f4j4z3xb2rrv40000gn/T/agent-build-trx9e1hu/target/debug/deps/libserde-5bab42491b8acbe0.rmeta --extern serde_json=/var/folders/yk/m4dzf0ss5x9f4j4z3xb2rrv40000gn/T/agent-build-trx9e1hu/target/debug/deps/libserde_json-9e660fbf3c68f439.rmeta --extern smallvec=/var/folders/yk/m4dzf0ss5x9f4j4z3xb2rrv40000gn/T/agent-build-trx9e1hu/target/debug/deps/libsmallvec-e0b97ddf7d986c51.rmeta --extern smartstring=/var/folders/yk/m4dzf0ss5x9f4j4z3xb2rrv40000gn/T/agent-build-trx9e1hu/target/debug/deps/libsmartstring-77f3d5edf39067d6.rmeta --extern thin_vec=/var/folders/yk/m4dzf0ss5x9f4j4z3xb2rrv40000gn/T/agent-build-trx9e1hu/target/debug/deps/libthin_vec-8fe7249887313f75.rmeta
sampled-group-member	72445	unavailable	unavailable	unavailable	unavailable
sampled-group-member	71405	71400	71405	Wed Sep 30 20:16:06 2026	/opt/homebrew/Cellar/python@3.14/3.14.7/Frameworks/Python.framework/Versions/3.14/Resources/Python.app/Contents/MacOS/Python /Users/hoppworks/projects/agent-skills/tools/run_scoped.py _supervise 4 python3 /Users/hoppworks/projects/rhai-combined-package-proof/.scratch/combined-package-proof/run-followup.py
sampled-group-member	71407	71405	71405	Wed Sep 30 20:16:06 2026	/Applications/Xcode.app/Contents/Developer/Library/Frameworks/Python3.framework/Versions/3.9/Resources/Python.app/Contents/MacOS/Python /Users/hoppworks/projects/rhai-combined-package-proof/.scratch/combined-package-proof/run-followup.py
sampled-group-member	72429	71407	71405	Wed Sep 30 20:17:23 2026	/Users/hoppworks/.rustup/toolchains/stable-aarch64-apple-darwin/bin/cargo test --locked --jobs 2 --features testing-environ,sys,net,no_index,sync,metadata --test combined_sys_net -- --test-threads=1 --nocapture
sampled-group-member	72443	72429	71405	Wed Sep 30 20:17:24 2026	/Users/hoppworks/.rustup/toolchains/stable-aarch64-apple-darwin/bin/rustc --crate-name rhai --edition=2021 src/lib.rs --error-format=json --json=diagnostic-rendered-ansi,artifacts,future-incompat --crate-type lib --emit=dep-info,metadata,link -C embed-bitcode=no --cfg feature="default" --cfg feature="metadata" --cfg feature="net" --cfg feature="no_index" --cfg feature="serde" --cfg feature="serde_json" --cfg feature="std" --cfg feature="sync" --cfg feature="sys" --cfg feature="testing-environ" --check-cfg cfg(docsrs,test) --check-cfg cfg(feature, values("arbitrary", "bin-features", "core-error", "debugging", "decimal", "default", "document-features", "f32_float", "fuzz", "getrandom", "grain", "hashbrown", "internals", "libm", "metadata", "net", "no-std-compat", "no_ast", "no_closure", "no_custom_syntax", "no_float", "no_function", "no_index", "no_module", "no_object", "no_optimize", "no_position", "no_std", "no_time", "only_i32", "only_i64", "rust_decimal", "rustyline", "serde", "serde_json", "std", "sync", "sys", "testing-environ", "unchecked", "unicode-xid", "unicode-xid-ident", "unstable", "wasm-bindgen")) -C metadata=6686054113b44216 -C extra-filename=-185b879ba0cdf432 --out-dir /var/folders/yk/m4dzf0ss5x9f4j4z3xb2rrv40000gn/T/agent-build-trx9e1hu/target/debug/deps -C strip=debuginfo -L dependency=/var/folders/yk/m4dzf0ss5x9f4j4z3xb2rrv40000gn/T/agent-build-trx9e1hu/target/debug/deps --extern ahash=/var/folders/yk/m4dzf0ss5x9f4j4z3xb2rrv40000gn/T/agent-build-trx9e1hu/target/debug/deps/libahash-40c12fcca98aa9cd.rmeta --extern bitflags=/var/folders/yk/m4dzf0ss5x9f4j4z3xb2rrv40000gn/T/agent-build-trx9e1hu/target/debug/deps/libbitflags-52e14e12b5db0950.rmeta --extern cap_std=/var/folders/yk/m4dzf0ss5x9f4j4z3xb2rrv40000gn/T/agent-build-trx9e1hu/target/debug/deps/libcap_std-1ead2766af10b9f0.rmeta --extern num_traits=/var/folders/yk/m4dzf0ss5x9f4j4z3xb2rrv40000gn/T/agent-build-trx9e1hu/target/debug/deps/libnum_traits-b34f54e69976fadc.rmeta --extern once_cell=/var/folders/yk/m4dzf0ss5x9f4j4z3xb2rrv40000gn/T/agent-build-trx9e1hu/target/debug/deps/libonce_cell-99e63d5066f9fe0e.rmeta --extern rhai_codegen=/var/folders/yk/m4dzf0ss5x9f4j4z3xb2rrv40000gn/T/agent-build-trx9e1hu/target/debug/deps/librhai_codegen-ef5b60133270f34b.dylib --extern serde=/var/folders/yk/m4dzf0ss5x9f4j4z3xb2rrv40000gn/T/agent-build-trx9e1hu/target/debug/deps/libserde-5bab42491b8acbe0.rmeta --extern serde_json=/var/folders/yk/m4dzf0ss5x9f4j4z3xb2rrv40000gn/T/agent-build-trx9e1hu/target/debug/deps/libserde_json-9e660fbf3c68f439.rmeta --extern smallvec=/var/folders/yk/m4dzf0ss5x9f4j4z3xb2rrv40000gn/T/agent-build-trx9e1hu/target/debug/deps/libsmallvec-e0b97ddf7d986c51.rmeta --extern smartstring=/var/folders/yk/m4dzf0ss5x9f4j4z3xb2rrv40000gn/T/agent-build-trx9e1hu/target/debug/deps/libsmartstring-77f3d5edf39067d6.rmeta --extern thin_vec=/var/folders/yk/m4dzf0ss5x9f4j4z3xb2rrv40000gn/T/agent-build-trx9e1hu/target/debug/deps/libthin_vec-8fe7249887313f75.rmeta
sampled-group-member	72453	unavailable	unavailable	unavailable	unavailable
sampled-group-member	71405	71400	71405	Wed Sep 30 20:16:06 2026	/opt/homebrew/Cellar/python@3.14/3.14.7/Frameworks/Python.framework/Versions/3.14/Resources/Python.app/Contents/MacOS/Python /Users/hoppworks/projects/agent-skills/tools/run_scoped.py _supervise 4 python3 /Users/hoppworks/projects/rhai-combined-package-proof/.scratch/combined-package-proof/run-followup.py
sampled-group-member	71407	71405	71405	Wed Sep 30 20:16:06 2026	/Applications/Xcode.app/Contents/Developer/Library/Frameworks/Python3.framework/Versions/3.9/Resources/Python.app/Contents/MacOS/Python /Users/hoppworks/projects/rhai-combined-package-proof/.scratch/combined-package-proof/run-followup.py
sampled-group-member	72429	71407	71405	Wed Sep 30 20:17:23 2026	/Users/hoppworks/.rustup/toolchains/stable-aarch64-apple-darwin/bin/cargo test --locked --jobs 2 --features testing-environ,sys,net,no_index,sync,metadata --test combined_sys_net -- --test-threads=1 --nocapture
sampled-group-member	72443	72429	71405	Wed Sep 30 20:17:24 2026	/Users/hoppworks/.rustup/toolchains/stable-aarch64-apple-darwin/bin/rustc --crate-name rhai --edition=2021 src/lib.rs --error-format=json --json=diagnostic-rendered-ansi,artifacts,future-incompat --crate-type lib --emit=dep-info,metadata,link -C embed-bitcode=no --cfg feature="default" --cfg feature="metadata" --cfg feature="net" --cfg feature="no_index" --cfg feature="serde" --cfg feature="serde_json" --cfg feature="std" --cfg feature="sync" --cfg feature="sys" --cfg feature="testing-environ" --check-cfg cfg(docsrs,test) --check-cfg cfg(feature, values("arbitrary", "bin-features", "core-error", "debugging", "decimal", "default", "document-features", "f32_float", "fuzz", "getrandom", "grain", "hashbrown", "internals", "libm", "metadata", "net", "no-std-compat", "no_ast", "no_closure", "no_custom_syntax", "no_float", "no_function", "no_index", "no_module", "no_object", "no_optimize", "no_position", "no_std", "no_time", "only_i32", "only_i64", "rust_decimal", "rustyline", "serde", "serde_json", "std", "sync", "sys", "testing-environ", "unchecked", "unicode-xid", "unicode-xid-ident", "unstable", "wasm-bindgen")) -C metadata=6686054113b44216 -C extra-filename=-185b879ba0cdf432 --out-dir /var/folders/yk/m4dzf0ss5x9f4j4z3xb2rrv40000gn/T/agent-build-trx9e1hu/target/debug/deps -C strip=debuginfo -L dependency=/var/folders/yk/m4dzf0ss5x9f4j4z3xb2rrv40000gn/T/agent-build-trx9e1hu/target/debug/deps --extern ahash=/var/folders/yk/m4dzf0ss5x9f4j4z3xb2rrv40000gn/T/agent-build-trx9e1hu/target/debug/deps/libahash-40c12fcca98aa9cd.rmeta --extern bitflags=/var/folders/yk/m4dzf0ss5x9f4j4z3xb2rrv40000gn/T/agent-build-trx9e1hu/target/debug/deps/libbitflags-52e14e12b5db0950.rmeta --extern cap_std=/var/folders/yk/m4dzf0ss5x9f4j4z3xb2rrv40000gn/T/agent-build-trx9e1hu/target/debug/deps/libcap_std-1ead2766af10b9f0.rmeta --extern num_traits=/var/folders/yk/m4dzf0ss5x9f4j4z3xb2rrv40000gn/T/agent-build-trx9e1hu/target/debug/deps/libnum_traits-b34f54e69976fadc.rmeta --extern once_cell=/var/folders/yk/m4dzf0ss5x9f4j4z3xb2rrv40000gn/T/agent-build-trx9e1hu/target/debug/deps/libonce_cell-99e63d5066f9fe0e.rmeta --extern rhai_codegen=/var/folders/yk/m4dzf0ss5x9f4j4z3xb2rrv40000gn/T/agent-build-trx9e1hu/target/debug/deps/librhai_codegen-ef5b60133270f34b.dylib --extern serde=/var/folders/yk/m4dzf0ss5x9f4j4z3xb2rrv40000gn/T/agent-build-trx9e1hu/target/debug/deps/libserde-5bab42491b8acbe0.rmeta --extern serde_json=/var/folders/yk/m4dzf0ss5x9f4j4z3xb2rrv40000gn/T/agent-build-trx9e1hu/target/debug/deps/libserde_json-9e660fbf3c68f439.rmeta --extern smallvec=/var/folders/yk/m4dzf0ss5x9f4j4z3xb2rrv40000gn/T/agent-build-trx9e1hu/target/debug/deps/libsmallvec-e0b97ddf7d986c51.rmeta --extern smartstring=/var/folders/yk/m4dzf0ss5x9f4j4z3xb2rrv40000gn/T/agent-build-trx9e1hu/target/debug/deps/libsmartstring-77f3d5edf39067d6.rmeta --extern thin_vec=/var/folders/yk/m4dzf0ss5x9f4j4z3xb2rrv40000gn/T/agent-build-trx9e1hu/target/debug/deps/libthin_vec-8fe7249887313f75.rmeta
sampled-group-member	72462	unavailable	unavailable	unavailable	unavailable
sampled-group-member	71405	71400	71405	Wed Sep 30 20:16:06 2026	/opt/homebrew/Cellar/python@3.14/3.14.7/Frameworks/Python.framework/Versions/3.14/Resources/Python.app/Contents/MacOS/Python /Users/hoppworks/projects/agent-skills/tools/run_scoped.py _supervise 4 python3 /Users/hoppworks/projects/rhai-combined-package-proof/.scratch/combined-package-proof/run-followup.py
sampled-group-member	71407	71405	71405	Wed Sep 30 20:16:06 2026	/Applications/Xcode.app/Contents/Developer/Library/Frameworks/Python3.framework/Versions/3.9/Resources/Python.app/Contents/MacOS/Python /Users/hoppworks/projects/rhai-combined-package-proof/.scratch/combined-package-proof/run-followup.py
sampled-group-member	72429	71407	71405	Wed Sep 30 20:17:23 2026	/Users/hoppworks/.rustup/toolchains/stable-aarch64-apple-darwin/bin/cargo test --locked --jobs 2 --features testing-environ,sys,net,no_index,sync,metadata --test combined_sys_net -- --test-threads=1 --nocapture
sampled-group-member	72443	72429	71405	Wed Sep 30 20:17:24 2026	/Users/hoppworks/.rustup/toolchains/stable-aarch64-apple-darwin/bin/rustc --crate-name rhai --edition=2021 src/lib.rs --error-format=json --json=diagnostic-rendered-ansi,artifacts,future-incompat --crate-type lib --emit=dep-info,metadata,link -C embed-bitcode=no --cfg feature="default" --cfg feature="metadata" --cfg feature="net" --cfg feature="no_index" --cfg feature="serde" --cfg feature="serde_json" --cfg feature="std" --cfg feature="sync" --cfg feature="sys" --cfg feature="testing-environ" --check-cfg cfg(docsrs,test) --check-cfg cfg(feature, values("arbitrary", "bin-features", "core-error", "debugging", "decimal", "default", "document-features", "f32_float", "fuzz", "getrandom", "grain", "hashbrown", "internals", "libm", "metadata", "net", "no-std-compat", "no_ast", "no_closure", "no_custom_syntax", "no_float", "no_function", "no_index", "no_module", "no_object", "no_optimize", "no_position", "no_std", "no_time", "only_i32", "only_i64", "rust_decimal", "rustyline", "serde", "serde_json", "std", "sync", "sys", "testing-environ", "unchecked", "unicode-xid", "unicode-xid-ident", "unstable", "wasm-bindgen")) -C metadata=6686054113b44216 -C extra-filename=-185b879ba0cdf432 --out-dir /var/folders/yk/m4dzf0ss5x9f4j4z3xb2rrv40000gn/T/agent-build-trx9e1hu/target/debug/deps -C strip=debuginfo -L dependency=/var/folders/yk/m4dzf0ss5x9f4j4z3xb2rrv40000gn/T/agent-build-trx9e1hu/target/debug/deps --extern ahash=/var/folders/yk/m4dzf0ss5x9f4j4z3xb2rrv40000gn/T/agent-build-trx9e1hu/target/debug/deps/libahash-40c12fcca98aa9cd.rmeta --extern bitflags=/var/folders/yk/m4dzf0ss5x9f4j4z3xb2rrv40000gn/T/agent-build-trx9e1hu/target/debug/deps/libbitflags-52e14e12b5db0950.rmeta --extern cap_std=/var/folders/yk/m4dzf0ss5x9f4j4z3xb2rrv40000gn/T/agent-build-trx9e1hu/target/debug/deps/libcap_std-1ead2766af10b9f0.rmeta --extern num_traits=/var/folders/yk/m4dzf0ss5x9f4j4z3xb2rrv40000gn/T/agent-build-trx9e1hu/target/debug/deps/libnum_traits-b34f54e69976fadc.rmeta --extern once_cell=/var/folders/yk/m4dzf0ss5x9f4j4z3xb2rrv40000gn/T/agent-build-trx9e1hu/target/debug/deps/libonce_cell-99e63d5066f9fe0e.rmeta --extern rhai_codegen=/var/folders/yk/m4dzf0ss5x9f4j4z3xb2rrv40000gn/T/agent-build-trx9e1hu/target/debug/deps/librhai_codegen-ef5b60133270f34b.dylib --extern serde=/var/folders/yk/m4dzf0ss5x9f4j4z3xb2rrv40000gn/T/agent-build-trx9e1hu/target/debug/deps/libserde-5bab42491b8acbe0.rmeta --extern serde_json=/var/folders/yk/m4dzf0ss5x9f4j4z3xb2rrv40000gn/T/agent-build-trx9e1hu/target/debug/deps/libserde_json-9e660fbf3c68f439.rmeta --extern smallvec=/var/folders/yk/m4dzf0ss5x9f4j4z3xb2rrv40000gn/T/agent-build-trx9e1hu/target/debug/deps/libsmallvec-e0b97ddf7d986c51.rmeta --extern smartstring=/var/folders/yk/m4dzf0ss5x9f4j4z3xb2rrv40000gn/T/agent-build-trx9e1hu/target/debug/deps/libsmartstring-77f3d5edf39067d6.rmeta --extern thin_vec=/var/folders/yk/m4dzf0ss5x9f4j4z3xb2rrv40000gn/T/agent-build-trx9e1hu/target/debug/deps/libthin_vec-8fe7249887313f75.rmeta
sampled-group-member	72478	unavailable	unavailable	unavailable	unavailable
sampled-group-member	71405	71400	71405	Wed Sep 30 20:16:06 2026	/opt/homebrew/Cellar/python@3.14/3.14.7/Frameworks/Python.framework/Versions/3.14/Resources/Python.app/Contents/MacOS/Python /Users/hoppworks/projects/agent-skills/tools/run_scoped.py _supervise 4 python3 /Users/hoppworks/projects/rhai-combined-package-proof/.scratch/combined-package-proof/run-followup.py
sampled-group-member	71407	71405	71405	Wed Sep 30 20:16:06 2026	/Applications/Xcode.app/Contents/Developer/Library/Frameworks/Python3.framework/Versions/3.9/Resources/Python.app/Contents/MacOS/Python /Users/hoppworks/projects/rhai-combined-package-proof/.scratch/combined-package-proof/run-followup.py
sampled-group-member	72429	unavailable	unavailable	unavailable	unavailable
sampled-group-member	72494	unavailable	unavailable	unavailable	unavailable
f32-full-row	72503	71407	71405	Wed Sep 30 20:17:30 2026	/Users/hoppworks/.rustup/toolchains/stable-aarch64-apple-darwin/bin/cargo test --locked --jobs 2 --features testing-environ,sys,net,f32_float --test combined_sys_net --test sys_env --test sys_fs --test sys_policy --test net_connect --test net_listen --test net_reads --test net_writes -- --test-threads=1 --nocapture
sampled-group-member	72496	unavailable	unavailable	unavailable	unavailable
sampled-group-member	71405	71400	71405	Wed Sep 30 20:16:06 2026	/opt/homebrew/Cellar/python@3.14/3.14.7/Frameworks/Python.framework/Versions/3.14/Resources/Python.app/Contents/MacOS/Python /Users/hoppworks/projects/agent-skills/tools/run_scoped.py _supervise 4 python3 /Users/hoppworks/projects/rhai-combined-package-proof/.scratch/combined-package-proof/run-followup.py
sampled-group-member	71407	71405	71405	Wed Sep 30 20:16:06 2026	/Applications/Xcode.app/Contents/Developer/Library/Frameworks/Python3.framework/Versions/3.9/Resources/Python.app/Contents/MacOS/Python /Users/hoppworks/projects/rhai-combined-package-proof/.scratch/combined-package-proof/run-followup.py
sampled-group-member	72503	71407	71405	Wed Sep 30 20:17:30 2026	/Users/hoppworks/.rustup/toolchains/stable-aarch64-apple-darwin/bin/cargo test --locked --jobs 2 --features testing-environ,sys,net,f32_float --test combined_sys_net --test sys_env --test sys_fs --test sys_policy --test net_connect --test net_listen --test net_reads --test net_writes -- --test-threads=1 --nocapture
sampled-group-member	72513	72503	71405	Wed Sep 30 20:17:30 2026	/Users/hoppworks/.rustup/toolchains/stable-aarch64-apple-darwin/bin/rustc --crate-name rhai --edition=2021 src/lib.rs --error-format=json --json=diagnostic-rendered-ansi,artifacts,future-incompat --crate-type lib --emit=dep-info,metadata,link -C embed-bitcode=no --cfg feature="default" --cfg feature="f32_float" --cfg feature="net" --cfg feature="std" --cfg feature="sys" --cfg feature="testing-environ" --check-cfg cfg(docsrs,test) --check-cfg cfg(feature, values("arbitrary", "bin-features", "core-error", "debugging", "decimal", "default", "document-features", "f32_float", "fuzz", "getrandom", "grain", "hashbrown", "internals", "libm", "metadata", "net", "no-std-compat", "no_ast", "no_closure", "no_custom_syntax", "no_float", "no_function", "no_index", "no_module", "no_object", "no_optimize", "no_position", "no_std", "no_time", "only_i32", "only_i64", "rust_decimal", "rustyline", "serde", "serde_json", "std", "sync", "sys", "testing-environ", "unchecked", "unicode-xid", "unicode-xid-ident", "unstable", "wasm-bindgen")) -C metadata=f0e8df6671e211c8 -C extra-filename=-38e9b52ae03c2638 --out-dir /var/folders/yk/m4dzf0ss5x9f4j4z3xb2rrv40000gn/T/agent-build-trx9e1hu/target/debug/deps -C strip=debuginfo -L dependency=/var/folders/yk/m4dzf0ss5x9f4j4z3xb2rrv40000gn/T/agent-build-trx9e1hu/target/debug/deps --extern ahash=/var/folders/yk/m4dzf0ss5x9f4j4z3xb2rrv40000gn/T/agent-build-trx9e1hu/target/debug/deps/libahash-40c12fcca98aa9cd.rmeta --extern bitflags=/var/folders/yk/m4dzf0ss5x9f4j4z3xb2rrv40000gn/T/agent-build-trx9e1hu/target/debug/deps/libbitflags-52e14e12b5db0950.rmeta --extern cap_std=/var/folders/yk/m4dzf0ss5x9f4j4z3xb2rrv40000gn/T/agent-build-trx9e1hu/target/debug/deps/libcap_std-1ead2766af10b9f0.rmeta --extern num_traits=/var/folders/yk/m4dzf0ss5x9f4j4z3xb2rrv40000gn/T/agent-build-trx9e1hu/target/debug/deps/libnum_traits-b34f54e69976fadc.rmeta --extern once_cell=/var/folders/yk/m4dzf0ss5x9f4j4z3xb2rrv40000gn/T/agent-build-trx9e1hu/target/debug/deps/libonce_cell-99e63d5066f9fe0e.rmeta --extern rhai_codegen=/var/folders/yk/m4dzf0ss5x9f4j4z3xb2rrv40000gn/T/agent-build-trx9e1hu/target/debug/deps/librhai_codegen-03860fa4714a6c34.dylib --extern smallvec=/var/folders/yk/m4dzf0ss5x9f4j4z3xb2rrv40000gn/T/agent-build-trx9e1hu/target/debug/deps/libsmallvec-e8e356ea36f4c204.rmeta --extern smartstring=/var/folders/yk/m4dzf0ss5x9f4j4z3xb2rrv40000gn/T/agent-build-trx9e1hu/target/debug/deps/libsmartstring-77f3d5edf39067d6.rmeta --extern thin_vec=/var/folders/yk/m4dzf0ss5x9f4j4z3xb2rrv40000gn/T/agent-build-trx9e1hu/target/debug/deps/libthin_vec-8fe7249887313f75.rmeta
sampled-group-member	72515	unavailable	unavailable	unavailable	unavailable
sampled-group-member	71405	71400	71405	Wed Sep 30 20:16:06 2026	/opt/homebrew/Cellar/python@3.14/3.14.7/Frameworks/Python.framework/Versions/3.14/Resources/Python.app/Contents/MacOS/Python /Users/hoppworks/projects/agent-skills/tools/run_scoped.py _supervise 4 python3 /Users/hoppworks/projects/rhai-combined-package-proof/.scratch/combined-package-proof/run-followup.py
sampled-group-member	71407	71405	71405	Wed Sep 30 20:16:06 2026	/Applications/Xcode.app/Contents/Developer/Library/Frameworks/Python3.framework/Versions/3.9/Resources/Python.app/Contents/MacOS/Python /Users/hoppworks/projects/rhai-combined-package-proof/.scratch/combined-package-proof/run-followup.py
sampled-group-member	72503	71407	71405	Wed Sep 30 20:17:30 2026	/Users/hoppworks/.rustup/toolchains/stable-aarch64-apple-darwin/bin/cargo test --locked --jobs 2 --features testing-environ,sys,net,f32_float --test combined_sys_net --test sys_env --test sys_fs --test sys_policy --test net_connect --test net_listen --test net_reads --test net_writes -- --test-threads=1 --nocapture
sampled-group-member	72513	72503	71405	Wed Sep 30 20:17:30 2026	/Users/hoppworks/.rustup/toolchains/stable-aarch64-apple-darwin/bin/rustc --crate-name rhai --edition=2021 src/lib.rs --error-format=json --json=diagnostic-rendered-ansi,artifacts,future-incompat --crate-type lib --emit=dep-info,metadata,link -C embed-bitcode=no --cfg feature="default" --cfg feature="f32_float" --cfg feature="net" --cfg feature="std" --cfg feature="sys" --cfg feature="testing-environ" --check-cfg cfg(docsrs,test) --check-cfg cfg(feature, values("arbitrary", "bin-features", "core-error", "debugging", "decimal", "default", "document-features", "f32_float", "fuzz", "getrandom", "grain", "hashbrown", "internals", "libm", "metadata", "net", "no-std-compat", "no_ast", "no_closure", "no_custom_syntax", "no_float", "no_function", "no_index", "no_module", "no_object", "no_optimize", "no_position", "no_std", "no_time", "only_i32", "only_i64", "rust_decimal", "rustyline", "serde", "serde_json", "std", "sync", "sys", "testing-environ", "unchecked", "unicode-xid", "unicode-xid-ident", "unstable", "wasm-bindgen")) -C metadata=f0e8df6671e211c8 -C extra-filename=-38e9b52ae03c2638 --out-dir /var/folders/yk/m4dzf0ss5x9f4j4z3xb2rrv40000gn/T/agent-build-trx9e1hu/target/debug/deps -C strip=debuginfo -L dependency=/var/folders/yk/m4dzf0ss5x9f4j4z3xb2rrv40000gn/T/agent-build-trx9e1hu/target/debug/deps --extern ahash=/var/folders/yk/m4dzf0ss5x9f4j4z3xb2rrv40000gn/T/agent-build-trx9e1hu/target/debug/deps/libahash-40c12fcca98aa9cd.rmeta --extern bitflags=/var/folders/yk/m4dzf0ss5x9f4j4z3xb2rrv40000gn/T/agent-build-trx9e1hu/target/debug/deps/libbitflags-52e14e12b5db0950.rmeta --extern cap_std=/var/folders/yk/m4dzf0ss5x9f4j4z3xb2rrv40000gn/T/agent-build-trx9e1hu/target/debug/deps/libcap_std-1ead2766af10b9f0.rmeta --extern num_traits=/var/folders/yk/m4dzf0ss5x9f4j4z3xb2rrv40000gn/T/agent-build-trx9e1hu/target/debug/deps/libnum_traits-b34f54e69976fadc.rmeta --extern once_cell=/var/folders/yk/m4dzf0ss5x9f4j4z3xb2rrv40000gn/T/agent-build-trx9e1hu/target/debug/deps/libonce_cell-99e63d5066f9fe0e.rmeta --extern rhai_codegen=/var/folders/yk/m4dzf0ss5x9f4j4z3xb2rrv40000gn/T/agent-build-trx9e1hu/target/debug/deps/librhai_codegen-03860fa4714a6c34.dylib --extern smallvec=/var/folders/yk/m4dzf0ss5x9f4j4z3xb2rrv40000gn/T/agent-build-trx9e1hu/target/debug/deps/libsmallvec-e8e356ea36f4c204.rmeta --extern smartstring=/var/folders/yk/m4dzf0ss5x9f4j4z3xb2rrv40000gn/T/agent-build-trx9e1hu/target/debug/deps/libsmartstring-77f3d5edf39067d6.rmeta --extern thin_vec=/var/folders/yk/m4dzf0ss5x9f4j4z3xb2rrv40000gn/T/agent-build-trx9e1hu/target/debug/deps/libthin_vec-8fe7249887313f75.rmeta
sampled-group-member	72523	unavailable	unavailable	unavailable	unavailable
sampled-group-member	71405	71400	71405	Wed Sep 30 20:16:06 2026	/opt/homebrew/Cellar/python@3.14/3.14.7/Frameworks/Python.framework/Versions/3.14/Resources/Python.app/Contents/MacOS/Python /Users/hoppworks/projects/agent-skills/tools/run_scoped.py _supervise 4 python3 /Users/hoppworks/projects/rhai-combined-package-proof/.scratch/combined-package-proof/run-followup.py
sampled-group-member	71407	71405	71405	Wed Sep 30 20:16:06 2026	/Applications/Xcode.app/Contents/Developer/Library/Frameworks/Python3.framework/Versions/3.9/Resources/Python.app/Contents/MacOS/Python /Users/hoppworks/projects/rhai-combined-package-proof/.scratch/combined-package-proof/run-followup.py
sampled-group-member	72503	71407	71405	Wed Sep 30 20:17:30 2026	/Users/hoppworks/.rustup/toolchains/stable-aarch64-apple-darwin/bin/cargo test --locked --jobs 2 --features testing-environ,sys,net,f32_float --test combined_sys_net --test sys_env --test sys_fs --test sys_policy --test net_connect --test net_listen --test net_reads --test net_writes -- --test-threads=1 --nocapture
sampled-group-member	72513	72503	71405	Wed Sep 30 20:17:30 2026	/Users/hoppworks/.rustup/toolchains/stable-aarch64-apple-darwin/bin/rustc --crate-name rhai --edition=2021 src/lib.rs --error-format=json --json=diagnostic-rendered-ansi,artifacts,future-incompat --crate-type lib --emit=dep-info,metadata,link -C embed-bitcode=no --cfg feature="default" --cfg feature="f32_float" --cfg feature="net" --cfg feature="std" --cfg feature="sys" --cfg feature="testing-environ" --check-cfg cfg(docsrs,test) --check-cfg cfg(feature, values("arbitrary", "bin-features", "core-error", "debugging", "decimal", "default", "document-features", "f32_float", "fuzz", "getrandom", "grain", "hashbrown", "internals", "libm", "metadata", "net", "no-std-compat", "no_ast", "no_closure", "no_custom_syntax", "no_float", "no_function", "no_index", "no_module", "no_object", "no_optimize", "no_position", "no_std", "no_time", "only_i32", "only_i64", "rust_decimal", "rustyline", "serde", "serde_json", "std", "sync", "sys", "testing-environ", "unchecked", "unicode-xid", "unicode-xid-ident", "unstable", "wasm-bindgen")) -C metadata=f0e8df6671e211c8 -C extra-filename=-38e9b52ae03c2638 --out-dir /var/folders/yk/m4dzf0ss5x9f4j4z3xb2rrv40000gn/T/agent-build-trx9e1hu/target/debug/deps -C strip=debuginfo -L dependency=/var/folders/yk/m4dzf0ss5x9f4j4z3xb2rrv40000gn/T/agent-build-trx9e1hu/target/debug/deps --extern ahash=/var/folders/yk/m4dzf0ss5x9f4j4z3xb2rrv40000gn/T/agent-build-trx9e1hu/target/debug/deps/libahash-40c12fcca98aa9cd.rmeta --extern bitflags=/var/folders/yk/m4dzf0ss5x9f4j4z3xb2rrv40000gn/T/agent-build-trx9e1hu/target/debug/deps/libbitflags-52e14e12b5db0950.rmeta --extern cap_std=/var/folders/yk/m4dzf0ss5x9f4j4z3xb2rrv40000gn/T/agent-build-trx9e1hu/target/debug/deps/libcap_std-1ead2766af10b9f0.rmeta --extern num_traits=/var/folders/yk/m4dzf0ss5x9f4j4z3xb2rrv40000gn/T/agent-build-trx9e1hu/target/debug/deps/libnum_traits-b34f54e69976fadc.rmeta --extern once_cell=/var/folders/yk/m4dzf0ss5x9f4j4z3xb2rrv40000gn/T/agent-build-trx9e1hu/target/debug/deps/libonce_cell-99e63d5066f9fe0e.rmeta --extern rhai_codegen=/var/folders/yk/m4dzf0ss5x9f4j4z3xb2rrv40000gn/T/agent-build-trx9e1hu/target/debug/deps/librhai_codegen-03860fa4714a6c34.dylib --extern smallvec=/var/folders/yk/m4dzf0ss5x9f4j4z3xb2rrv40000gn/T/agent-build-trx9e1hu/target/debug/deps/libsmallvec-e8e356ea36f4c204.rmeta --extern smartstring=/var/folders/yk/m4dzf0ss5x9f4j4z3xb2rrv40000gn/T/agent-build-trx9e1hu/target/debug/deps/libsmartstring-77f3d5edf39067d6.rmeta --extern thin_vec=/var/folders/yk/m4dzf0ss5x9f4j4z3xb2rrv40000gn/T/agent-build-trx9e1hu/target/debug/deps/libthin_vec-8fe7249887313f75.rmeta
sampled-group-member	72530	unavailable	unavailable	unavailable	unavailable
sampled-group-member	71405	71400	71405	Wed Sep 30 20:16:06 2026	/opt/homebrew/Cellar/python@3.14/3.14.7/Frameworks/Python.framework/Versions/3.14/Resources/Python.app/Contents/MacOS/Python /Users/hoppworks/projects/agent-skills/tools/run_scoped.py _supervise 4 python3 /Users/hoppworks/projects/rhai-combined-package-proof/.scratch/combined-package-proof/run-followup.py
sampled-group-member	71407	71405	71405	Wed Sep 30 20:16:06 2026	/Applications/Xcode.app/Contents/Developer/Library/Frameworks/Python3.framework/Versions/3.9/Resources/Python.app/Contents/MacOS/Python /Users/hoppworks/projects/rhai-combined-package-proof/.scratch/combined-package-proof/run-followup.py
sampled-group-member	72503	71407	71405	Wed Sep 30 20:17:30 2026	/Users/hoppworks/.rustup/toolchains/stable-aarch64-apple-darwin/bin/cargo test --locked --jobs 2 --features testing-environ,sys,net,f32_float --test combined_sys_net --test sys_env --test sys_fs --test sys_policy --test net_connect --test net_listen --test net_reads --test net_writes -- --test-threads=1 --nocapture
sampled-group-member	72513	unavailable	unavailable	unavailable	unavailable
sampled-group-member	72537	unavailable	unavailable	unavailable	unavailable
