label	pid	ppid	pgid	start_ticks	cmdline
driver	3339654	3339653	3339653	43893245	python3 /root/rhai-linux-sys-release-features-task/followup-e1db9baa-attempt3/run-followup.py
scoped-supervisor	3339653	3339651	3339653	43893243	/usr/bin/python3 /var/roothome/rhai-linux-sys-release-features-task/followup-e1db9baa-attempt3/runner/tools/run_scoped.py _supervise 4 python3 /root/rhai-linux-sys-release-features-task/followup-e1db9baa-attempt3/run-followup.py
rustc-version	3339660	3339654	3339653	43893249	/root/.cargo/bin/rustc --version --verbose
cargo-version	3339671	3339654	3339653	43893250	/root/.cargo/bin/cargo --version --verbose
generate-lockfile	3339691	3339654	3339653	43893251	/root/.cargo/bin/cargo generate-lockfile
scoped-live-sample@1790794136.456	3339653	3339651	3339653	43893243	/usr/bin/python3 /var/roothome/rhai-linux-sys-release-features-task/followup-e1db9baa-attempt3/runner/tools/run_scoped.py _supervise 4 python3 /root/rhai-linux-sys-release-features-task/followup-e1db9baa-attempt3/run-followup.py
scoped-live-sample@1790794136.456	3339654	3339653	3339653	43893245	python3 /root/rhai-linux-sys-release-features-task/followup-e1db9baa-attempt3/run-followup.py
scoped-live-sample@1790794136.456	3339691	3339654	3339653	43893251	/root/.rustup/toolchains/stable-x86_64-unknown-linux-gnu/bin/cargo generate-lockfile
scoped-live-sample@1790794137.480	3339653	3339651	3339653	43893243	/usr/bin/python3 /var/roothome/rhai-linux-sys-release-features-task/followup-e1db9baa-attempt3/runner/tools/run_scoped.py _supervise 4 python3 /root/rhai-linux-sys-release-features-task/followup-e1db9baa-attempt3/run-followup.py
scoped-live-sample@1790794137.480	3339654	3339653	3339653	43893245	python3 /root/rhai-linux-sys-release-features-task/followup-e1db9baa-attempt3/run-followup.py
scoped-live-sample@1790794137.480	3339691	3339654	3339653	43893251	/root/.rustup/toolchains/stable-x86_64-unknown-linux-gnu/bin/cargo generate-lockfile
scoped-live-sample@1790794138.500	3339653	3339651	3339653	43893243	/usr/bin/python3 /var/roothome/rhai-linux-sys-release-features-task/followup-e1db9baa-attempt3/runner/tools/run_scoped.py _supervise 4 python3 /root/rhai-linux-sys-release-features-task/followup-e1db9baa-attempt3/run-followup.py
scoped-live-sample@1790794138.500	3339654	3339653	3339653	43893245	python3 /root/rhai-linux-sys-release-features-task/followup-e1db9baa-attempt3/run-followup.py
scoped-live-sample@1790794138.500	3339691	3339654	3339653	43893251	/root/.rustup/toolchains/stable-x86_64-unknown-linux-gnu/bin/cargo generate-lockfile
wrong-expectation-control	3340421	3339654	3339653	43893584	/root/.cargo/bin/cargo test --locked --jobs 2 --features testing-environ,sys --test sys_fs test_file_handle_reads_obey_host_cap_and_reject_negative_lengths_without_moving -- --exact --nocapture --test-threads=1
scoped-live-sample@1790794139.529	3339653	3339651	3339653	43893243	/usr/bin/python3 /var/roothome/rhai-linux-sys-release-features-task/followup-e1db9baa-attempt3/runner/tools/run_scoped.py _supervise 4 python3 /root/rhai-linux-sys-release-features-task/followup-e1db9baa-attempt3/run-followup.py
scoped-live-sample@1790794139.529	3339654	3339653	3339653	43893245	python3 /root/rhai-linux-sys-release-features-task/followup-e1db9baa-attempt3/run-followup.py
scoped-live-sample@1790794139.529	3340421	3339654	3339653	43893584	/root/.rustup/toolchains/stable-x86_64-unknown-linux-gnu/bin/cargo test --locked --jobs 2 --features testing-environ,sys --test sys_fs test_file_handle_reads_obey_host_cap_and_reject_negative_lengths_without_moving -- --exact --nocapture --test-threads=1
scoped-live-sample@1790794139.529	3340526	3340421	3339653	43893654	/root/.rustup/toolchains/stable-x86_64-unknown-linux-gnu/bin/rustc --crate-name build_script_build --edition=2021 /tmp/agent-build-sdku18v2/cargo-home/registry/src/index.crates.io-1949cf8c6b5b557f/rustix-1.1.5/build.rs --error-format=json --json=diagnostic-rendered-ansi,artifacts,future-incompat --crate-type bin --emit=dep-info,link -C embed-bitcode=no --warn=unexpected_cfgs --check-cfg cfg(alloc_c_string) --check-cfg cfg(alloc_ffi) --check-cfg cfg(apple) --check-cfg cfg(asm_experimental_arch) --check-cfg cfg(bsd) --check-cfg cfg(core_c_str) --check-cfg cfg(core_ffi_c) --check-cfg cfg(core_intrinsics) --check-cfg cfg(criterion) --check-cfg cfg(document_experimental_runtime_api) --check-cfg cfg(error_in_core) --check-cfg cfg(fix_y2038) --check-cfg cfg(freebsdlike) --check-cfg cfg(libc) --check-cfg cfg(linux_kernel) --check-cfg cfg(linux_like) --check-cfg cfg(linux_raw) --check-cfg cfg(linux_raw_dep) --check-cfg cfg(lower_upper_exp_for_non_zero) --check-cfg cfg(sanitize_memory) --check-cfg cfg(netbsdlike) --check-cfg cfg(rustc_diagnostics) --check-cfg cfg(solarish) --check-cfg cfg(staged_api) --check-cfg cfg(thumb_mode) --check-cfg cfg(wasi) --check-cfg cfg(wasi_ext) --check-cfg cfg(wasip2) --check-cfg cfg(target_arch, values("xtensa")) --check-cfg cfg(target_os, values("cygwin")) --cfg feature="alloc" --cfg feature="default" --cfg feature="fs" --cfg feature="process" --cfg feature="std" --cfg feature="termios" --cfg feature="time" --check-cfg cfg(docsrs,test) --check-cfg cfg(feature, values("all-apis", "alloc", "core", "default", "event", "fs", "io_uring", "libc", "libc_errno", "linux_4_11", "linux_5_1", "linux_5_11", "linux_latest", "mm", "mount", "net", "param", "pipe", "process", "pty", "rand", "runtime", "rustc-dep-of-std", "rustc-std-workspace-alloc", "shm", "std", "stdio", "system", "termios", "thread", "time", "try_close", "use-explicitly-provided-auxv", "use-libc", "use-libc-auxv")) -C metadata=a71792957f9b0066 -C extra-filename=-fd3b1cb4485560ba --out-dir /tmp/agent-build-sdku18v2/target/debug/build/rustix-fd3b1cb4485560ba -C strip=debuginfo -L dependency=/tmp/agent-build-sdku18v2/target/debug/deps --cap-lints allow -C debuginfo=0
scoped-live-sample@1790794139.529	3340559	3340421	3339653	43893657	/root/.rustup/toolchains/stable-x86_64-unknown-linux-gnu/bin/rustc --crate-name version_check --edition=2015 /tmp/agent-build-sdku18v2/cargo-home/registry/src/index.crates.io-1949cf8c6b5b557f/version_check-0.9.5/src/lib.rs --error-format=json --json=diagnostic-rendered-ansi,artifacts,future-incompat --crate-type lib --emit=dep-info,metadata,link -C embed-bitcode=no --check-cfg cfg(docsrs,test) --check-cfg cfg(feature, values()) -C metadata=8de850207fc4043d -C extra-filename=-0e37813947f66e35 --out-dir /tmp/agent-build-sdku18v2/target/debug/deps -C strip=debuginfo -L dependency=/tmp/agent-build-sdku18v2/target/debug/deps --cap-lints allow -C debuginfo=0
scoped-live-sample@1790794140.554	3339653	3339651	3339653	43893243	/usr/bin/python3 /var/roothome/rhai-linux-sys-release-features-task/followup-e1db9baa-attempt3/runner/tools/run_scoped.py _supervise 4 python3 /root/rhai-linux-sys-release-features-task/followup-e1db9baa-attempt3/run-followup.py
scoped-live-sample@1790794140.554	3339654	3339653	3339653	43893245	python3 /root/rhai-linux-sys-release-features-task/followup-e1db9baa-attempt3/run-followup.py
scoped-live-sample@1790794140.554	3340421	3339654	3339653	43893584	/root/.rustup/toolchains/stable-x86_64-unknown-linux-gnu/bin/cargo test --locked --jobs 2 --features testing-environ,sys --test sys_fs test_file_handle_reads_obey_host_cap_and_reject_negative_lengths_without_moving -- --exact --nocapture --test-threads=1
scoped-live-sample@1790794140.554	3340779	3340421	3339653	43893701	/root/.rustup/toolchains/stable-x86_64-unknown-linux-gnu/bin/rustc --crate-name rustix --edition=2021 /tmp/agent-build-sdku18v2/cargo-home/registry/src/index.crates.io-1949cf8c6b5b557f/rustix-1.1.5/src/lib.rs --error-format=json --json=diagnostic-rendered-ansi,artifacts,future-incompat --crate-type lib --emit=dep-info,metadata,link -C embed-bitcode=no --warn=unexpected_cfgs --check-cfg cfg(alloc_c_string) --check-cfg cfg(alloc_ffi) --check-cfg cfg(apple) --check-cfg cfg(asm_experimental_arch) --check-cfg cfg(bsd) --check-cfg cfg(core_c_str) --check-cfg cfg(core_ffi_c) --check-cfg cfg(core_intrinsics) --check-cfg cfg(criterion) --check-cfg cfg(document_experimental_runtime_api) --check-cfg cfg(error_in_core) --check-cfg cfg(fix_y2038) --check-cfg cfg(freebsdlike) --check-cfg cfg(libc) --check-cfg cfg(linux_kernel) --check-cfg cfg(linux_like) --check-cfg cfg(linux_raw) --check-cfg cfg(linux_raw_dep) --check-cfg cfg(lower_upper_exp_for_non_zero) --check-cfg cfg(sanitize_memory) --check-cfg cfg(netbsdlike) --check-cfg cfg(rustc_diagnostics) --check-cfg cfg(solarish) --check-cfg cfg(staged_api) --check-cfg cfg(thumb_mode) --check-cfg cfg(wasi) --check-cfg cfg(wasi_ext) --check-cfg cfg(wasip2) --check-cfg cfg(target_arch, values("xtensa")) --check-cfg cfg(target_os, values("cygwin")) --cfg feature="alloc" --cfg feature="default" --cfg feature="fs" --cfg feature="process" --cfg feature="std" --cfg feature="termios" --cfg feature="time" --check-cfg cfg(docsrs,test) --check-cfg cfg(feature, values("all-apis", "alloc", "core", "default", "event", "fs", "io_uring", "libc", "libc_errno", "linux_4_11", "linux_5_1", "linux_5_11", "linux_latest", "mm", "mount", "net", "param", "pipe", "process", "pty", "rand", "runtime", "rustc-dep-of-std", "rustc-std-workspace-alloc", "shm", "std", "stdio", "system", "termios", "thread", "time", "try_close", "use-explicitly-provided-auxv", "use-libc", "use-libc-auxv")) -C metadata=fe937d9941cb5491 -C extra-filename=-5476eb7394443aaf --out-dir /tmp/agent-build-sdku18v2/target/debug/deps -C strip=debuginfo -L dependency=/tmp/agent-build-sdku18v2/target/debug/deps --extern bitflags=/tmp/agent-build-sdku18v2/target/debug/deps/libbitflags-9d718a09934b1391.rmeta --extern linux_raw_sys=/tmp/agent-build-sdku18v2/target/debug/deps/liblinux_raw_sys-6f5d9dc536ef49b0.rmeta --cap-lints allow -C debuginfo=0 --cfg lower_upper_exp_for_non_zero --cfg rustc_diagnostics --cfg linux_raw_dep --cfg linux_raw --cfg linux_like --cfg linux_kernel
scoped-live-sample@1790794140.554	3340987	3340421	3339653	43893756	/root/.rustup/toolchains/stable-x86_64-unknown-linux-gnu/bin/rustc --crate-name build_script_build --edition=2021 /tmp/agent-build-sdku18v2/cargo-home/registry/src/index.crates.io-1949cf8c6b5b557f/zerocopy-0.8.59/build.rs --error-format=json --json=diagnostic-rendered-ansi,artifacts,future-incompat --crate-type bin --emit=dep-info,link -C embed-bitcode=no --cfg feature="simd" --check-cfg cfg(docsrs,test) --check-cfg cfg(feature, values("__internal_use_only_features_that_work_on_stable", "alloc", "derive", "float-nightly", "simd", "simd-nightly", "std", "zerocopy-derive")) -C metadata=2db2cbaca5844cb8 -C extra-filename=-64e4b5cdb1ce705d --out-dir /tmp/agent-build-sdku18v2/target/debug/build/zerocopy-64e4b5cdb1ce705d -C strip=debuginfo -L dependency=/tmp/agent-build-sdku18v2/target/debug/deps --cap-lints allow -C debuginfo=0
scoped-live-sample@1790794141.586	3339653	3339651	3339653	43893243	/usr/bin/python3 /var/roothome/rhai-linux-sys-release-features-task/followup-e1db9baa-attempt3/runner/tools/run_scoped.py _supervise 4 python3 /root/rhai-linux-sys-release-features-task/followup-e1db9baa-attempt3/run-followup.py
scoped-live-sample@1790794141.586	3339654	3339653	3339653	43893245	python3 /root/rhai-linux-sys-release-features-task/followup-e1db9baa-attempt3/run-followup.py
scoped-live-sample@1790794141.586	3340421	3339654	3339653	43893584	/root/.rustup/toolchains/stable-x86_64-unknown-linux-gnu/bin/cargo test --locked --jobs 2 --features testing-environ,sys --test sys_fs test_file_handle_reads_obey_host_cap_and_reject_negative_lengths_without_moving -- --exact --nocapture --test-threads=1
scoped-live-sample@1790794141.586	3341939	3340421	3339653	43893837	/root/.rustup/toolchains/stable-x86_64-unknown-linux-gnu/bin/rustc --crate-name syn --edition=2021 /tmp/agent-build-sdku18v2/cargo-home/registry/src/index.crates.io-1949cf8c6b5b557f/syn-2.0.119/src/lib.rs --error-format=json --json=diagnostic-rendered-ansi,artifacts,future-incompat --crate-type lib --emit=dep-info,metadata,link -C embed-bitcode=no --cfg feature="clone-impls" --cfg feature="default" --cfg feature="derive" --cfg feature="extra-traits" --cfg feature="full" --cfg feature="parsing" --cfg feature="printing" --cfg feature="proc-macro" --check-cfg cfg(docsrs,test) --check-cfg cfg(feature, values("clone-impls", "default", "derive", "extra-traits", "fold", "full", "parsing", "printing", "proc-macro", "test", "visit", "visit-mut")) -C metadata=c47654787d403532 -C extra-filename=-ce9afc9169ffb13f --out-dir /tmp/agent-build-sdku18v2/target/debug/deps -C strip=debuginfo -L dependency=/tmp/agent-build-sdku18v2/target/debug/deps --extern proc_macro2=/tmp/agent-build-sdku18v2/target/debug/deps/libproc_macro2-740402da969c082e.rmeta --extern quote=/tmp/agent-build-sdku18v2/target/debug/deps/libquote-ff7cd128a902996e.rmeta --extern unicode_ident=/tmp/agent-build-sdku18v2/target/debug/deps/libunicode_ident-a9f4132e2d7ed947.rmeta --cap-lints allow -C debuginfo=0
scoped-live-sample@1790794141.586	3341950	3340421	3339653	43893852	/root/.rustup/toolchains/stable-x86_64-unknown-linux-gnu/bin/rustc --crate-name zerocopy --edition=2021 /tmp/agent-build-sdku18v2/cargo-home/registry/src/index.crates.io-1949cf8c6b5b557f/zerocopy-0.8.59/src/lib.rs --error-format=json --json=diagnostic-rendered-ansi,artifacts,future-incompat --crate-type lib --emit=dep-info,metadata,link -C embed-bitcode=no --cfg feature="simd" --check-cfg cfg(docsrs,test) --check-cfg cfg(feature, values("__internal_use_only_features_that_work_on_stable", "alloc", "derive", "float-nightly", "simd", "simd-nightly", "std", "zerocopy-derive")) -C metadata=8e50f4bca71b3f4d -C extra-filename=-8334dce9de05ceb0 --out-dir /tmp/agent-build-sdku18v2/target/debug/deps -C strip=debuginfo -L dependency=/tmp/agent-build-sdku18v2/target/debug/deps --cap-lints allow -C debuginfo=0 --check-cfg cfg(no_zerocopy_simd_x86_avx12_1_89_0) --check-cfg cfg(rust, values("1.89.0")) --check-cfg cfg(no_zerocopy_core_error_1_81_0) --check-cfg cfg(rust, values("1.81.0")) --check-cfg cfg(no_zerocopy_slice_ptr_len_1_79_0) --check-cfg cfg(rust, values("1.79.0")) --check-cfg cfg(no_zerocopy_diagnostic_on_unimplemented_1_78_0) --check-cfg cfg(rust, values("1.78.0")) --check-cfg cfg(no_zerocopy_generic_bounds_in_const_fn_1_61_0) --check-cfg cfg(rust, values("1.61.0")) --check-cfg cfg(no_zerocopy_target_has_atomics_1_60_0) --check-cfg cfg(rust, values("1.60.0")) --check-cfg cfg(no_zerocopy_aarch64_simd_1_59_0) --check-cfg cfg(rust, values("1.59.0")) --check-cfg cfg(no_zerocopy_aarch64_simd_be_1_87_0) --check-cfg cfg(rust, values("1.87.0")) --check-cfg cfg(no_zerocopy_panic_in_const_and_vec_try_reserve_1_57_0) --check-cfg cfg(rust, values("1.57.0")) --check-cfg cfg(doc_cfg) --check-cfg cfg(kani) --check-cfg cfg(__ZEROCOPY_INTERNAL_USE_ONLY_NIGHTLY_FEATURES_IN_TESTS) --check-cfg cfg(__ZEROCOPY_INTERNAL_USE_ONLY_TOOLCHAIN, values("msrv", "stable", "nightly")) --check-cfg cfg(__ZEROCOPY_INTERNAL_USE_ONLY_DEV_MODE) --check-cfg cfg(coverage_nightly) --check-cfg cfg(zerocopy_inline_always) --check-cfg cfg(zerocopy_unstable_ptr) --check-cfg cfg(zerocopy_unstable_linux) --check-cfg cfg(no_fp_fmt_parse)
scoped-live-sample@1790794142.614	3339653	3339651	3339653	43893243	/usr/bin/python3 /var/roothome/rhai-linux-sys-release-features-task/followup-e1db9baa-attempt3/runner/tools/run_scoped.py _supervise 4 python3 /root/rhai-linux-sys-release-features-task/followup-e1db9baa-attempt3/run-followup.py
scoped-live-sample@1790794142.614	3339654	3339653	3339653	43893245	python3 /root/rhai-linux-sys-release-features-task/followup-e1db9baa-attempt3/run-followup.py
scoped-live-sample@1790794142.614	3340421	3339654	3339653	43893584	/root/.rustup/toolchains/stable-x86_64-unknown-linux-gnu/bin/cargo test --locked --jobs 2 --features testing-environ,sys --test sys_fs test_file_handle_reads_obey_host_cap_and_reject_negative_lengths_without_moving -- --exact --nocapture --test-threads=1
scoped-live-sample@1790794142.614	3341939	3340421	3339653	43893837	/root/.rustup/toolchains/stable-x86_64-unknown-linux-gnu/bin/rustc --crate-name syn --edition=2021 /tmp/agent-build-sdku18v2/cargo-home/registry/src/index.crates.io-1949cf8c6b5b557f/syn-2.0.119/src/lib.rs --error-format=json --json=diagnostic-rendered-ansi,artifacts,future-incompat --crate-type lib --emit=dep-info,metadata,link -C embed-bitcode=no --cfg feature="clone-impls" --cfg feature="default" --cfg feature="derive" --cfg feature="extra-traits" --cfg feature="full" --cfg feature="parsing" --cfg feature="printing" --cfg feature="proc-macro" --check-cfg cfg(docsrs,test) --check-cfg cfg(feature, values("clone-impls", "default", "derive", "extra-traits", "fold", "full", "parsing", "printing", "proc-macro", "test", "visit", "visit-mut")) -C metadata=c47654787d403532 -C extra-filename=-ce9afc9169ffb13f --out-dir /tmp/agent-build-sdku18v2/target/debug/deps -C strip=debuginfo -L dependency=/tmp/agent-build-sdku18v2/target/debug/deps --extern proc_macro2=/tmp/agent-build-sdku18v2/target/debug/deps/libproc_macro2-740402da969c082e.rmeta --extern quote=/tmp/agent-build-sdku18v2/target/debug/deps/libquote-ff7cd128a902996e.rmeta --extern unicode_ident=/tmp/agent-build-sdku18v2/target/debug/deps/libunicode_ident-a9f4132e2d7ed947.rmeta --cap-lints allow -C debuginfo=0
scoped-live-sample@1790794142.614	3341981	3340421	3339653	43893965	/root/.rustup/toolchains/stable-x86_64-unknown-linux-gnu/bin/rustc --crate-name getrandom --edition=2021 /tmp/agent-build-sdku18v2/cargo-home/registry/src/index.crates.io-1949cf8c6b5b557f/getrandom-0.3.4/src/lib.rs --error-format=json --json=diagnostic-rendered-ansi,artifacts,future-incompat --crate-type lib --emit=dep-info,metadata,link -C embed-bitcode=no --warn=unexpected_cfgs --check-cfg cfg(getrandom_backend, values("custom", "efi_rng", "rdrand", "rndr", "linux_getrandom", "linux_raw", "wasm_js", "windows_legacy", "unsupported")) --check-cfg cfg(getrandom_msan) --check-cfg cfg(getrandom_test_linux_fallback) --check-cfg cfg(getrandom_test_linux_without_fallback) --check-cfg cfg(getrandom_test_netbsd_fallback) --check-cfg cfg(target_os, values("cygwin")) --check-cfg cfg(docsrs,test) --check-cfg cfg(feature, values("std", "wasm_js")) -C metadata=8313b8c13beda38c -C extra-filename=-98af62fd66674663 --out-dir /tmp/agent-build-sdku18v2/target/debug/deps -C strip=debuginfo -L dependency=/tmp/agent-build-sdku18v2/target/debug/deps --extern cfg_if=/tmp/agent-build-sdku18v2/target/debug/deps/libcfg_if-be896e6648403595.rmeta --extern libc=/tmp/agent-build-sdku18v2/target/debug/deps/liblibc-08d977e655195daf.rmeta --cap-lints allow -C debuginfo=0
scoped-live-sample@1790794143.641	3339653	3339651	3339653	43893243	/usr/bin/python3 /var/roothome/rhai-linux-sys-release-features-task/followup-e1db9baa-attempt3/runner/tools/run_scoped.py _supervise 4 python3 /root/rhai-linux-sys-release-features-task/followup-e1db9baa-attempt3/run-followup.py
scoped-live-sample@1790794143.641	3339654	3339653	3339653	43893245	python3 /root/rhai-linux-sys-release-features-task/followup-e1db9baa-attempt3/run-followup.py
scoped-live-sample@1790794143.641	3340421	3339654	3339653	43893584	/root/.rustup/toolchains/stable-x86_64-unknown-linux-gnu/bin/cargo test --locked --jobs 2 --features testing-environ,sys --test sys_fs test_file_handle_reads_obey_host_cap_and_reject_negative_lengths_without_moving -- --exact --nocapture --test-threads=1
scoped-live-sample@1790794143.641	3342217	3340421	3339653	43894048	/root/.rustup/toolchains/stable-x86_64-unknown-linux-gnu/bin/rustc --crate-name rhai --edition=2021 src/lib.rs --error-format=json --json=diagnostic-rendered-ansi,artifacts,future-incompat --crate-type lib --emit=dep-info,metadata,link -C embed-bitcode=no --cfg feature="default" --cfg feature="std" --cfg feature="sys" --cfg feature="testing-environ" --check-cfg cfg(docsrs,test) --check-cfg cfg(feature, values("arbitrary", "bin-features", "core-error", "debugging", "decimal", "default", "document-features", "f32_float", "fuzz", "getrandom", "grain", "hashbrown", "internals", "libm", "metadata", "net", "no-std-compat", "no_ast", "no_closure", "no_custom_syntax", "no_float", "no_function", "no_index", "no_module", "no_object", "no_optimize", "no_position", "no_std", "no_time", "only_i32", "only_i64", "rust_decimal", "rustyline", "serde", "serde_json", "std", "sync", "sys", "testing-environ", "unchecked", "unicode-xid", "unicode-xid-ident", "unstable", "wasm-bindgen")) -C metadata=4f0bf8112c23b0af -C extra-filename=-654af77432c7b4b9 --out-dir /tmp/agent-build-sdku18v2/target/debug/deps -C strip=debuginfo -L dependency=/tmp/agent-build-sdku18v2/target/debug/deps --extern ahash=/tmp/agent-build-sdku18v2/target/debug/deps/libahash-90582b982388c949.rmeta --extern bitflags=/tmp/agent-build-sdku18v2/target/debug/deps/libbitflags-9d718a09934b1391.rmeta --extern cap_std=/tmp/agent-build-sdku18v2/target/debug/deps/libcap_std-665b9890e79818d8.rmeta --extern num_traits=/tmp/agent-build-sdku18v2/target/debug/deps/libnum_traits-6edc40b250c1231b.rmeta --extern once_cell=/tmp/agent-build-sdku18v2/target/debug/deps/libonce_cell-2c729b0b3095ff61.rmeta --extern rhai_codegen=/tmp/agent-build-sdku18v2/target/debug/deps/librhai_codegen-b17ae727271ce246.so --extern smallvec=/tmp/agent-build-sdku18v2/target/debug/deps/libsmallvec-1d97e07214f906d4.rmeta --extern smartstring=/tmp/agent-build-sdku18v2/target/debug/deps/libsmartstring-2e1565b300e2ff9b.rmeta --extern thin_vec=/tmp/agent-build-sdku18v2/target/debug/deps/libthin_vec-8edd54d9cad3d126.rmeta -C debuginfo=0
scoped-live-sample@1790794143.641	3342225	3340421	3339653	43894062	/root/.rustup/toolchains/stable-x86_64-unknown-linux-gnu/bin/rustc --crate-name zmij --edition=2021 /tmp/agent-build-sdku18v2/cargo-home/registry/src/index.crates.io-1949cf8c6b5b557f/zmij-1.0.23/src/lib.rs --error-format=json --json=diagnostic-rendered-ansi,artifacts,future-incompat --crate-type lib --emit=dep-info,metadata,link -C embed-bitcode=no --check-cfg cfg(docsrs,test) --check-cfg cfg(feature, values("no-panic")) -C metadata=2f2bd7641306e1b9 -C extra-filename=-137248489190f368 --out-dir /tmp/agent-build-sdku18v2/target/debug/deps -C strip=debuginfo -L dependency=/tmp/agent-build-sdku18v2/target/debug/deps --cap-lints allow -C debuginfo=0 --check-cfg cfg(exhaustive) --check-cfg cfg(opt_level, values("s")) --check-cfg cfg(zmij_no_select_unpredictable)
scoped-live-sample@1790794144.680	3339653	3339651	3339653	43893243	/usr/bin/python3 /var/roothome/rhai-linux-sys-release-features-task/followup-e1db9baa-attempt3/runner/tools/run_scoped.py _supervise 4 python3 /root/rhai-linux-sys-release-features-task/followup-e1db9baa-attempt3/run-followup.py
scoped-live-sample@1790794144.680	3339654	3339653	3339653	43893245	python3 /root/rhai-linux-sys-release-features-task/followup-e1db9baa-attempt3/run-followup.py
scoped-live-sample@1790794144.680	3340421	3339654	3339653	43893584	/root/.rustup/toolchains/stable-x86_64-unknown-linux-gnu/bin/cargo test --locked --jobs 2 --features testing-environ,sys --test sys_fs test_file_handle_reads_obey_host_cap_and_reject_negative_lengths_without_moving -- --exact --nocapture --test-threads=1
scoped-live-sample@1790794144.680	3342217	3340421	3339653	43894048	/root/.rustup/toolchains/stable-x86_64-unknown-linux-gnu/bin/rustc --crate-name rhai --edition=2021 src/lib.rs --error-format=json --json=diagnostic-rendered-ansi,artifacts,future-incompat --crate-type lib --emit=dep-info,metadata,link -C embed-bitcode=no --cfg feature="default" --cfg feature="std" --cfg feature="sys" --cfg feature="testing-environ" --check-cfg cfg(docsrs,test) --check-cfg cfg(feature, values("arbitrary", "bin-features", "core-error", "debugging", "decimal", "default", "document-features", "f32_float", "fuzz", "getrandom", "grain", "hashbrown", "internals", "libm", "metadata", "net", "no-std-compat", "no_ast", "no_closure", "no_custom_syntax", "no_float", "no_function", "no_index", "no_module", "no_object", "no_optimize", "no_position", "no_std", "no_time", "only_i32", "only_i64", "rust_decimal", "rustyline", "serde", "serde_json", "std", "sync", "sys", "testing-environ", "unchecked", "unicode-xid", "unicode-xid-ident", "unstable", "wasm-bindgen")) -C metadata=4f0bf8112c23b0af -C extra-filename=-654af77432c7b4b9 --out-dir /tmp/agent-build-sdku18v2/target/debug/deps -C strip=debuginfo -L dependency=/tmp/agent-build-sdku18v2/target/debug/deps --extern ahash=/tmp/agent-build-sdku18v2/target/debug/deps/libahash-90582b982388c949.rmeta --extern bitflags=/tmp/agent-build-sdku18v2/target/debug/deps/libbitflags-9d718a09934b1391.rmeta --extern cap_std=/tmp/agent-build-sdku18v2/target/debug/deps/libcap_std-665b9890e79818d8.rmeta --extern num_traits=/tmp/agent-build-sdku18v2/target/debug/deps/libnum_traits-6edc40b250c1231b.rmeta --extern once_cell=/tmp/agent-build-sdku18v2/target/debug/deps/libonce_cell-2c729b0b3095ff61.rmeta --extern rhai_codegen=/tmp/agent-build-sdku18v2/target/debug/deps/librhai_codegen-b17ae727271ce246.so --extern smallvec=/tmp/agent-build-sdku18v2/target/debug/deps/libsmallvec-1d97e07214f906d4.rmeta --extern smartstring=/tmp/agent-build-sdku18v2/target/debug/deps/libsmartstring-2e1565b300e2ff9b.rmeta --extern thin_vec=/tmp/agent-build-sdku18v2/target/debug/deps/libthin_vec-8edd54d9cad3d126.rmeta -C debuginfo=0
scoped-live-sample@1790794145.711	3339653	3339651	3339653	43893243	/usr/bin/python3 /var/roothome/rhai-linux-sys-release-features-task/followup-e1db9baa-attempt3/runner/tools/run_scoped.py _supervise 4 python3 /root/rhai-linux-sys-release-features-task/followup-e1db9baa-attempt3/run-followup.py
scoped-live-sample@1790794145.711	3339654	3339653	3339653	43893245	python3 /root/rhai-linux-sys-release-features-task/followup-e1db9baa-attempt3/run-followup.py
scoped-live-sample@1790794145.711	3340421	3339654	3339653	43893584	/root/.rustup/toolchains/stable-x86_64-unknown-linux-gnu/bin/cargo test --locked --jobs 2 --features testing-environ,sys --test sys_fs test_file_handle_reads_obey_host_cap_and_reject_negative_lengths_without_moving -- --exact --nocapture --test-threads=1
scoped-live-sample@1790794145.711	3342217	3340421	3339653	43894048	/root/.rustup/toolchains/stable-x86_64-unknown-linux-gnu/bin/rustc --crate-name rhai --edition=2021 src/lib.rs --error-format=json --json=diagnostic-rendered-ansi,artifacts,future-incompat --crate-type lib --emit=dep-info,metadata,link -C embed-bitcode=no --cfg feature="default" --cfg feature="std" --cfg feature="sys" --cfg feature="testing-environ" --check-cfg cfg(docsrs,test) --check-cfg cfg(feature, values("arbitrary", "bin-features", "core-error", "debugging", "decimal", "default", "document-features", "f32_float", "fuzz", "getrandom", "grain", "hashbrown", "internals", "libm", "metadata", "net", "no-std-compat", "no_ast", "no_closure", "no_custom_syntax", "no_float", "no_function", "no_index", "no_module", "no_object", "no_optimize", "no_position", "no_std", "no_time", "only_i32", "only_i64", "rust_decimal", "rustyline", "serde", "serde_json", "std", "sync", "sys", "testing-environ", "unchecked", "unicode-xid", "unicode-xid-ident", "unstable", "wasm-bindgen")) -C metadata=4f0bf8112c23b0af -C extra-filename=-654af77432c7b4b9 --out-dir /tmp/agent-build-sdku18v2/target/debug/deps -C strip=debuginfo -L dependency=/tmp/agent-build-sdku18v2/target/debug/deps --extern ahash=/tmp/agent-build-sdku18v2/target/debug/deps/libahash-90582b982388c949.rmeta --extern bitflags=/tmp/agent-build-sdku18v2/target/debug/deps/libbitflags-9d718a09934b1391.rmeta --extern cap_std=/tmp/agent-build-sdku18v2/target/debug/deps/libcap_std-665b9890e79818d8.rmeta --extern num_traits=/tmp/agent-build-sdku18v2/target/debug/deps/libnum_traits-6edc40b250c1231b.rmeta --extern once_cell=/tmp/agent-build-sdku18v2/target/debug/deps/libonce_cell-2c729b0b3095ff61.rmeta --extern rhai_codegen=/tmp/agent-build-sdku18v2/target/debug/deps/librhai_codegen-b17ae727271ce246.so --extern smallvec=/tmp/agent-build-sdku18v2/target/debug/deps/libsmallvec-1d97e07214f906d4.rmeta --extern smartstring=/tmp/agent-build-sdku18v2/target/debug/deps/libsmartstring-2e1565b300e2ff9b.rmeta --extern thin_vec=/tmp/agent-build-sdku18v2/target/debug/deps/libthin_vec-8edd54d9cad3d126.rmeta -C debuginfo=0
scoped-live-sample@1790794146.740	3339653	3339651	3339653	43893243	/usr/bin/python3 /var/roothome/rhai-linux-sys-release-features-task/followup-e1db9baa-attempt3/runner/tools/run_scoped.py _supervise 4 python3 /root/rhai-linux-sys-release-features-task/followup-e1db9baa-attempt3/run-followup.py
scoped-live-sample@1790794146.740	3339654	3339653	3339653	43893245	python3 /root/rhai-linux-sys-release-features-task/followup-e1db9baa-attempt3/run-followup.py
scoped-live-sample@1790794146.740	3340421	3339654	3339653	43893584	/root/.rustup/toolchains/stable-x86_64-unknown-linux-gnu/bin/cargo test --locked --jobs 2 --features testing-environ,sys --test sys_fs test_file_handle_reads_obey_host_cap_and_reject_negative_lengths_without_moving -- --exact --nocapture --test-threads=1
scoped-live-sample@1790794146.740	3342217	3340421	3339653	43894048	/root/.rustup/toolchains/stable-x86_64-unknown-linux-gnu/bin/rustc --crate-name rhai --edition=2021 src/lib.rs --error-format=json --json=diagnostic-rendered-ansi,artifacts,future-incompat --crate-type lib --emit=dep-info,metadata,link -C embed-bitcode=no --cfg feature="default" --cfg feature="std" --cfg feature="sys" --cfg feature="testing-environ" --check-cfg cfg(docsrs,test) --check-cfg cfg(feature, values("arbitrary", "bin-features", "core-error", "debugging", "decimal", "default", "document-features", "f32_float", "fuzz", "getrandom", "grain", "hashbrown", "internals", "libm", "metadata", "net", "no-std-compat", "no_ast", "no_closure", "no_custom_syntax", "no_float", "no_function", "no_index", "no_module", "no_object", "no_optimize", "no_position", "no_std", "no_time", "only_i32", "only_i64", "rust_decimal", "rustyline", "serde", "serde_json", "std", "sync", "sys", "testing-environ", "unchecked", "unicode-xid", "unicode-xid-ident", "unstable", "wasm-bindgen")) -C metadata=4f0bf8112c23b0af -C extra-filename=-654af77432c7b4b9 --out-dir /tmp/agent-build-sdku18v2/target/debug/deps -C strip=debuginfo -L dependency=/tmp/agent-build-sdku18v2/target/debug/deps --extern ahash=/tmp/agent-build-sdku18v2/target/debug/deps/libahash-90582b982388c949.rmeta --extern bitflags=/tmp/agent-build-sdku18v2/target/debug/deps/libbitflags-9d718a09934b1391.rmeta --extern cap_std=/tmp/agent-build-sdku18v2/target/debug/deps/libcap_std-665b9890e79818d8.rmeta --extern num_traits=/tmp/agent-build-sdku18v2/target/debug/deps/libnum_traits-6edc40b250c1231b.rmeta --extern once_cell=/tmp/agent-build-sdku18v2/target/debug/deps/libonce_cell-2c729b0b3095ff61.rmeta --extern rhai_codegen=/tmp/agent-build-sdku18v2/target/debug/deps/librhai_codegen-b17ae727271ce246.so --extern smallvec=/tmp/agent-build-sdku18v2/target/debug/deps/libsmallvec-1d97e07214f906d4.rmeta --extern smartstring=/tmp/agent-build-sdku18v2/target/debug/deps/libsmartstring-2e1565b300e2ff9b.rmeta --extern thin_vec=/tmp/agent-build-sdku18v2/target/debug/deps/libthin_vec-8edd54d9cad3d126.rmeta -C debuginfo=0
restored-targeted-test	3343065	3339654	3339653	43894476	/root/.cargo/bin/cargo test --locked --jobs 2 --features testing-environ,sys --test sys_fs test_file_handle_reads_obey_host_cap_and_reject_negative_lengths_without_moving -- --exact --nocapture --test-threads=1
fixture-01-sys_env	3343081	3339654	3339653	43894480	/root/.cargo/bin/cargo test --locked --jobs 2 --features testing-environ,sys --test sys_env -- --test-threads=1 --nocapture
scoped-live-sample@1790794147.765	3339653	3339651	3339653	43893243	/usr/bin/python3 /var/roothome/rhai-linux-sys-release-features-task/followup-e1db9baa-attempt3/runner/tools/run_scoped.py _supervise 4 python3 /root/rhai-linux-sys-release-features-task/followup-e1db9baa-attempt3/run-followup.py
scoped-live-sample@1790794147.765	3339654	3339653	3339653	43893245	python3 /root/rhai-linux-sys-release-features-task/followup-e1db9baa-attempt3/run-followup.py
scoped-live-sample@1790794147.765	3343081	3339654	3339653	43894480	/root/.rustup/toolchains/stable-x86_64-unknown-linux-gnu/bin/cargo test --locked --jobs 2 --features testing-environ,sys --test sys_env -- --test-threads=1 --nocapture
fixture-01-sys_fs	3343145	3339654	3339653	43894503	/root/.cargo/bin/cargo test --locked --jobs 2 --features testing-environ,sys --test sys_fs -- --test-threads=1 --nocapture
fixture-01-sys_policy	3343195	3339654	3339653	43894522	/root/.cargo/bin/cargo test --locked --jobs 2 --features testing-environ,sys --test sys_policy -- --test-threads=1 --nocapture
fixture-02-sys_env	3343264	3339654	3339653	43894546	/root/.cargo/bin/cargo test --locked --jobs 2 --features testing-environ,sys,sync --test sys_env -- --test-threads=1 --nocapture
scoped-live-sample@1790794148.800	3339653	3339651	3339653	43893243	/usr/bin/python3 /var/roothome/rhai-linux-sys-release-features-task/followup-e1db9baa-attempt3/runner/tools/run_scoped.py _supervise 4 python3 /root/rhai-linux-sys-release-features-task/followup-e1db9baa-attempt3/run-followup.py
scoped-live-sample@1790794148.800	3339654	3339653	3339653	43893245	python3 /root/rhai-linux-sys-release-features-task/followup-e1db9baa-attempt3/run-followup.py
scoped-live-sample@1790794148.800	3343264	3339654	3339653	43894546	/root/.rustup/toolchains/stable-x86_64-unknown-linux-gnu/bin/cargo test --locked --jobs 2 --features testing-environ,sys,sync --test sys_env -- --test-threads=1 --nocapture
scoped-live-sample@1790794148.800	3343281	3343264	3339653	43894563	/root/.rustup/toolchains/stable-x86_64-unknown-linux-gnu/bin/rustc --crate-name rhai_codegen --edition=2018 codegen/src/lib.rs --error-format=json --json=diagnostic-rendered-ansi,artifacts,future-incompat --crate-type proc-macro --emit=dep-info,link -C prefer-dynamic -C embed-bitcode=no --cfg feature="default" --cfg feature="sync" --check-cfg cfg(docsrs,test) --check-cfg cfg(feature, values("default", "metadata", "sync")) -C metadata=cf276d8744d6ba82 -C extra-filename=-aee4c9efed1fc578 --out-dir /tmp/agent-build-sdku18v2/target/debug/deps -C strip=debuginfo -L dependency=/tmp/agent-build-sdku18v2/target/debug/deps --extern proc_macro2=/tmp/agent-build-sdku18v2/target/debug/deps/libproc_macro2-740402da969c082e.rlib --extern quote=/tmp/agent-build-sdku18v2/target/debug/deps/libquote-ff7cd128a902996e.rlib --extern syn=/tmp/agent-build-sdku18v2/target/debug/deps/libsyn-ce9afc9169ffb13f.rlib --extern proc_macro -C debuginfo=0
scoped-live-sample@1790794149.829	3339653	3339651	3339653	43893243	/usr/bin/python3 /var/roothome/rhai-linux-sys-release-features-task/followup-e1db9baa-attempt3/runner/tools/run_scoped.py _supervise 4 python3 /root/rhai-linux-sys-release-features-task/followup-e1db9baa-attempt3/run-followup.py
scoped-live-sample@1790794149.829	3339654	3339653	3339653	43893245	python3 /root/rhai-linux-sys-release-features-task/followup-e1db9baa-attempt3/run-followup.py
scoped-live-sample@1790794149.829	3343264	3339654	3339653	43894546	/root/.rustup/toolchains/stable-x86_64-unknown-linux-gnu/bin/cargo test --locked --jobs 2 --features testing-environ,sys,sync --test sys_env -- --test-threads=1 --nocapture
scoped-live-sample@1790794149.829	3343930	3343264	3339653	43894593	/root/.rustup/toolchains/stable-x86_64-unknown-linux-gnu/bin/rustc --crate-name rhai --edition=2021 src/lib.rs --error-format=json --json=diagnostic-rendered-ansi,artifacts,future-incompat --crate-type lib --emit=dep-info,metadata,link -C embed-bitcode=no --cfg feature="default" --cfg feature="std" --cfg feature="sync" --cfg feature="sys" --cfg feature="testing-environ" --check-cfg cfg(docsrs,test) --check-cfg cfg(feature, values("arbitrary", "bin-features", "core-error", "debugging", "decimal", "default", "document-features", "f32_float", "fuzz", "getrandom", "grain", "hashbrown", "internals", "libm", "metadata", "net", "no-std-compat", "no_ast", "no_closure", "no_custom_syntax", "no_float", "no_function", "no_index", "no_module", "no_object", "no_optimize", "no_position", "no_std", "no_time", "only_i32", "only_i64", "rust_decimal", "rustyline", "serde", "serde_json", "std", "sync", "sys", "testing-environ", "unchecked", "unicode-xid", "unicode-xid-ident", "unstable", "wasm-bindgen")) -C metadata=c49c0bbf680b6296 -C extra-filename=-8f845b0e156ebb04 --out-dir /tmp/agent-build-sdku18v2/target/debug/deps -C strip=debuginfo -L dependency=/tmp/agent-build-sdku18v2/target/debug/deps --extern ahash=/tmp/agent-build-sdku18v2/target/debug/deps/libahash-90582b982388c949.rmeta --extern bitflags=/tmp/agent-build-sdku18v2/target/debug/deps/libbitflags-9d718a09934b1391.rmeta --extern cap_std=/tmp/agent-build-sdku18v2/target/debug/deps/libcap_std-665b9890e79818d8.rmeta --extern num_traits=/tmp/agent-build-sdku18v2/target/debug/deps/libnum_traits-6edc40b250c1231b.rmeta --extern once_cell=/tmp/agent-build-sdku18v2/target/debug/deps/libonce_cell-2c729b0b3095ff61.rmeta --extern rhai_codegen=/tmp/agent-build-sdku18v2/target/debug/deps/librhai_codegen-aee4c9efed1fc578.so --extern smallvec=/tmp/agent-build-sdku18v2/target/debug/deps/libsmallvec-1d97e07214f906d4.rmeta --extern smartstring=/tmp/agent-build-sdku18v2/target/debug/deps/libsmartstring-2e1565b300e2ff9b.rmeta --extern thin_vec=/tmp/agent-build-sdku18v2/target/debug/deps/libthin_vec-8edd54d9cad3d126.rmeta -C debuginfo=0
scoped-live-sample@1790794150.853	3339653	3339651	3339653	43893243	/usr/bin/python3 /var/roothome/rhai-linux-sys-release-features-task/followup-e1db9baa-attempt3/runner/tools/run_scoped.py _supervise 4 python3 /root/rhai-linux-sys-release-features-task/followup-e1db9baa-attempt3/run-followup.py
scoped-live-sample@1790794150.853	3339654	3339653	3339653	43893245	python3 /root/rhai-linux-sys-release-features-task/followup-e1db9baa-attempt3/run-followup.py
scoped-live-sample@1790794150.853	3343264	3339654	3339653	43894546	/root/.rustup/toolchains/stable-x86_64-unknown-linux-gnu/bin/cargo test --locked --jobs 2 --features testing-environ,sys,sync --test sys_env -- --test-threads=1 --nocapture
scoped-live-sample@1790794150.853	3343930	3343264	3339653	43894593	/root/.rustup/toolchains/stable-x86_64-unknown-linux-gnu/bin/rustc --crate-name rhai --edition=2021 src/lib.rs --error-format=json --json=diagnostic-rendered-ansi,artifacts,future-incompat --crate-type lib --emit=dep-info,metadata,link -C embed-bitcode=no --cfg feature="default" --cfg feature="std" --cfg feature="sync" --cfg feature="sys" --cfg feature="testing-environ" --check-cfg cfg(docsrs,test) --check-cfg cfg(feature, values("arbitrary", "bin-features", "core-error", "debugging", "decimal", "default", "document-features", "f32_float", "fuzz", "getrandom", "grain", "hashbrown", "internals", "libm", "metadata", "net", "no-std-compat", "no_ast", "no_closure", "no_custom_syntax", "no_float", "no_function", "no_index", "no_module", "no_object", "no_optimize", "no_position", "no_std", "no_time", "only_i32", "only_i64", "rust_decimal", "rustyline", "serde", "serde_json", "std", "sync", "sys", "testing-environ", "unchecked", "unicode-xid", "unicode-xid-ident", "unstable", "wasm-bindgen")) -C metadata=c49c0bbf680b6296 -C extra-filename=-8f845b0e156ebb04 --out-dir /tmp/agent-build-sdku18v2/target/debug/deps -C strip=debuginfo -L dependency=/tmp/agent-build-sdku18v2/target/debug/deps --extern ahash=/tmp/agent-build-sdku18v2/target/debug/deps/libahash-90582b982388c949.rmeta --extern bitflags=/tmp/agent-build-sdku18v2/target/debug/deps/libbitflags-9d718a09934b1391.rmeta --extern cap_std=/tmp/agent-build-sdku18v2/target/debug/deps/libcap_std-665b9890e79818d8.rmeta --extern num_traits=/tmp/agent-build-sdku18v2/target/debug/deps/libnum_traits-6edc40b250c1231b.rmeta --extern once_cell=/tmp/agent-build-sdku18v2/target/debug/deps/libonce_cell-2c729b0b3095ff61.rmeta --extern rhai_codegen=/tmp/agent-build-sdku18v2/target/debug/deps/librhai_codegen-aee4c9efed1fc578.so --extern smallvec=/tmp/agent-build-sdku18v2/target/debug/deps/libsmallvec-1d97e07214f906d4.rmeta --extern smartstring=/tmp/agent-build-sdku18v2/target/debug/deps/libsmartstring-2e1565b300e2ff9b.rmeta --extern thin_vec=/tmp/agent-build-sdku18v2/target/debug/deps/libthin_vec-8edd54d9cad3d126.rmeta -C debuginfo=0
scoped-live-sample@1790794151.881	3339653	3339651	3339653	43893243	/usr/bin/python3 /var/roothome/rhai-linux-sys-release-features-task/followup-e1db9baa-attempt3/runner/tools/run_scoped.py _supervise 4 python3 /root/rhai-linux-sys-release-features-task/followup-e1db9baa-attempt3/run-followup.py
scoped-live-sample@1790794151.881	3339654	3339653	3339653	43893245	python3 /root/rhai-linux-sys-release-features-task/followup-e1db9baa-attempt3/run-followup.py
scoped-live-sample@1790794151.881	3343264	3339654	3339653	43894546	/root/.rustup/toolchains/stable-x86_64-unknown-linux-gnu/bin/cargo test --locked --jobs 2 --features testing-environ,sys,sync --test sys_env -- --test-threads=1 --nocapture
scoped-live-sample@1790794151.881	3343930	3343264	3339653	43894593	/root/.rustup/toolchains/stable-x86_64-unknown-linux-gnu/bin/rustc --crate-name rhai --edition=2021 src/lib.rs --error-format=json --json=diagnostic-rendered-ansi,artifacts,future-incompat --crate-type lib --emit=dep-info,metadata,link -C embed-bitcode=no --cfg feature="default" --cfg feature="std" --cfg feature="sync" --cfg feature="sys" --cfg feature="testing-environ" --check-cfg cfg(docsrs,test) --check-cfg cfg(feature, values("arbitrary", "bin-features", "core-error", "debugging", "decimal", "default", "document-features", "f32_float", "fuzz", "getrandom", "grain", "hashbrown", "internals", "libm", "metadata", "net", "no-std-compat", "no_ast", "no_closure", "no_custom_syntax", "no_float", "no_function", "no_index", "no_module", "no_object", "no_optimize", "no_position", "no_std", "no_time", "only_i32", "only_i64", "rust_decimal", "rustyline", "serde", "serde_json", "std", "sync", "sys", "testing-environ", "unchecked", "unicode-xid", "unicode-xid-ident", "unstable", "wasm-bindgen")) -C metadata=c49c0bbf680b6296 -C extra-filename=-8f845b0e156ebb04 --out-dir /tmp/agent-build-sdku18v2/target/debug/deps -C strip=debuginfo -L dependency=/tmp/agent-build-sdku18v2/target/debug/deps --extern ahash=/tmp/agent-build-sdku18v2/target/debug/deps/libahash-90582b982388c949.rmeta --extern bitflags=/tmp/agent-build-sdku18v2/target/debug/deps/libbitflags-9d718a09934b1391.rmeta --extern cap_std=/tmp/agent-build-sdku18v2/target/debug/deps/libcap_std-665b9890e79818d8.rmeta --extern num_traits=/tmp/agent-build-sdku18v2/target/debug/deps/libnum_traits-6edc40b250c1231b.rmeta --extern once_cell=/tmp/agent-build-sdku18v2/target/debug/deps/libonce_cell-2c729b0b3095ff61.rmeta --extern rhai_codegen=/tmp/agent-build-sdku18v2/target/debug/deps/librhai_codegen-aee4c9efed1fc578.so --extern smallvec=/tmp/agent-build-sdku18v2/target/debug/deps/libsmallvec-1d97e07214f906d4.rmeta --extern smartstring=/tmp/agent-build-sdku18v2/target/debug/deps/libsmartstring-2e1565b300e2ff9b.rmeta --extern thin_vec=/tmp/agent-build-sdku18v2/target/debug/deps/libthin_vec-8edd54d9cad3d126.rmeta -C debuginfo=0
scoped-live-sample@1790794152.910	3339653	3339651	3339653	43893243	/usr/bin/python3 /var/roothome/rhai-linux-sys-release-features-task/followup-e1db9baa-attempt3/runner/tools/run_scoped.py _supervise 4 python3 /root/rhai-linux-sys-release-features-task/followup-e1db9baa-attempt3/run-followup.py
scoped-live-sample@1790794152.910	3339654	3339653	3339653	43893245	python3 /root/rhai-linux-sys-release-features-task/followup-e1db9baa-attempt3/run-followup.py
scoped-live-sample@1790794152.910	3343264	3339654	3339653	43894546	/root/.rustup/toolchains/stable-x86_64-unknown-linux-gnu/bin/cargo test --locked --jobs 2 --features testing-environ,sys,sync --test sys_env -- --test-threads=1 --nocapture
scoped-live-sample@1790794152.910	3343930	3343264	3339653	43894593	/root/.rustup/toolchains/stable-x86_64-unknown-linux-gnu/bin/rustc --crate-name rhai --edition=2021 src/lib.rs --error-format=json --json=diagnostic-rendered-ansi,artifacts,future-incompat --crate-type lib --emit=dep-info,metadata,link -C embed-bitcode=no --cfg feature="default" --cfg feature="std" --cfg feature="sync" --cfg feature="sys" --cfg feature="testing-environ" --check-cfg cfg(docsrs,test) --check-cfg cfg(feature, values("arbitrary", "bin-features", "core-error", "debugging", "decimal", "default", "document-features", "f32_float", "fuzz", "getrandom", "grain", "hashbrown", "internals", "libm", "metadata", "net", "no-std-compat", "no_ast", "no_closure", "no_custom_syntax", "no_float", "no_function", "no_index", "no_module", "no_object", "no_optimize", "no_position", "no_std", "no_time", "only_i32", "only_i64", "rust_decimal", "rustyline", "serde", "serde_json", "std", "sync", "sys", "testing-environ", "unchecked", "unicode-xid", "unicode-xid-ident", "unstable", "wasm-bindgen")) -C metadata=c49c0bbf680b6296 -C extra-filename=-8f845b0e156ebb04 --out-dir /tmp/agent-build-sdku18v2/target/debug/deps -C strip=debuginfo -L dependency=/tmp/agent-build-sdku18v2/target/debug/deps --extern ahash=/tmp/agent-build-sdku18v2/target/debug/deps/libahash-90582b982388c949.rmeta --extern bitflags=/tmp/agent-build-sdku18v2/target/debug/deps/libbitflags-9d718a09934b1391.rmeta --extern cap_std=/tmp/agent-build-sdku18v2/target/debug/deps/libcap_std-665b9890e79818d8.rmeta --extern num_traits=/tmp/agent-build-sdku18v2/target/debug/deps/libnum_traits-6edc40b250c1231b.rmeta --extern once_cell=/tmp/agent-build-sdku18v2/target/debug/deps/libonce_cell-2c729b0b3095ff61.rmeta --extern rhai_codegen=/tmp/agent-build-sdku18v2/target/debug/deps/librhai_codegen-aee4c9efed1fc578.so --extern smallvec=/tmp/agent-build-sdku18v2/target/debug/deps/libsmallvec-1d97e07214f906d4.rmeta --extern smartstring=/tmp/agent-build-sdku18v2/target/debug/deps/libsmartstring-2e1565b300e2ff9b.rmeta --extern thin_vec=/tmp/agent-build-sdku18v2/target/debug/deps/libthin_vec-8edd54d9cad3d126.rmeta -C debuginfo=0
fixture-02-sys_fs	3344633	3339654	3339653	43895029	/root/.cargo/bin/cargo test --locked --jobs 2 --features testing-environ,sys,sync --test sys_fs -- --test-threads=1 --nocapture
fixture-02-sys_policy	3344714	3339654	3339653	43895069	/root/.cargo/bin/cargo test --locked --jobs 2 --features testing-environ,sys,sync --test sys_policy -- --test-threads=1 --nocapture
fixture-03-sys_env	3344789	3339654	3339653	43895097	/root/.cargo/bin/cargo test --locked --jobs 2 --features testing-environ,sys,no_index --test sys_env -- --test-threads=1 --nocapture
scoped-live-sample@1790794153.934	3339653	3339651	3339653	43893243	/usr/bin/python3 /var/roothome/rhai-linux-sys-release-features-task/followup-e1db9baa-attempt3/runner/tools/run_scoped.py _supervise 4 python3 /root/rhai-linux-sys-release-features-task/followup-e1db9baa-attempt3/run-followup.py
scoped-live-sample@1790794153.934	3339654	3339653	3339653	43893245	python3 /root/rhai-linux-sys-release-features-task/followup-e1db9baa-attempt3/run-followup.py
scoped-live-sample@1790794153.934	3344789	3339654	3339653	43895097	/root/.rustup/toolchains/stable-x86_64-unknown-linux-gnu/bin/cargo test --locked --jobs 2 --features testing-environ,sys,no_index --test sys_env -- --test-threads=1 --nocapture
scoped-live-sample@1790794154.964	3339653	3339651	3339653	43893243	/usr/bin/python3 /var/roothome/rhai-linux-sys-release-features-task/followup-e1db9baa-attempt3/runner/tools/run_scoped.py _supervise 4 python3 /root/rhai-linux-sys-release-features-task/followup-e1db9baa-attempt3/run-followup.py
scoped-live-sample@1790794154.964	3339654	3339653	3339653	43893245	python3 /root/rhai-linux-sys-release-features-task/followup-e1db9baa-attempt3/run-followup.py
scoped-live-sample@1790794154.964	3344789	3339654	3339653	43895097	/root/.rustup/toolchains/stable-x86_64-unknown-linux-gnu/bin/cargo test --locked --jobs 2 --features testing-environ,sys,no_index --test sys_env -- --test-threads=1 --nocapture
scoped-live-sample@1790794154.964	3344834	3344789	3339653	43895104	/root/.rustup/toolchains/stable-x86_64-unknown-linux-gnu/bin/rustc --crate-name rhai --edition=2021 src/lib.rs --error-format=json --json=diagnostic-rendered-ansi,artifacts,future-incompat --crate-type lib --emit=dep-info,metadata,link -C embed-bitcode=no --cfg feature="default" --cfg feature="no_index" --cfg feature="std" --cfg feature="sys" --cfg feature="testing-environ" --check-cfg cfg(docsrs,test) --check-cfg cfg(feature, values("arbitrary", "bin-features", "core-error", "debugging", "decimal", "default", "document-features", "f32_float", "fuzz", "getrandom", "grain", "hashbrown", "internals", "libm", "metadata", "net", "no-std-compat", "no_ast", "no_closure", "no_custom_syntax", "no_float", "no_function", "no_index", "no_module", "no_object", "no_optimize", "no_position", "no_std", "no_time", "only_i32", "only_i64", "rust_decimal", "rustyline", "serde", "serde_json", "std", "sync", "sys", "testing-environ", "unchecked", "unicode-xid", "unicode-xid-ident", "unstable", "wasm-bindgen")) -C metadata=fe92e72a8bcd5920 -C extra-filename=-0656d95f64527e5e --out-dir /tmp/agent-build-sdku18v2/target/debug/deps -C strip=debuginfo -L dependency=/tmp/agent-build-sdku18v2/target/debug/deps --extern ahash=/tmp/agent-build-sdku18v2/target/debug/deps/libahash-90582b982388c949.rmeta --extern bitflags=/tmp/agent-build-sdku18v2/target/debug/deps/libbitflags-9d718a09934b1391.rmeta --extern cap_std=/tmp/agent-build-sdku18v2/target/debug/deps/libcap_std-665b9890e79818d8.rmeta --extern num_traits=/tmp/agent-build-sdku18v2/target/debug/deps/libnum_traits-6edc40b250c1231b.rmeta --extern once_cell=/tmp/agent-build-sdku18v2/target/debug/deps/libonce_cell-2c729b0b3095ff61.rmeta --extern rhai_codegen=/tmp/agent-build-sdku18v2/target/debug/deps/librhai_codegen-b17ae727271ce246.so --extern smallvec=/tmp/agent-build-sdku18v2/target/debug/deps/libsmallvec-1d97e07214f906d4.rmeta --extern smartstring=/tmp/agent-build-sdku18v2/target/debug/deps/libsmartstring-2e1565b300e2ff9b.rmeta --extern thin_vec=/tmp/agent-build-sdku18v2/target/debug/deps/libthin_vec-8edd54d9cad3d126.rmeta -C debuginfo=0
scoped-live-sample@1790794155.989	3339653	3339651	3339653	43893243	/usr/bin/python3 /var/roothome/rhai-linux-sys-release-features-task/followup-e1db9baa-attempt3/runner/tools/run_scoped.py _supervise 4 python3 /root/rhai-linux-sys-release-features-task/followup-e1db9baa-attempt3/run-followup.py
scoped-live-sample@1790794155.989	3339654	3339653	3339653	43893245	python3 /root/rhai-linux-sys-release-features-task/followup-e1db9baa-attempt3/run-followup.py
scoped-live-sample@1790794155.989	3344789	3339654	3339653	43895097	/root/.rustup/toolchains/stable-x86_64-unknown-linux-gnu/bin/cargo test --locked --jobs 2 --features testing-environ,sys,no_index --test sys_env -- --test-threads=1 --nocapture
scoped-live-sample@1790794155.989	3344834	3344789	3339653	43895104	/root/.rustup/toolchains/stable-x86_64-unknown-linux-gnu/bin/rustc --crate-name rhai --edition=2021 src/lib.rs --error-format=json --json=diagnostic-rendered-ansi,artifacts,future-incompat --crate-type lib --emit=dep-info,metadata,link -C embed-bitcode=no --cfg feature="default" --cfg feature="no_index" --cfg feature="std" --cfg feature="sys" --cfg feature="testing-environ" --check-cfg cfg(docsrs,test) --check-cfg cfg(feature, values("arbitrary", "bin-features", "core-error", "debugging", "decimal", "default", "document-features", "f32_float", "fuzz", "getrandom", "grain", "hashbrown", "internals", "libm", "metadata", "net", "no-std-compat", "no_ast", "no_closure", "no_custom_syntax", "no_float", "no_function", "no_index", "no_module", "no_object", "no_optimize", "no_position", "no_std", "no_time", "only_i32", "only_i64", "rust_decimal", "rustyline", "serde", "serde_json", "std", "sync", "sys", "testing-environ", "unchecked", "unicode-xid", "unicode-xid-ident", "unstable", "wasm-bindgen")) -C metadata=fe92e72a8bcd5920 -C extra-filename=-0656d95f64527e5e --out-dir /tmp/agent-build-sdku18v2/target/debug/deps -C strip=debuginfo -L dependency=/tmp/agent-build-sdku18v2/target/debug/deps --extern ahash=/tmp/agent-build-sdku18v2/target/debug/deps/libahash-90582b982388c949.rmeta --extern bitflags=/tmp/agent-build-sdku18v2/target/debug/deps/libbitflags-9d718a09934b1391.rmeta --extern cap_std=/tmp/agent-build-sdku18v2/target/debug/deps/libcap_std-665b9890e79818d8.rmeta --extern num_traits=/tmp/agent-build-sdku18v2/target/debug/deps/libnum_traits-6edc40b250c1231b.rmeta --extern once_cell=/tmp/agent-build-sdku18v2/target/debug/deps/libonce_cell-2c729b0b3095ff61.rmeta --extern rhai_codegen=/tmp/agent-build-sdku18v2/target/debug/deps/librhai_codegen-b17ae727271ce246.so --extern smallvec=/tmp/agent-build-sdku18v2/target/debug/deps/libsmallvec-1d97e07214f906d4.rmeta --extern smartstring=/tmp/agent-build-sdku18v2/target/debug/deps/libsmartstring-2e1565b300e2ff9b.rmeta --extern thin_vec=/tmp/agent-build-sdku18v2/target/debug/deps/libthin_vec-8edd54d9cad3d126.rmeta -C debuginfo=0
scoped-live-sample@1790794157.020	3339653	3339651	3339653	43893243	/usr/bin/python3 /var/roothome/rhai-linux-sys-release-features-task/followup-e1db9baa-attempt3/runner/tools/run_scoped.py _supervise 4 python3 /root/rhai-linux-sys-release-features-task/followup-e1db9baa-attempt3/run-followup.py
scoped-live-sample@1790794157.020	3339654	3339653	3339653	43893245	python3 /root/rhai-linux-sys-release-features-task/followup-e1db9baa-attempt3/run-followup.py
scoped-live-sample@1790794157.020	3344789	3339654	3339653	43895097	/root/.rustup/toolchains/stable-x86_64-unknown-linux-gnu/bin/cargo test --locked --jobs 2 --features testing-environ,sys,no_index --test sys_env -- --test-threads=1 --nocapture
scoped-live-sample@1790794157.020	3344834	3344789	3339653	43895104	/root/.rustup/toolchains/stable-x86_64-unknown-linux-gnu/bin/rustc --crate-name rhai --edition=2021 src/lib.rs --error-format=json --json=diagnostic-rendered-ansi,artifacts,future-incompat --crate-type lib --emit=dep-info,metadata,link -C embed-bitcode=no --cfg feature="default" --cfg feature="no_index" --cfg feature="std" --cfg feature="sys" --cfg feature="testing-environ" --check-cfg cfg(docsrs,test) --check-cfg cfg(feature, values("arbitrary", "bin-features", "core-error", "debugging", "decimal", "default", "document-features", "f32_float", "fuzz", "getrandom", "grain", "hashbrown", "internals", "libm", "metadata", "net", "no-std-compat", "no_ast", "no_closure", "no_custom_syntax", "no_float", "no_function", "no_index", "no_module", "no_object", "no_optimize", "no_position", "no_std", "no_time", "only_i32", "only_i64", "rust_decimal", "rustyline", "serde", "serde_json", "std", "sync", "sys", "testing-environ", "unchecked", "unicode-xid", "unicode-xid-ident", "unstable", "wasm-bindgen")) -C metadata=fe92e72a8bcd5920 -C extra-filename=-0656d95f64527e5e --out-dir /tmp/agent-build-sdku18v2/target/debug/deps -C strip=debuginfo -L dependency=/tmp/agent-build-sdku18v2/target/debug/deps --extern ahash=/tmp/agent-build-sdku18v2/target/debug/deps/libahash-90582b982388c949.rmeta --extern bitflags=/tmp/agent-build-sdku18v2/target/debug/deps/libbitflags-9d718a09934b1391.rmeta --extern cap_std=/tmp/agent-build-sdku18v2/target/debug/deps/libcap_std-665b9890e79818d8.rmeta --extern num_traits=/tmp/agent-build-sdku18v2/target/debug/deps/libnum_traits-6edc40b250c1231b.rmeta --extern once_cell=/tmp/agent-build-sdku18v2/target/debug/deps/libonce_cell-2c729b0b3095ff61.rmeta --extern rhai_codegen=/tmp/agent-build-sdku18v2/target/debug/deps/librhai_codegen-b17ae727271ce246.so --extern smallvec=/tmp/agent-build-sdku18v2/target/debug/deps/libsmallvec-1d97e07214f906d4.rmeta --extern smartstring=/tmp/agent-build-sdku18v2/target/debug/deps/libsmartstring-2e1565b300e2ff9b.rmeta --extern thin_vec=/tmp/agent-build-sdku18v2/target/debug/deps/libthin_vec-8edd54d9cad3d126.rmeta -C debuginfo=0
fixture-03-sys_fs	3345687	3339654	3339653	43895470	/root/.cargo/bin/cargo test --locked --jobs 2 --features testing-environ,sys,no_index --test sys_fs -- --test-threads=1 --nocapture
fixture-03-sys_policy	3345757	3339654	3339653	43895496	/root/.cargo/bin/cargo test --locked --jobs 2 --features testing-environ,sys,no_index --test sys_policy -- --test-threads=1 --nocapture
scoped-live-sample@1790794158.046	3339653	3339651	3339653	43893243	/usr/bin/python3 /var/roothome/rhai-linux-sys-release-features-task/followup-e1db9baa-attempt3/runner/tools/run_scoped.py _supervise 4 python3 /root/rhai-linux-sys-release-features-task/followup-e1db9baa-attempt3/run-followup.py
scoped-live-sample@1790794158.046	3339654	3339653	3339653	43893245	python3 /root/rhai-linux-sys-release-features-task/followup-e1db9baa-attempt3/run-followup.py
scoped-live-sample@1790794158.047	3345757	3339654	3339653	43895496	/root/.rustup/toolchains/stable-x86_64-unknown-linux-gnu/bin/cargo test --locked --jobs 2 --features testing-environ,sys,no_index --test sys_policy -- --test-threads=1 --nocapture
scoped-live-sample@1790794158.047	3345769	3345757	3339653	43895499	/root/.rustup/toolchains/stable-x86_64-unknown-linux-gnu/bin/rustc --crate-name sys_policy --edition=2021 tests/sys_policy.rs --error-format=json --json=diagnostic-rendered-ansi,artifacts,future-incompat --emit=dep-info,link -C embed-bitcode=no --test --cfg feature="default" --cfg feature="no_index" --cfg feature="std" --cfg feature="sys" --cfg feature="testing-environ" --check-cfg cfg(docsrs,test) --check-cfg cfg(feature, values("arbitrary", "bin-features", "core-error", "debugging", "decimal", "default", "document-features", "f32_float", "fuzz", "getrandom", "grain", "hashbrown", "internals", "libm", "metadata", "net", "no-std-compat", "no_ast", "no_closure", "no_custom_syntax", "no_float", "no_function", "no_index", "no_module", "no_object", "no_optimize", "no_position", "no_std", "no_time", "only_i32", "only_i64", "rust_decimal", "rustyline", "serde", "serde_json", "std", "sync", "sys", "testing-environ", "unchecked", "unicode-xid", "unicode-xid-ident", "unstable", "wasm-bindgen")) -C metadata=f8b73e1787f8f2e8 -C extra-filename=-d660906ed83059d1 --out-dir /tmp/agent-build-sdku18v2/target/debug/deps -C strip=debuginfo -L dependency=/tmp/agent-build-sdku18v2/target/debug/deps --extern ahash=/tmp/agent-build-sdku18v2/target/debug/deps/libahash-90582b982388c949.rlib --extern bitflags=/tmp/agent-build-sdku18v2/target/debug/deps/libbitflags-9d718a09934b1391.rlib --extern cap_std=/tmp/agent-build-sdku18v2/target/debug/deps/libcap_std-665b9890e79818d8.rlib --extern num_traits=/tmp/agent-build-sdku18v2/target/debug/deps/libnum_traits-6edc40b250c1231b.rlib --extern once_cell=/tmp/agent-build-sdku18v2/target/debug/deps/libonce_cell-2c729b0b3095ff61.rlib --extern rhai=/tmp/agent-build-sdku18v2/target/debug/deps/librhai-0656d95f64527e5e.rlib --extern rhai_codegen=/tmp/agent-build-sdku18v2/target/debug/deps/librhai_codegen-b17ae727271ce246.so --extern rmp_serde=/tmp/agent-build-sdku18v2/target/debug/deps/librmp_serde-b0ae8495e6efc2e7.rlib --extern serde_json=/tmp/agent-build-sdku18v2/target/debug/deps/libserde_json-19fbe2a3f25f702f.rlib --extern smallvec=/tmp/agent-build-sdku18v2/target/debug/deps/libsmallvec-1d97e07214f906d4.rlib --extern smartstring=/tmp/agent-build-sdku18v2/target/debug/deps/libsmartstring-2e1565b300e2ff9b.rlib --extern thin_vec=/tmp/agent-build-sdku18v2/target/debug/deps/libthin_vec-8edd54d9cad3d126.rlib -C debuginfo=0
fixture-04-sys_env	3345829	3339654	3339653	43895519	/root/.cargo/bin/cargo test --locked --jobs 2 --features testing-environ,sys,metadata,serde --test sys_env -- --test-threads=1 --nocapture
scoped-live-sample@1790794159.072	3339653	3339651	3339653	43893243	/usr/bin/python3 /var/roothome/rhai-linux-sys-release-features-task/followup-e1db9baa-attempt3/runner/tools/run_scoped.py _supervise 4 python3 /root/rhai-linux-sys-release-features-task/followup-e1db9baa-attempt3/run-followup.py
scoped-live-sample@1790794159.072	3339654	3339653	3339653	43893245	python3 /root/rhai-linux-sys-release-features-task/followup-e1db9baa-attempt3/run-followup.py
scoped-live-sample@1790794159.072	3345829	3339654	3339653	43895519	/root/.rustup/toolchains/stable-x86_64-unknown-linux-gnu/bin/cargo test --locked --jobs 2 --features testing-environ,sys,metadata,serde --test sys_env -- --test-threads=1 --nocapture
scoped-live-sample@1790794159.072	3345965	3345829	3339653	43895598	/root/.rustup/toolchains/stable-x86_64-unknown-linux-gnu/bin/rustc --crate-name serde_derive --edition=2021 /tmp/agent-build-sdku18v2/cargo-home/registry/src/index.crates.io-1949cf8c6b5b557f/serde_derive-1.0.229/src/lib.rs --error-format=json --json=diagnostic-rendered-ansi,artifacts,future-incompat --crate-type proc-macro --emit=dep-info,link -C prefer-dynamic -C embed-bitcode=no --cfg feature="default" --check-cfg cfg(docsrs,test) --check-cfg cfg(feature, values("default", "deserialize_in_place")) -C metadata=58cca3011908bbe1 -C extra-filename=-5c65b3c0cd58ca40 --out-dir /tmp/agent-build-sdku18v2/target/debug/deps -C strip=debuginfo -L dependency=/tmp/agent-build-sdku18v2/target/debug/deps --extern proc_macro2=/tmp/agent-build-sdku18v2/target/debug/deps/libproc_macro2-740402da969c082e.rlib --extern quote=/tmp/agent-build-sdku18v2/target/debug/deps/libquote-ff7cd128a902996e.rlib --extern syn=/tmp/agent-build-sdku18v2/target/debug/deps/libsyn-367aba1c08d1b97e.rlib --extern proc_macro --cap-lints allow -C debuginfo=0
scoped-live-sample@1790794160.102	3339653	3339651	3339653	43893243	/usr/bin/python3 /var/roothome/rhai-linux-sys-release-features-task/followup-e1db9baa-attempt3/runner/tools/run_scoped.py _supervise 4 python3 /root/rhai-linux-sys-release-features-task/followup-e1db9baa-attempt3/run-followup.py
scoped-live-sample@1790794160.102	3339654	3339653	3339653	43893245	python3 /root/rhai-linux-sys-release-features-task/followup-e1db9baa-attempt3/run-followup.py
scoped-live-sample@1790794160.102	3345829	3339654	3339653	43895519	/root/.rustup/toolchains/stable-x86_64-unknown-linux-gnu/bin/cargo test --locked --jobs 2 --features testing-environ,sys,metadata,serde --test sys_env -- --test-threads=1 --nocapture
scoped-live-sample@1790794160.102	3346625	3345829	3339653	43895693	/root/.rustup/toolchains/stable-x86_64-unknown-linux-gnu/bin/rustc --crate-name rhai --edition=2021 src/lib.rs --error-format=json --json=diagnostic-rendered-ansi,artifacts,future-incompat --crate-type lib --emit=dep-info,metadata,link -C embed-bitcode=no --cfg feature="default" --cfg feature="metadata" --cfg feature="serde" --cfg feature="serde_json" --cfg feature="std" --cfg feature="sys" --cfg feature="testing-environ" --check-cfg cfg(docsrs,test) --check-cfg cfg(feature, values("arbitrary", "bin-features", "core-error", "debugging", "decimal", "default", "document-features", "f32_float", "fuzz", "getrandom", "grain", "hashbrown", "internals", "libm", "metadata", "net", "no-std-compat", "no_ast", "no_closure", "no_custom_syntax", "no_float", "no_function", "no_index", "no_module", "no_object", "no_optimize", "no_position", "no_std", "no_time", "only_i32", "only_i64", "rust_decimal", "rustyline", "serde", "serde_json", "std", "sync", "sys", "testing-environ", "unchecked", "unicode-xid", "unicode-xid-ident", "unstable", "wasm-bindgen")) -C metadata=65b93ec08c2aa5cc -C extra-filename=-272356ae85209d7d --out-dir /tmp/agent-build-sdku18v2/target/debug/deps -C strip=debuginfo -L dependency=/tmp/agent-build-sdku18v2/target/debug/deps --extern ahash=/tmp/agent-build-sdku18v2/target/debug/deps/libahash-90582b982388c949.rmeta --extern bitflags=/tmp/agent-build-sdku18v2/target/debug/deps/libbitflags-9d718a09934b1391.rmeta --extern cap_std=/tmp/agent-build-sdku18v2/target/debug/deps/libcap_std-665b9890e79818d8.rmeta --extern num_traits=/tmp/agent-build-sdku18v2/target/debug/deps/libnum_traits-6edc40b250c1231b.rmeta --extern once_cell=/tmp/agent-build-sdku18v2/target/debug/deps/libonce_cell-2c729b0b3095ff61.rmeta --extern rhai_codegen=/tmp/agent-build-sdku18v2/target/debug/deps/librhai_codegen-5b6b4fa2cdb6befe.so --extern serde=/tmp/agent-build-sdku18v2/target/debug/deps/libserde-7c7cd39140686abe.rmeta --extern serde_json=/tmp/agent-build-sdku18v2/target/debug/deps/libserde_json-19fbe2a3f25f702f.rmeta --extern smallvec=/tmp/agent-build-sdku18v2/target/debug/deps/libsmallvec-4fa13bb10226b340.rmeta --extern smartstring=/tmp/agent-build-sdku18v2/target/debug/deps/libsmartstring-2e1565b300e2ff9b.rmeta --extern thin_vec=/tmp/agent-build-sdku18v2/target/debug/deps/libthin_vec-8edd54d9cad3d126.rmeta -C debuginfo=0
scoped-live-sample@1790794161.128	3339653	3339651	3339653	43893243	/usr/bin/python3 /var/roothome/rhai-linux-sys-release-features-task/followup-e1db9baa-attempt3/runner/tools/run_scoped.py _supervise 4 python3 /root/rhai-linux-sys-release-features-task/followup-e1db9baa-attempt3/run-followup.py
scoped-live-sample@1790794161.128	3339654	3339653	3339653	43893245	python3 /root/rhai-linux-sys-release-features-task/followup-e1db9baa-attempt3/run-followup.py
scoped-live-sample@1790794161.129	3345829	3339654	3339653	43895519	/root/.rustup/toolchains/stable-x86_64-unknown-linux-gnu/bin/cargo test --locked --jobs 2 --features testing-environ,sys,metadata,serde --test sys_env -- --test-threads=1 --nocapture
scoped-live-sample@1790794161.129	3346625	3345829	3339653	43895693	/root/.rustup/toolchains/stable-x86_64-unknown-linux-gnu/bin/rustc --crate-name rhai --edition=2021 src/lib.rs --error-format=json --json=diagnostic-rendered-ansi,artifacts,future-incompat --crate-type lib --emit=dep-info,metadata,link -C embed-bitcode=no --cfg feature="default" --cfg feature="metadata" --cfg feature="serde" --cfg feature="serde_json" --cfg feature="std" --cfg feature="sys" --cfg feature="testing-environ" --check-cfg cfg(docsrs,test) --check-cfg cfg(feature, values("arbitrary", "bin-features", "core-error", "debugging", "decimal", "default", "document-features", "f32_float", "fuzz", "getrandom", "grain", "hashbrown", "internals", "libm", "metadata", "net", "no-std-compat", "no_ast", "no_closure", "no_custom_syntax", "no_float", "no_function", "no_index", "no_module", "no_object", "no_optimize", "no_position", "no_std", "no_time", "only_i32", "only_i64", "rust_decimal", "rustyline", "serde", "serde_json", "std", "sync", "sys", "testing-environ", "unchecked", "unicode-xid", "unicode-xid-ident", "unstable", "wasm-bindgen")) -C metadata=65b93ec08c2aa5cc -C extra-filename=-272356ae85209d7d --out-dir /tmp/agent-build-sdku18v2/target/debug/deps -C strip=debuginfo -L dependency=/tmp/agent-build-sdku18v2/target/debug/deps --extern ahash=/tmp/agent-build-sdku18v2/target/debug/deps/libahash-90582b982388c949.rmeta --extern bitflags=/tmp/agent-build-sdku18v2/target/debug/deps/libbitflags-9d718a09934b1391.rmeta --extern cap_std=/tmp/agent-build-sdku18v2/target/debug/deps/libcap_std-665b9890e79818d8.rmeta --extern num_traits=/tmp/agent-build-sdku18v2/target/debug/deps/libnum_traits-6edc40b250c1231b.rmeta --extern once_cell=/tmp/agent-build-sdku18v2/target/debug/deps/libonce_cell-2c729b0b3095ff61.rmeta --extern rhai_codegen=/tmp/agent-build-sdku18v2/target/debug/deps/librhai_codegen-5b6b4fa2cdb6befe.so --extern serde=/tmp/agent-build-sdku18v2/target/debug/deps/libserde-7c7cd39140686abe.rmeta --extern serde_json=/tmp/agent-build-sdku18v2/target/debug/deps/libserde_json-19fbe2a3f25f702f.rmeta --extern smallvec=/tmp/agent-build-sdku18v2/target/debug/deps/libsmallvec-4fa13bb10226b340.rmeta --extern smartstring=/tmp/agent-build-sdku18v2/target/debug/deps/libsmartstring-2e1565b300e2ff9b.rmeta --extern thin_vec=/tmp/agent-build-sdku18v2/target/debug/deps/libthin_vec-8edd54d9cad3d126.rmeta -C debuginfo=0
scoped-live-sample@1790794162.154	3339653	3339651	3339653	43893243	/usr/bin/python3 /var/roothome/rhai-linux-sys-release-features-task/followup-e1db9baa-attempt3/runner/tools/run_scoped.py _supervise 4 python3 /root/rhai-linux-sys-release-features-task/followup-e1db9baa-attempt3/run-followup.py
scoped-live-sample@1790794162.154	3339654	3339653	3339653	43893245	python3 /root/rhai-linux-sys-release-features-task/followup-e1db9baa-attempt3/run-followup.py
scoped-live-sample@1790794162.154	3345829	3339654	3339653	43895519	/root/.rustup/toolchains/stable-x86_64-unknown-linux-gnu/bin/cargo test --locked --jobs 2 --features testing-environ,sys,metadata,serde --test sys_env -- --test-threads=1 --nocapture
scoped-live-sample@1790794162.154	3346625	3345829	3339653	43895693	/root/.rustup/toolchains/stable-x86_64-unknown-linux-gnu/bin/rustc --crate-name rhai --edition=2021 src/lib.rs --error-format=json --json=diagnostic-rendered-ansi,artifacts,future-incompat --crate-type lib --emit=dep-info,metadata,link -C embed-bitcode=no --cfg feature="default" --cfg feature="metadata" --cfg feature="serde" --cfg feature="serde_json" --cfg feature="std" --cfg feature="sys" --cfg feature="testing-environ" --check-cfg cfg(docsrs,test) --check-cfg cfg(feature, values("arbitrary", "bin-features", "core-error", "debugging", "decimal", "default", "document-features", "f32_float", "fuzz", "getrandom", "grain", "hashbrown", "internals", "libm", "metadata", "net", "no-std-compat", "no_ast", "no_closure", "no_custom_syntax", "no_float", "no_function", "no_index", "no_module", "no_object", "no_optimize", "no_position", "no_std", "no_time", "only_i32", "only_i64", "rust_decimal", "rustyline", "serde", "serde_json", "std", "sync", "sys", "testing-environ", "unchecked", "unicode-xid", "unicode-xid-ident", "unstable", "wasm-bindgen")) -C metadata=65b93ec08c2aa5cc -C extra-filename=-272356ae85209d7d --out-dir /tmp/agent-build-sdku18v2/target/debug/deps -C strip=debuginfo -L dependency=/tmp/agent-build-sdku18v2/target/debug/deps --extern ahash=/tmp/agent-build-sdku18v2/target/debug/deps/libahash-90582b982388c949.rmeta --extern bitflags=/tmp/agent-build-sdku18v2/target/debug/deps/libbitflags-9d718a09934b1391.rmeta --extern cap_std=/tmp/agent-build-sdku18v2/target/debug/deps/libcap_std-665b9890e79818d8.rmeta --extern num_traits=/tmp/agent-build-sdku18v2/target/debug/deps/libnum_traits-6edc40b250c1231b.rmeta --extern once_cell=/tmp/agent-build-sdku18v2/target/debug/deps/libonce_cell-2c729b0b3095ff61.rmeta --extern rhai_codegen=/tmp/agent-build-sdku18v2/target/debug/deps/librhai_codegen-5b6b4fa2cdb6befe.so --extern serde=/tmp/agent-build-sdku18v2/target/debug/deps/libserde-7c7cd39140686abe.rmeta --extern serde_json=/tmp/agent-build-sdku18v2/target/debug/deps/libserde_json-19fbe2a3f25f702f.rmeta --extern smallvec=/tmp/agent-build-sdku18v2/target/debug/deps/libsmallvec-4fa13bb10226b340.rmeta --extern smartstring=/tmp/agent-build-sdku18v2/target/debug/deps/libsmartstring-2e1565b300e2ff9b.rmeta --extern thin_vec=/tmp/agent-build-sdku18v2/target/debug/deps/libthin_vec-8edd54d9cad3d126.rmeta -C debuginfo=0
scoped-live-sample@1790794163.181	3339653	3339651	3339653	43893243	/usr/bin/python3 /var/roothome/rhai-linux-sys-release-features-task/followup-e1db9baa-attempt3/runner/tools/run_scoped.py _supervise 4 python3 /root/rhai-linux-sys-release-features-task/followup-e1db9baa-attempt3/run-followup.py
scoped-live-sample@1790794163.181	3339654	3339653	3339653	43893245	python3 /root/rhai-linux-sys-release-features-task/followup-e1db9baa-attempt3/run-followup.py
scoped-live-sample@1790794163.182	3345829	3339654	3339653	43895519	/root/.rustup/toolchains/stable-x86_64-unknown-linux-gnu/bin/cargo test --locked --jobs 2 --features testing-environ,sys,metadata,serde --test sys_env -- --test-threads=1 --nocapture
scoped-live-sample@1790794163.182	3346625	3345829	3339653	43895693	/root/.rustup/toolchains/stable-x86_64-unknown-linux-gnu/bin/rustc --crate-name rhai --edition=2021 src/lib.rs --error-format=json --json=diagnostic-rendered-ansi,artifacts,future-incompat --crate-type lib --emit=dep-info,metadata,link -C embed-bitcode=no --cfg feature="default" --cfg feature="metadata" --cfg feature="serde" --cfg feature="serde_json" --cfg feature="std" --cfg feature="sys" --cfg feature="testing-environ" --check-cfg cfg(docsrs,test) --check-cfg cfg(feature, values("arbitrary", "bin-features", "core-error", "debugging", "decimal", "default", "document-features", "f32_float", "fuzz", "getrandom", "grain", "hashbrown", "internals", "libm", "metadata", "net", "no-std-compat", "no_ast", "no_closure", "no_custom_syntax", "no_float", "no_function", "no_index", "no_module", "no_object", "no_optimize", "no_position", "no_std", "no_time", "only_i32", "only_i64", "rust_decimal", "rustyline", "serde", "serde_json", "std", "sync", "sys", "testing-environ", "unchecked", "unicode-xid", "unicode-xid-ident", "unstable", "wasm-bindgen")) -C metadata=65b93ec08c2aa5cc -C extra-filename=-272356ae85209d7d --out-dir /tmp/agent-build-sdku18v2/target/debug/deps -C strip=debuginfo -L dependency=/tmp/agent-build-sdku18v2/target/debug/deps --extern ahash=/tmp/agent-build-sdku18v2/target/debug/deps/libahash-90582b982388c949.rmeta --extern bitflags=/tmp/agent-build-sdku18v2/target/debug/deps/libbitflags-9d718a09934b1391.rmeta --extern cap_std=/tmp/agent-build-sdku18v2/target/debug/deps/libcap_std-665b9890e79818d8.rmeta --extern num_traits=/tmp/agent-build-sdku18v2/target/debug/deps/libnum_traits-6edc40b250c1231b.rmeta --extern once_cell=/tmp/agent-build-sdku18v2/target/debug/deps/libonce_cell-2c729b0b3095ff61.rmeta --extern rhai_codegen=/tmp/agent-build-sdku18v2/target/debug/deps/librhai_codegen-5b6b4fa2cdb6befe.so --extern serde=/tmp/agent-build-sdku18v2/target/debug/deps/libserde-7c7cd39140686abe.rmeta --extern serde_json=/tmp/agent-build-sdku18v2/target/debug/deps/libserde_json-19fbe2a3f25f702f.rmeta --extern smallvec=/tmp/agent-build-sdku18v2/target/debug/deps/libsmallvec-4fa13bb10226b340.rmeta --extern smartstring=/tmp/agent-build-sdku18v2/target/debug/deps/libsmartstring-2e1565b300e2ff9b.rmeta --extern thin_vec=/tmp/agent-build-sdku18v2/target/debug/deps/libthin_vec-8edd54d9cad3d126.rmeta -C debuginfo=0
scoped-live-sample@1790794164.212	3339653	3339651	3339653	43893243	/usr/bin/python3 /var/roothome/rhai-linux-sys-release-features-task/followup-e1db9baa-attempt3/runner/tools/run_scoped.py _supervise 4 python3 /root/rhai-linux-sys-release-features-task/followup-e1db9baa-attempt3/run-followup.py
scoped-live-sample@1790794164.212	3339654	3339653	3339653	43893245	python3 /root/rhai-linux-sys-release-features-task/followup-e1db9baa-attempt3/run-followup.py
scoped-live-sample@1790794164.212	3345829	3339654	3339653	43895519	/root/.rustup/toolchains/stable-x86_64-unknown-linux-gnu/bin/cargo test --locked --jobs 2 --features testing-environ,sys,metadata,serde --test sys_env -- --test-threads=1 --nocapture
scoped-live-sample@1790794164.212	3346625	3345829	3339653	43895693	/root/.rustup/toolchains/stable-x86_64-unknown-linux-gnu/bin/rustc --crate-name rhai --edition=2021 src/lib.rs --error-format=json --json=diagnostic-rendered-ansi,artifacts,future-incompat --crate-type lib --emit=dep-info,metadata,link -C embed-bitcode=no --cfg feature="default" --cfg feature="metadata" --cfg feature="serde" --cfg feature="serde_json" --cfg feature="std" --cfg feature="sys" --cfg feature="testing-environ" --check-cfg cfg(docsrs,test) --check-cfg cfg(feature, values("arbitrary", "bin-features", "core-error", "debugging", "decimal", "default", "document-features", "f32_float", "fuzz", "getrandom", "grain", "hashbrown", "internals", "libm", "metadata", "net", "no-std-compat", "no_ast", "no_closure", "no_custom_syntax", "no_float", "no_function", "no_index", "no_module", "no_object", "no_optimize", "no_position", "no_std", "no_time", "only_i32", "only_i64", "rust_decimal", "rustyline", "serde", "serde_json", "std", "sync", "sys", "testing-environ", "unchecked", "unicode-xid", "unicode-xid-ident", "unstable", "wasm-bindgen")) -C metadata=65b93ec08c2aa5cc -C extra-filename=-272356ae85209d7d --out-dir /tmp/agent-build-sdku18v2/target/debug/deps -C strip=debuginfo -L dependency=/tmp/agent-build-sdku18v2/target/debug/deps --extern ahash=/tmp/agent-build-sdku18v2/target/debug/deps/libahash-90582b982388c949.rmeta --extern bitflags=/tmp/agent-build-sdku18v2/target/debug/deps/libbitflags-9d718a09934b1391.rmeta --extern cap_std=/tmp/agent-build-sdku18v2/target/debug/deps/libcap_std-665b9890e79818d8.rmeta --extern num_traits=/tmp/agent-build-sdku18v2/target/debug/deps/libnum_traits-6edc40b250c1231b.rmeta --extern once_cell=/tmp/agent-build-sdku18v2/target/debug/deps/libonce_cell-2c729b0b3095ff61.rmeta --extern rhai_codegen=/tmp/agent-build-sdku18v2/target/debug/deps/librhai_codegen-5b6b4fa2cdb6befe.so --extern serde=/tmp/agent-build-sdku18v2/target/debug/deps/libserde-7c7cd39140686abe.rmeta --extern serde_json=/tmp/agent-build-sdku18v2/target/debug/deps/libserde_json-19fbe2a3f25f702f.rmeta --extern smallvec=/tmp/agent-build-sdku18v2/target/debug/deps/libsmallvec-4fa13bb10226b340.rmeta --extern smartstring=/tmp/agent-build-sdku18v2/target/debug/deps/libsmartstring-2e1565b300e2ff9b.rmeta --extern thin_vec=/tmp/agent-build-sdku18v2/target/debug/deps/libthin_vec-8edd54d9cad3d126.rmeta -C debuginfo=0
fixture-04-sys_fs	3347337	3339654	3339653	43896167	/root/.cargo/bin/cargo test --locked --jobs 2 --features testing-environ,sys,metadata,serde --test sys_fs -- --test-threads=1 --nocapture
fixture-04-sys_policy	3347419	3339654	3339653	43896211	/root/.cargo/bin/cargo test --locked --jobs 2 --features testing-environ,sys,metadata,serde --test sys_policy -- --test-threads=1 --nocapture
scoped-live-sample@1790794165.241	3339653	3339651	3339653	43893243	/usr/bin/python3 /var/roothome/rhai-linux-sys-release-features-task/followup-e1db9baa-attempt3/runner/tools/run_scoped.py _supervise 4 python3 /root/rhai-linux-sys-release-features-task/followup-e1db9baa-attempt3/run-followup.py
scoped-live-sample@1790794165.241	3339654	3339653	3339653	43893245	python3 /root/rhai-linux-sys-release-features-task/followup-e1db9baa-attempt3/run-followup.py
scoped-live-sample@1790794165.241	3347419	3339654	3339653	43896211	/root/.rustup/toolchains/stable-x86_64-unknown-linux-gnu/bin/cargo test --locked --jobs 2 --features testing-environ,sys,metadata,serde --test sys_policy -- --test-threads=1 --nocapture
scoped-live-sample@1790794165.241	3347431	3347419	3339653	43896213	/root/.rustup/toolchains/stable-x86_64-unknown-linux-gnu/bin/rustc --crate-name sys_policy --edition=2021 tests/sys_policy.rs --error-format=json --json=diagnostic-rendered-ansi,artifacts,future-incompat --emit=dep-info,link -C embed-bitcode=no --test --cfg feature="default" --cfg feature="metadata" --cfg feature="serde" --cfg feature="serde_json" --cfg feature="std" --cfg feature="sys" --cfg feature="testing-environ" --check-cfg cfg(docsrs,test) --check-cfg cfg(feature, values("arbitrary", "bin-features", "core-error", "debugging", "decimal", "default", "document-features", "f32_float", "fuzz", "getrandom", "grain", "hashbrown", "internals", "libm", "metadata", "net", "no-std-compat", "no_ast", "no_closure", "no_custom_syntax", "no_float", "no_function", "no_index", "no_module", "no_object", "no_optimize", "no_position", "no_std", "no_time", "only_i32", "only_i64", "rust_decimal", "rustyline", "serde", "serde_json", "std", "sync", "sys", "testing-environ", "unchecked", "unicode-xid", "unicode-xid-ident", "unstable", "wasm-bindgen")) -C metadata=257706479d369f6f -C extra-filename=-f23db482bee87331 --out-dir /tmp/agent-build-sdku18v2/target/debug/deps -C strip=debuginfo -L dependency=/tmp/agent-build-sdku18v2/target/debug/deps --extern ahash=/tmp/agent-build-sdku18v2/target/debug/deps/libahash-90582b982388c949.rlib --extern bitflags=/tmp/agent-build-sdku18v2/target/debug/deps/libbitflags-9d718a09934b1391.rlib --extern cap_std=/tmp/agent-build-sdku18v2/target/debug/deps/libcap_std-665b9890e79818d8.rlib --extern num_traits=/tmp/agent-build-sdku18v2/target/debug/deps/libnum_traits-6edc40b250c1231b.rlib --extern once_cell=/tmp/agent-build-sdku18v2/target/debug/deps/libonce_cell-2c729b0b3095ff61.rlib --extern rhai=/tmp/agent-build-sdku18v2/target/debug/deps/librhai-272356ae85209d7d.rlib --extern rhai_codegen=/tmp/agent-build-sdku18v2/target/debug/deps/librhai_codegen-5b6b4fa2cdb6befe.so --extern rmp_serde=/tmp/agent-build-sdku18v2/target/debug/deps/librmp_serde-d057776664839e11.rlib --extern serde=/tmp/agent-build-sdku18v2/target/debug/deps/libserde-7c7cd39140686abe.rlib --extern serde_json=/tmp/agent-build-sdku18v2/target/debug/deps/libserde_json-19fbe2a3f25f702f.rlib --extern smallvec=/tmp/agent-build-sdku18v2/target/debug/deps/libsmallvec-4fa13bb10226b340.rlib --extern smartstring=/tmp/agent-build-sdku18v2/target/debug/deps/libsmartstring-2e1565b300e2ff9b.rlib --extern thin_vec=/tmp/agent-build-sdku18v2/target/debug/deps/libthin_vec-8edd54d9cad3d126.rlib -C debuginfo=0
fixture-05-sys_env	3347492	3339654	3339653	43896237	/root/.cargo/bin/cargo test --locked --jobs 2 --features testing-environ,sys,only_i32,no_float --test sys_env -- --test-threads=1 --nocapture
scoped-live-sample@1790794166.270	3339653	3339651	3339653	43893243	/usr/bin/python3 /var/roothome/rhai-linux-sys-release-features-task/followup-e1db9baa-attempt3/runner/tools/run_scoped.py _supervise 4 python3 /root/rhai-linux-sys-release-features-task/followup-e1db9baa-attempt3/run-followup.py
scoped-live-sample@1790794166.270	3339654	3339653	3339653	43893245	python3 /root/rhai-linux-sys-release-features-task/followup-e1db9baa-attempt3/run-followup.py
scoped-live-sample@1790794166.270	3347492	3339654	3339653	43896237	/root/.rustup/toolchains/stable-x86_64-unknown-linux-gnu/bin/cargo test --locked --jobs 2 --features testing-environ,sys,only_i32,no_float --test sys_env -- --test-threads=1 --nocapture
scoped-live-sample@1790794166.270	3347533	3347492	3339653	43896245	/root/.rustup/toolchains/stable-x86_64-unknown-linux-gnu/bin/rustc --crate-name rhai --edition=2021 src/lib.rs --error-format=json --json=diagnostic-rendered-ansi,artifacts,future-incompat --crate-type lib --emit=dep-info,metadata,link -C embed-bitcode=no --cfg feature="default" --cfg feature="no_float" --cfg feature="only_i32" --cfg feature="std" --cfg feature="sys" --cfg feature="testing-environ" --check-cfg cfg(docsrs,test) --check-cfg cfg(feature, values("arbitrary", "bin-features", "core-error", "debugging", "decimal", "default", "document-features", "f32_float", "fuzz", "getrandom", "grain", "hashbrown", "internals", "libm", "metadata", "net", "no-std-compat", "no_ast", "no_closure", "no_custom_syntax", "no_float", "no_function", "no_index", "no_module", "no_object", "no_optimize", "no_position", "no_std", "no_time", "only_i32", "only_i64", "rust_decimal", "rustyline", "serde", "serde_json", "std", "sync", "sys", "testing-environ", "unchecked", "unicode-xid", "unicode-xid-ident", "unstable", "wasm-bindgen")) -C metadata=5afaf8bf18b19d7d -C extra-filename=-0faa0d8e73e81ba4 --out-dir /tmp/agent-build-sdku18v2/target/debug/deps -C strip=debuginfo -L dependency=/tmp/agent-build-sdku18v2/target/debug/deps --extern ahash=/tmp/agent-build-sdku18v2/target/debug/deps/libahash-90582b982388c949.rmeta --extern bitflags=/tmp/agent-build-sdku18v2/target/debug/deps/libbitflags-9d718a09934b1391.rmeta --extern cap_std=/tmp/agent-build-sdku18v2/target/debug/deps/libcap_std-665b9890e79818d8.rmeta --extern num_traits=/tmp/agent-build-sdku18v2/target/debug/deps/libnum_traits-6edc40b250c1231b.rmeta --extern once_cell=/tmp/agent-build-sdku18v2/target/debug/deps/libonce_cell-2c729b0b3095ff61.rmeta --extern rhai_codegen=/tmp/agent-build-sdku18v2/target/debug/deps/librhai_codegen-b17ae727271ce246.so --extern smallvec=/tmp/agent-build-sdku18v2/target/debug/deps/libsmallvec-1d97e07214f906d4.rmeta --extern smartstring=/tmp/agent-build-sdku18v2/target/debug/deps/libsmartstring-2e1565b300e2ff9b.rmeta --extern thin_vec=/tmp/agent-build-sdku18v2/target/debug/deps/libthin_vec-8edd54d9cad3d126.rmeta -C debuginfo=0
scoped-live-sample@1790794167.298	3339653	3339651	3339653	43893243	/usr/bin/python3 /var/roothome/rhai-linux-sys-release-features-task/followup-e1db9baa-attempt3/runner/tools/run_scoped.py _supervise 4 python3 /root/rhai-linux-sys-release-features-task/followup-e1db9baa-attempt3/run-followup.py
scoped-live-sample@1790794167.298	3339654	3339653	3339653	43893245	python3 /root/rhai-linux-sys-release-features-task/followup-e1db9baa-attempt3/run-followup.py
scoped-live-sample@1790794167.298	3347492	3339654	3339653	43896237	/root/.rustup/toolchains/stable-x86_64-unknown-linux-gnu/bin/cargo test --locked --jobs 2 --features testing-environ,sys,only_i32,no_float --test sys_env -- --test-threads=1 --nocapture
scoped-live-sample@1790794167.298	3347533	3347492	3339653	43896245	/root/.rustup/toolchains/stable-x86_64-unknown-linux-gnu/bin/rustc --crate-name rhai --edition=2021 src/lib.rs --error-format=json --json=diagnostic-rendered-ansi,artifacts,future-incompat --crate-type lib --emit=dep-info,metadata,link -C embed-bitcode=no --cfg feature="default" --cfg feature="no_float" --cfg feature="only_i32" --cfg feature="std" --cfg feature="sys" --cfg feature="testing-environ" --check-cfg cfg(docsrs,test) --check-cfg cfg(feature, values("arbitrary", "bin-features", "core-error", "debugging", "decimal", "default", "document-features", "f32_float", "fuzz", "getrandom", "grain", "hashbrown", "internals", "libm", "metadata", "net", "no-std-compat", "no_ast", "no_closure", "no_custom_syntax", "no_float", "no_function", "no_index", "no_module", "no_object", "no_optimize", "no_position", "no_std", "no_time", "only_i32", "only_i64", "rust_decimal", "rustyline", "serde", "serde_json", "std", "sync", "sys", "testing-environ", "unchecked", "unicode-xid", "unicode-xid-ident", "unstable", "wasm-bindgen")) -C metadata=5afaf8bf18b19d7d -C extra-filename=-0faa0d8e73e81ba4 --out-dir /tmp/agent-build-sdku18v2/target/debug/deps -C strip=debuginfo -L dependency=/tmp/agent-build-sdku18v2/target/debug/deps --extern ahash=/tmp/agent-build-sdku18v2/target/debug/deps/libahash-90582b982388c949.rmeta --extern bitflags=/tmp/agent-build-sdku18v2/target/debug/deps/libbitflags-9d718a09934b1391.rmeta --extern cap_std=/tmp/agent-build-sdku18v2/target/debug/deps/libcap_std-665b9890e79818d8.rmeta --extern num_traits=/tmp/agent-build-sdku18v2/target/debug/deps/libnum_traits-6edc40b250c1231b.rmeta --extern once_cell=/tmp/agent-build-sdku18v2/target/debug/deps/libonce_cell-2c729b0b3095ff61.rmeta --extern rhai_codegen=/tmp/agent-build-sdku18v2/target/debug/deps/librhai_codegen-b17ae727271ce246.so --extern smallvec=/tmp/agent-build-sdku18v2/target/debug/deps/libsmallvec-1d97e07214f906d4.rmeta --extern smartstring=/tmp/agent-build-sdku18v2/target/debug/deps/libsmartstring-2e1565b300e2ff9b.rmeta --extern thin_vec=/tmp/agent-build-sdku18v2/target/debug/deps/libthin_vec-8edd54d9cad3d126.rmeta -C debuginfo=0
scoped-live-sample@1790794168.328	3339653	3339651	3339653	43893243	/usr/bin/python3 /var/roothome/rhai-linux-sys-release-features-task/followup-e1db9baa-attempt3/runner/tools/run_scoped.py _supervise 4 python3 /root/rhai-linux-sys-release-features-task/followup-e1db9baa-attempt3/run-followup.py
scoped-live-sample@1790794168.328	3339654	3339653	3339653	43893245	python3 /root/rhai-linux-sys-release-features-task/followup-e1db9baa-attempt3/run-followup.py
scoped-live-sample@1790794168.328	3347492	3339654	3339653	43896237	/root/.rustup/toolchains/stable-x86_64-unknown-linux-gnu/bin/cargo test --locked --jobs 2 --features testing-environ,sys,only_i32,no_float --test sys_env -- --test-threads=1 --nocapture
scoped-live-sample@1790794168.328	3347533	3347492	3339653	43896245	/root/.rustup/toolchains/stable-x86_64-unknown-linux-gnu/bin/rustc --crate-name rhai --edition=2021 src/lib.rs --error-format=json --json=diagnostic-rendered-ansi,artifacts,future-incompat --crate-type lib --emit=dep-info,metadata,link -C embed-bitcode=no --cfg feature="default" --cfg feature="no_float" --cfg feature="only_i32" --cfg feature="std" --cfg feature="sys" --cfg feature="testing-environ" --check-cfg cfg(docsrs,test) --check-cfg cfg(feature, values("arbitrary", "bin-features", "core-error", "debugging", "decimal", "default", "document-features", "f32_float", "fuzz", "getrandom", "grain", "hashbrown", "internals", "libm", "metadata", "net", "no-std-compat", "no_ast", "no_closure", "no_custom_syntax", "no_float", "no_function", "no_index", "no_module", "no_object", "no_optimize", "no_position", "no_std", "no_time", "only_i32", "only_i64", "rust_decimal", "rustyline", "serde", "serde_json", "std", "sync", "sys", "testing-environ", "unchecked", "unicode-xid", "unicode-xid-ident", "unstable", "wasm-bindgen")) -C metadata=5afaf8bf18b19d7d -C extra-filename=-0faa0d8e73e81ba4 --out-dir /tmp/agent-build-sdku18v2/target/debug/deps -C strip=debuginfo -L dependency=/tmp/agent-build-sdku18v2/target/debug/deps --extern ahash=/tmp/agent-build-sdku18v2/target/debug/deps/libahash-90582b982388c949.rmeta --extern bitflags=/tmp/agent-build-sdku18v2/target/debug/deps/libbitflags-9d718a09934b1391.rmeta --extern cap_std=/tmp/agent-build-sdku18v2/target/debug/deps/libcap_std-665b9890e79818d8.rmeta --extern num_traits=/tmp/agent-build-sdku18v2/target/debug/deps/libnum_traits-6edc40b250c1231b.rmeta --extern once_cell=/tmp/agent-build-sdku18v2/target/debug/deps/libonce_cell-2c729b0b3095ff61.rmeta --extern rhai_codegen=/tmp/agent-build-sdku18v2/target/debug/deps/librhai_codegen-b17ae727271ce246.so --extern smallvec=/tmp/agent-build-sdku18v2/target/debug/deps/libsmallvec-1d97e07214f906d4.rmeta --extern smartstring=/tmp/agent-build-sdku18v2/target/debug/deps/libsmartstring-2e1565b300e2ff9b.rmeta --extern thin_vec=/tmp/agent-build-sdku18v2/target/debug/deps/libthin_vec-8edd54d9cad3d126.rmeta -C debuginfo=0
fixture-05-sys_fs	3348338	3339654	3339653	43896581	/root/.cargo/bin/cargo test --locked --jobs 2 --features testing-environ,sys,only_i32,no_float --test sys_fs -- --test-threads=1 --nocapture
fixture-05-sys_policy	3348421	3339654	3339653	43896618	/root/.cargo/bin/cargo test --locked --jobs 2 --features testing-environ,sys,only_i32,no_float --test sys_policy -- --test-threads=1 --nocapture
fixture-06-sys_env	3348492	3339654	3339653	43896640	/root/.cargo/bin/cargo test --locked --jobs 2 --features testing-environ,sys,unchecked --test sys_env -- --test-threads=1 --nocapture
scoped-live-sample@1790794169.354	3339653	3339651	3339653	43893243	/usr/bin/python3 /var/roothome/rhai-linux-sys-release-features-task/followup-e1db9baa-attempt3/runner/tools/run_scoped.py _supervise 4 python3 /root/rhai-linux-sys-release-features-task/followup-e1db9baa-attempt3/run-followup.py
scoped-live-sample@1790794169.354	3339654	3339653	3339653	43893245	python3 /root/rhai-linux-sys-release-features-task/followup-e1db9baa-attempt3/run-followup.py
scoped-live-sample@1790794169.355	3348492	3339654	3339653	43896640	/root/.rustup/toolchains/stable-x86_64-unknown-linux-gnu/bin/cargo test --locked --jobs 2 --features testing-environ,sys,unchecked --test sys_env -- --test-threads=1 --nocapture
scoped-live-sample@1790794170.381	3339653	3339651	3339653	43893243	/usr/bin/python3 /var/roothome/rhai-linux-sys-release-features-task/followup-e1db9baa-attempt3/runner/tools/run_scoped.py _supervise 4 python3 /root/rhai-linux-sys-release-features-task/followup-e1db9baa-attempt3/run-followup.py
scoped-live-sample@1790794170.381	3339654	3339653	3339653	43893245	python3 /root/rhai-linux-sys-release-features-task/followup-e1db9baa-attempt3/run-followup.py
scoped-live-sample@1790794170.381	3348492	3339654	3339653	43896640	/root/.rustup/toolchains/stable-x86_64-unknown-linux-gnu/bin/cargo test --locked --jobs 2 --features testing-environ,sys,unchecked --test sys_env -- --test-threads=1 --nocapture
scoped-live-sample@1790794170.382	3348534	3348492	3339653	43896647	/root/.rustup/toolchains/stable-x86_64-unknown-linux-gnu/bin/rustc --crate-name rhai --edition=2021 src/lib.rs --error-format=json --json=diagnostic-rendered-ansi,artifacts,future-incompat --crate-type lib --emit=dep-info,metadata,link -C embed-bitcode=no --cfg feature="default" --cfg feature="std" --cfg feature="sys" --cfg feature="testing-environ" --cfg feature="unchecked" --check-cfg cfg(docsrs,test) --check-cfg cfg(feature, values("arbitrary", "bin-features", "core-error", "debugging", "decimal", "default", "document-features", "f32_float", "fuzz", "getrandom", "grain", "hashbrown", "internals", "libm", "metadata", "net", "no-std-compat", "no_ast", "no_closure", "no_custom_syntax", "no_float", "no_function", "no_index", "no_module", "no_object", "no_optimize", "no_position", "no_std", "no_time", "only_i32", "only_i64", "rust_decimal", "rustyline", "serde", "serde_json", "std", "sync", "sys", "testing-environ", "unchecked", "unicode-xid", "unicode-xid-ident", "unstable", "wasm-bindgen")) -C metadata=c8c3ecff501b8431 -C extra-filename=-f6ccbbc90909fa0b --out-dir /tmp/agent-build-sdku18v2/target/debug/deps -C strip=debuginfo -L dependency=/tmp/agent-build-sdku18v2/target/debug/deps --extern ahash=/tmp/agent-build-sdku18v2/target/debug/deps/libahash-90582b982388c949.rmeta --extern bitflags=/tmp/agent-build-sdku18v2/target/debug/deps/libbitflags-9d718a09934b1391.rmeta --extern cap_std=/tmp/agent-build-sdku18v2/target/debug/deps/libcap_std-665b9890e79818d8.rmeta --extern num_traits=/tmp/agent-build-sdku18v2/target/debug/deps/libnum_traits-6edc40b250c1231b.rmeta --extern once_cell=/tmp/agent-build-sdku18v2/target/debug/deps/libonce_cell-2c729b0b3095ff61.rmeta --extern rhai_codegen=/tmp/agent-build-sdku18v2/target/debug/deps/librhai_codegen-b17ae727271ce246.so --extern smallvec=/tmp/agent-build-sdku18v2/target/debug/deps/libsmallvec-1d97e07214f906d4.rmeta --extern smartstring=/tmp/agent-build-sdku18v2/target/debug/deps/libsmartstring-2e1565b300e2ff9b.rmeta --extern thin_vec=/tmp/agent-build-sdku18v2/target/debug/deps/libthin_vec-8edd54d9cad3d126.rmeta -C debuginfo=0
scoped-live-sample@1790794171.412	3339653	3339651	3339653	43893243	/usr/bin/python3 /var/roothome/rhai-linux-sys-release-features-task/followup-e1db9baa-attempt3/runner/tools/run_scoped.py _supervise 4 python3 /root/rhai-linux-sys-release-features-task/followup-e1db9baa-attempt3/run-followup.py
scoped-live-sample@1790794171.412	3339654	3339653	3339653	43893245	python3 /root/rhai-linux-sys-release-features-task/followup-e1db9baa-attempt3/run-followup.py
scoped-live-sample@1790794171.412	3348492	3339654	3339653	43896640	/root/.rustup/toolchains/stable-x86_64-unknown-linux-gnu/bin/cargo test --locked --jobs 2 --features testing-environ,sys,unchecked --test sys_env -- --test-threads=1 --nocapture
scoped-live-sample@1790794171.412	3348534	3348492	3339653	43896647	/root/.rustup/toolchains/stable-x86_64-unknown-linux-gnu/bin/rustc --crate-name rhai --edition=2021 src/lib.rs --error-format=json --json=diagnostic-rendered-ansi,artifacts,future-incompat --crate-type lib --emit=dep-info,metadata,link -C embed-bitcode=no --cfg feature="default" --cfg feature="std" --cfg feature="sys" --cfg feature="testing-environ" --cfg feature="unchecked" --check-cfg cfg(docsrs,test) --check-cfg cfg(feature, values("arbitrary", "bin-features", "core-error", "debugging", "decimal", "default", "document-features", "f32_float", "fuzz", "getrandom", "grain", "hashbrown", "internals", "libm", "metadata", "net", "no-std-compat", "no_ast", "no_closure", "no_custom_syntax", "no_float", "no_function", "no_index", "no_module", "no_object", "no_optimize", "no_position", "no_std", "no_time", "only_i32", "only_i64", "rust_decimal", "rustyline", "serde", "serde_json", "std", "sync", "sys", "testing-environ", "unchecked", "unicode-xid", "unicode-xid-ident", "unstable", "wasm-bindgen")) -C metadata=c8c3ecff501b8431 -C extra-filename=-f6ccbbc90909fa0b --out-dir /tmp/agent-build-sdku18v2/target/debug/deps -C strip=debuginfo -L dependency=/tmp/agent-build-sdku18v2/target/debug/deps --extern ahash=/tmp/agent-build-sdku18v2/target/debug/deps/libahash-90582b982388c949.rmeta --extern bitflags=/tmp/agent-build-sdku18v2/target/debug/deps/libbitflags-9d718a09934b1391.rmeta --extern cap_std=/tmp/agent-build-sdku18v2/target/debug/deps/libcap_std-665b9890e79818d8.rmeta --extern num_traits=/tmp/agent-build-sdku18v2/target/debug/deps/libnum_traits-6edc40b250c1231b.rmeta --extern once_cell=/tmp/agent-build-sdku18v2/target/debug/deps/libonce_cell-2c729b0b3095ff61.rmeta --extern rhai_codegen=/tmp/agent-build-sdku18v2/target/debug/deps/librhai_codegen-b17ae727271ce246.so --extern smallvec=/tmp/agent-build-sdku18v2/target/debug/deps/libsmallvec-1d97e07214f906d4.rmeta --extern smartstring=/tmp/agent-build-sdku18v2/target/debug/deps/libsmartstring-2e1565b300e2ff9b.rmeta --extern thin_vec=/tmp/agent-build-sdku18v2/target/debug/deps/libthin_vec-8edd54d9cad3d126.rmeta -C debuginfo=0
scoped-live-sample@1790794172.444	3339653	3339651	3339653	43893243	/usr/bin/python3 /var/roothome/rhai-linux-sys-release-features-task/followup-e1db9baa-attempt3/runner/tools/run_scoped.py _supervise 4 python3 /root/rhai-linux-sys-release-features-task/followup-e1db9baa-attempt3/run-followup.py
scoped-live-sample@1790794172.444	3339654	3339653	3339653	43893245	python3 /root/rhai-linux-sys-release-features-task/followup-e1db9baa-attempt3/run-followup.py
scoped-live-sample@1790794172.444	3348492	3339654	3339653	43896640	/root/.rustup/toolchains/stable-x86_64-unknown-linux-gnu/bin/cargo test --locked --jobs 2 --features testing-environ,sys,unchecked --test sys_env -- --test-threads=1 --nocapture
scoped-live-sample@1790794172.444	3348534	3348492	3339653	43896647	/root/.rustup/toolchains/stable-x86_64-unknown-linux-gnu/bin/rustc --crate-name rhai --edition=2021 src/lib.rs --error-format=json --json=diagnostic-rendered-ansi,artifacts,future-incompat --crate-type lib --emit=dep-info,metadata,link -C embed-bitcode=no --cfg feature="default" --cfg feature="std" --cfg feature="sys" --cfg feature="testing-environ" --cfg feature="unchecked" --check-cfg cfg(docsrs,test) --check-cfg cfg(feature, values("arbitrary", "bin-features", "core-error", "debugging", "decimal", "default", "document-features", "f32_float", "fuzz", "getrandom", "grain", "hashbrown", "internals", "libm", "metadata", "net", "no-std-compat", "no_ast", "no_closure", "no_custom_syntax", "no_float", "no_function", "no_index", "no_module", "no_object", "no_optimize", "no_position", "no_std", "no_time", "only_i32", "only_i64", "rust_decimal", "rustyline", "serde", "serde_json", "std", "sync", "sys", "testing-environ", "unchecked", "unicode-xid", "unicode-xid-ident", "unstable", "wasm-bindgen")) -C metadata=c8c3ecff501b8431 -C extra-filename=-f6ccbbc90909fa0b --out-dir /tmp/agent-build-sdku18v2/target/debug/deps -C strip=debuginfo -L dependency=/tmp/agent-build-sdku18v2/target/debug/deps --extern ahash=/tmp/agent-build-sdku18v2/target/debug/deps/libahash-90582b982388c949.rmeta --extern bitflags=/tmp/agent-build-sdku18v2/target/debug/deps/libbitflags-9d718a09934b1391.rmeta --extern cap_std=/tmp/agent-build-sdku18v2/target/debug/deps/libcap_std-665b9890e79818d8.rmeta --extern num_traits=/tmp/agent-build-sdku18v2/target/debug/deps/libnum_traits-6edc40b250c1231b.rmeta --extern once_cell=/tmp/agent-build-sdku18v2/target/debug/deps/libonce_cell-2c729b0b3095ff61.rmeta --extern rhai_codegen=/tmp/agent-build-sdku18v2/target/debug/deps/librhai_codegen-b17ae727271ce246.so --extern smallvec=/tmp/agent-build-sdku18v2/target/debug/deps/libsmallvec-1d97e07214f906d4.rmeta --extern smartstring=/tmp/agent-build-sdku18v2/target/debug/deps/libsmartstring-2e1565b300e2ff9b.rmeta --extern thin_vec=/tmp/agent-build-sdku18v2/target/debug/deps/libthin_vec-8edd54d9cad3d126.rmeta -C debuginfo=0
scoped-live-sample@1790794173.470	3339653	3339651	3339653	43893243	/usr/bin/python3 /var/roothome/rhai-linux-sys-release-features-task/followup-e1db9baa-attempt3/runner/tools/run_scoped.py _supervise 4 python3 /root/rhai-linux-sys-release-features-task/followup-e1db9baa-attempt3/run-followup.py
scoped-live-sample@1790794173.471	3339654	3339653	3339653	43893245	python3 /root/rhai-linux-sys-release-features-task/followup-e1db9baa-attempt3/run-followup.py
scoped-live-sample@1790794173.471	3348492	3339654	3339653	43896640	/root/.rustup/toolchains/stable-x86_64-unknown-linux-gnu/bin/cargo test --locked --jobs 2 --features testing-environ,sys,unchecked --test sys_env -- --test-threads=1 --nocapture
scoped-live-sample@1790794173.471	3348534	3348492	3339653	43896647	/root/.rustup/toolchains/stable-x86_64-unknown-linux-gnu/bin/rustc --crate-name rhai --edition=2021 src/lib.rs --error-format=json --json=diagnostic-rendered-ansi,artifacts,future-incompat --crate-type lib --emit=dep-info,metadata,link -C embed-bitcode=no --cfg feature="default" --cfg feature="std" --cfg feature="sys" --cfg feature="testing-environ" --cfg feature="unchecked" --check-cfg cfg(docsrs,test) --check-cfg cfg(feature, values("arbitrary", "bin-features", "core-error", "debugging", "decimal", "default", "document-features", "f32_float", "fuzz", "getrandom", "grain", "hashbrown", "internals", "libm", "metadata", "net", "no-std-compat", "no_ast", "no_closure", "no_custom_syntax", "no_float", "no_function", "no_index", "no_module", "no_object", "no_optimize", "no_position", "no_std", "no_time", "only_i32", "only_i64", "rust_decimal", "rustyline", "serde", "serde_json", "std", "sync", "sys", "testing-environ", "unchecked", "unicode-xid", "unicode-xid-ident", "unstable", "wasm-bindgen")) -C metadata=c8c3ecff501b8431 -C extra-filename=-f6ccbbc90909fa0b --out-dir /tmp/agent-build-sdku18v2/target/debug/deps -C strip=debuginfo -L dependency=/tmp/agent-build-sdku18v2/target/debug/deps --extern ahash=/tmp/agent-build-sdku18v2/target/debug/deps/libahash-90582b982388c949.rmeta --extern bitflags=/tmp/agent-build-sdku18v2/target/debug/deps/libbitflags-9d718a09934b1391.rmeta --extern cap_std=/tmp/agent-build-sdku18v2/target/debug/deps/libcap_std-665b9890e79818d8.rmeta --extern num_traits=/tmp/agent-build-sdku18v2/target/debug/deps/libnum_traits-6edc40b250c1231b.rmeta --extern once_cell=/tmp/agent-build-sdku18v2/target/debug/deps/libonce_cell-2c729b0b3095ff61.rmeta --extern rhai_codegen=/tmp/agent-build-sdku18v2/target/debug/deps/librhai_codegen-b17ae727271ce246.so --extern smallvec=/tmp/agent-build-sdku18v2/target/debug/deps/libsmallvec-1d97e07214f906d4.rmeta --extern smartstring=/tmp/agent-build-sdku18v2/target/debug/deps/libsmartstring-2e1565b300e2ff9b.rmeta --extern thin_vec=/tmp/agent-build-sdku18v2/target/debug/deps/libthin_vec-8edd54d9cad3d126.rmeta -C debuginfo=0
fixture-06-sys_fs	3349383	3339654	3339653	43897084	/root/.cargo/bin/cargo test --locked --jobs 2 --features testing-environ,sys,unchecked --test sys_fs -- --test-threads=1 --nocapture
fixture-06-sys_policy	3349463	3339654	3339653	43897124	/root/.cargo/bin/cargo test --locked --jobs 2 --features testing-environ,sys,unchecked --test sys_policy -- --test-threads=1 --nocapture
fixture-07-sys_env	3349532	3339654	3339653	43897150	/root/.cargo/bin/cargo test --locked --jobs 2 --features testing-environ,sys,no_index,sync,metadata --test sys_env -- --test-threads=1 --nocapture
scoped-live-sample@1790794174.500	3339653	3339651	3339653	43893243	/usr/bin/python3 /var/roothome/rhai-linux-sys-release-features-task/followup-e1db9baa-attempt3/runner/tools/run_scoped.py _supervise 4 python3 /root/rhai-linux-sys-release-features-task/followup-e1db9baa-attempt3/run-followup.py
scoped-live-sample@1790794174.500	3339654	3339653	3339653	43893245	python3 /root/rhai-linux-sys-release-features-task/followup-e1db9baa-attempt3/run-followup.py
scoped-live-sample@1790794174.500	3349532	3339654	3339653	43897150	/root/.rustup/toolchains/stable-x86_64-unknown-linux-gnu/bin/cargo test --locked --jobs 2 --features testing-environ,sys,no_index,sync,metadata --test sys_env -- --test-threads=1 --nocapture
scoped-live-sample@1790794174.500	3349546	3349532	3339653	43897153	/root/.rustup/toolchains/stable-x86_64-unknown-linux-gnu/bin/rustc --crate-name build_script_build --edition=2021 build.rs --error-format=json --json=diagnostic-rendered-ansi,artifacts,future-incompat --crate-type bin --emit=dep-info,link -C embed-bitcode=no --cfg feature="default" --cfg feature="metadata" --cfg feature="no_index" --cfg feature="serde" --cfg feature="serde_json" --cfg feature="std" --cfg feature="sync" --cfg feature="sys" --cfg feature="testing-environ" --check-cfg cfg(docsrs,test) --check-cfg cfg(feature, values("arbitrary", "bin-features", "core-error", "debugging", "decimal", "default", "document-features", "f32_float", "fuzz", "getrandom", "grain", "hashbrown", "internals", "libm", "metadata", "net", "no-std-compat", "no_ast", "no_closure", "no_custom_syntax", "no_float", "no_function", "no_index", "no_module", "no_object", "no_optimize", "no_position", "no_std", "no_time", "only_i32", "only_i64", "rust_decimal", "rustyline", "serde", "serde_json", "std", "sync", "sys", "testing-environ", "unchecked", "unicode-xid", "unicode-xid-ident", "unstable", "wasm-bindgen")) -C metadata=58bee017bc276b37 -C extra-filename=-dd0555fe8fd3070b --out-dir /tmp/agent-build-sdku18v2/target/debug/build/rhai-dd0555fe8fd3070b -C strip=debuginfo -L dependency=/tmp/agent-build-sdku18v2/target/debug/deps -C debuginfo=0
scoped-live-sample@1790794174.500	3349547	3349532	3339653	43897153	/root/.rustup/toolchains/stable-x86_64-unknown-linux-gnu/bin/rustc --crate-name rhai_codegen --edition=2018 codegen/src/lib.rs --error-format=json --json=diagnostic-rendered-ansi,artifacts,future-incompat --crate-type proc-macro --emit=dep-info,link -C prefer-dynamic -C embed-bitcode=no --cfg feature="default" --cfg feature="metadata" --cfg feature="sync" --check-cfg cfg(docsrs,test) --check-cfg cfg(feature, values("default", "metadata", "sync")) -C metadata=da3c3c5b8204e4f1 -C extra-filename=-5a68d9a5cde0cafd --out-dir /tmp/agent-build-sdku18v2/target/debug/deps -C strip=debuginfo -L dependency=/tmp/agent-build-sdku18v2/target/debug/deps --extern proc_macro2=/tmp/agent-build-sdku18v2/target/debug/deps/libproc_macro2-740402da969c082e.rlib --extern quote=/tmp/agent-build-sdku18v2/target/debug/deps/libquote-ff7cd128a902996e.rlib --extern syn=/tmp/agent-build-sdku18v2/target/debug/deps/libsyn-ce9afc9169ffb13f.rlib --extern proc_macro -C debuginfo=0
scoped-live-sample@1790794175.526	3339653	3339651	3339653	43893243	/usr/bin/python3 /var/roothome/rhai-linux-sys-release-features-task/followup-e1db9baa-attempt3/runner/tools/run_scoped.py _supervise 4 python3 /root/rhai-linux-sys-release-features-task/followup-e1db9baa-attempt3/run-followup.py
scoped-live-sample@1790794175.526	3339654	3339653	3339653	43893245	python3 /root/rhai-linux-sys-release-features-task/followup-e1db9baa-attempt3/run-followup.py
scoped-live-sample@1790794175.526	3349532	3339654	3339653	43897150	/root/.rustup/toolchains/stable-x86_64-unknown-linux-gnu/bin/cargo test --locked --jobs 2 --features testing-environ,sys,no_index,sync,metadata --test sys_env -- --test-threads=1 --nocapture
scoped-live-sample@1790794175.526	3349611	3349532	3339653	43897182	/root/.rustup/toolchains/stable-x86_64-unknown-linux-gnu/bin/rustc --crate-name rhai --edition=2021 src/lib.rs --error-format=json --json=diagnostic-rendered-ansi,artifacts,future-incompat --crate-type lib --emit=dep-info,metadata,link -C embed-bitcode=no --cfg feature="default" --cfg feature="metadata" --cfg feature="no_index" --cfg feature="serde" --cfg feature="serde_json" --cfg feature="std" --cfg feature="sync" --cfg feature="sys" --cfg feature="testing-environ" --check-cfg cfg(docsrs,test) --check-cfg cfg(feature, values("arbitrary", "bin-features", "core-error", "debugging", "decimal", "default", "document-features", "f32_float", "fuzz", "getrandom", "grain", "hashbrown", "internals", "libm", "metadata", "net", "no-std-compat", "no_ast", "no_closure", "no_custom_syntax", "no_float", "no_function", "no_index", "no_module", "no_object", "no_optimize", "no_position", "no_std", "no_time", "only_i32", "only_i64", "rust_decimal", "rustyline", "serde", "serde_json", "std", "sync", "sys", "testing-environ", "unchecked", "unicode-xid", "unicode-xid-ident", "unstable", "wasm-bindgen")) -C metadata=87afcc3346c6f9fd -C extra-filename=-b8a8f1517fcefaea --out-dir /tmp/agent-build-sdku18v2/target/debug/deps -C strip=debuginfo -L dependency=/tmp/agent-build-sdku18v2/target/debug/deps --extern ahash=/tmp/agent-build-sdku18v2/target/debug/deps/libahash-90582b982388c949.rmeta --extern bitflags=/tmp/agent-build-sdku18v2/target/debug/deps/libbitflags-9d718a09934b1391.rmeta --extern cap_std=/tmp/agent-build-sdku18v2/target/debug/deps/libcap_std-665b9890e79818d8.rmeta --extern num_traits=/tmp/agent-build-sdku18v2/target/debug/deps/libnum_traits-6edc40b250c1231b.rmeta --extern once_cell=/tmp/agent-build-sdku18v2/target/debug/deps/libonce_cell-2c729b0b3095ff61.rmeta --extern rhai_codegen=/tmp/agent-build-sdku18v2/target/debug/deps/librhai_codegen-5a68d9a5cde0cafd.so --extern serde=/tmp/agent-build-sdku18v2/target/debug/deps/libserde-7c7cd39140686abe.rmeta --extern serde_json=/tmp/agent-build-sdku18v2/target/debug/deps/libserde_json-19fbe2a3f25f702f.rmeta --extern smallvec=/tmp/agent-build-sdku18v2/target/debug/deps/libsmallvec-4fa13bb10226b340.rmeta --extern smartstring=/tmp/agent-build-sdku18v2/target/debug/deps/libsmartstring-2e1565b300e2ff9b.rmeta --extern thin_vec=/tmp/agent-build-sdku18v2/target/debug/deps/libthin_vec-8edd54d9cad3d126.rmeta -C debuginfo=0
scoped-live-sample@1790794176.554	3339653	3339651	3339653	43893243	/usr/bin/python3 /var/roothome/rhai-linux-sys-release-features-task/followup-e1db9baa-attempt3/runner/tools/run_scoped.py _supervise 4 python3 /root/rhai-linux-sys-release-features-task/followup-e1db9baa-attempt3/run-followup.py
scoped-live-sample@1790794176.554	3339654	3339653	3339653	43893245	python3 /root/rhai-linux-sys-release-features-task/followup-e1db9baa-attempt3/run-followup.py
scoped-live-sample@1790794176.554	3349532	3339654	3339653	43897150	/root/.rustup/toolchains/stable-x86_64-unknown-linux-gnu/bin/cargo test --locked --jobs 2 --features testing-environ,sys,no_index,sync,metadata --test sys_env -- --test-threads=1 --nocapture
scoped-live-sample@1790794176.554	3349611	3349532	3339653	43897182	/root/.rustup/toolchains/stable-x86_64-unknown-linux-gnu/bin/rustc --crate-name rhai --edition=2021 src/lib.rs --error-format=json --json=diagnostic-rendered-ansi,artifacts,future-incompat --crate-type lib --emit=dep-info,metadata,link -C embed-bitcode=no --cfg feature="default" --cfg feature="metadata" --cfg feature="no_index" --cfg feature="serde" --cfg feature="serde_json" --cfg feature="std" --cfg feature="sync" --cfg feature="sys" --cfg feature="testing-environ" --check-cfg cfg(docsrs,test) --check-cfg cfg(feature, values("arbitrary", "bin-features", "core-error", "debugging", "decimal", "default", "document-features", "f32_float", "fuzz", "getrandom", "grain", "hashbrown", "internals", "libm", "metadata", "net", "no-std-compat", "no_ast", "no_closure", "no_custom_syntax", "no_float", "no_function", "no_index", "no_module", "no_object", "no_optimize", "no_position", "no_std", "no_time", "only_i32", "only_i64", "rust_decimal", "rustyline", "serde", "serde_json", "std", "sync", "sys", "testing-environ", "unchecked", "unicode-xid", "unicode-xid-ident", "unstable", "wasm-bindgen")) -C metadata=87afcc3346c6f9fd -C extra-filename=-b8a8f1517fcefaea --out-dir /tmp/agent-build-sdku18v2/target/debug/deps -C strip=debuginfo -L dependency=/tmp/agent-build-sdku18v2/target/debug/deps --extern ahash=/tmp/agent-build-sdku18v2/target/debug/deps/libahash-90582b982388c949.rmeta --extern bitflags=/tmp/agent-build-sdku18v2/target/debug/deps/libbitflags-9d718a09934b1391.rmeta --extern cap_std=/tmp/agent-build-sdku18v2/target/debug/deps/libcap_std-665b9890e79818d8.rmeta --extern num_traits=/tmp/agent-build-sdku18v2/target/debug/deps/libnum_traits-6edc40b250c1231b.rmeta --extern once_cell=/tmp/agent-build-sdku18v2/target/debug/deps/libonce_cell-2c729b0b3095ff61.rmeta --extern rhai_codegen=/tmp/agent-build-sdku18v2/target/debug/deps/librhai_codegen-5a68d9a5cde0cafd.so --extern serde=/tmp/agent-build-sdku18v2/target/debug/deps/libserde-7c7cd39140686abe.rmeta --extern serde_json=/tmp/agent-build-sdku18v2/target/debug/deps/libserde_json-19fbe2a3f25f702f.rmeta --extern smallvec=/tmp/agent-build-sdku18v2/target/debug/deps/libsmallvec-4fa13bb10226b340.rmeta --extern smartstring=/tmp/agent-build-sdku18v2/target/debug/deps/libsmartstring-2e1565b300e2ff9b.rmeta --extern thin_vec=/tmp/agent-build-sdku18v2/target/debug/deps/libthin_vec-8edd54d9cad3d126.rmeta -C debuginfo=0
scoped-live-sample@1790794177.582	3339653	3339651	3339653	43893243	/usr/bin/python3 /var/roothome/rhai-linux-sys-release-features-task/followup-e1db9baa-attempt3/runner/tools/run_scoped.py _supervise 4 python3 /root/rhai-linux-sys-release-features-task/followup-e1db9baa-attempt3/run-followup.py
scoped-live-sample@1790794177.582	3339654	3339653	3339653	43893245	python3 /root/rhai-linux-sys-release-features-task/followup-e1db9baa-attempt3/run-followup.py
scoped-live-sample@1790794177.582	3349532	3339654	3339653	43897150	/root/.rustup/toolchains/stable-x86_64-unknown-linux-gnu/bin/cargo test --locked --jobs 2 --features testing-environ,sys,no_index,sync,metadata --test sys_env -- --test-threads=1 --nocapture
scoped-live-sample@1790794177.582	3349611	3349532	3339653	43897182	/root/.rustup/toolchains/stable-x86_64-unknown-linux-gnu/bin/rustc --crate-name rhai --edition=2021 src/lib.rs --error-format=json --json=diagnostic-rendered-ansi,artifacts,future-incompat --crate-type lib --emit=dep-info,metadata,link -C embed-bitcode=no --cfg feature="default" --cfg feature="metadata" --cfg feature="no_index" --cfg feature="serde" --cfg feature="serde_json" --cfg feature="std" --cfg feature="sync" --cfg feature="sys" --cfg feature="testing-environ" --check-cfg cfg(docsrs,test) --check-cfg cfg(feature, values("arbitrary", "bin-features", "core-error", "debugging", "decimal", "default", "document-features", "f32_float", "fuzz", "getrandom", "grain", "hashbrown", "internals", "libm", "metadata", "net", "no-std-compat", "no_ast", "no_closure", "no_custom_syntax", "no_float", "no_function", "no_index", "no_module", "no_object", "no_optimize", "no_position", "no_std", "no_time", "only_i32", "only_i64", "rust_decimal", "rustyline", "serde", "serde_json", "std", "sync", "sys", "testing-environ", "unchecked", "unicode-xid", "unicode-xid-ident", "unstable", "wasm-bindgen")) -C metadata=87afcc3346c6f9fd -C extra-filename=-b8a8f1517fcefaea --out-dir /tmp/agent-build-sdku18v2/target/debug/deps -C strip=debuginfo -L dependency=/tmp/agent-build-sdku18v2/target/debug/deps --extern ahash=/tmp/agent-build-sdku18v2/target/debug/deps/libahash-90582b982388c949.rmeta --extern bitflags=/tmp/agent-build-sdku18v2/target/debug/deps/libbitflags-9d718a09934b1391.rmeta --extern cap_std=/tmp/agent-build-sdku18v2/target/debug/deps/libcap_std-665b9890e79818d8.rmeta --extern num_traits=/tmp/agent-build-sdku18v2/target/debug/deps/libnum_traits-6edc40b250c1231b.rmeta --extern once_cell=/tmp/agent-build-sdku18v2/target/debug/deps/libonce_cell-2c729b0b3095ff61.rmeta --extern rhai_codegen=/tmp/agent-build-sdku18v2/target/debug/deps/librhai_codegen-5a68d9a5cde0cafd.so --extern serde=/tmp/agent-build-sdku18v2/target/debug/deps/libserde-7c7cd39140686abe.rmeta --extern serde_json=/tmp/agent-build-sdku18v2/target/debug/deps/libserde_json-19fbe2a3f25f702f.rmeta --extern smallvec=/tmp/agent-build-sdku18v2/target/debug/deps/libsmallvec-4fa13bb10226b340.rmeta --extern smartstring=/tmp/agent-build-sdku18v2/target/debug/deps/libsmartstring-2e1565b300e2ff9b.rmeta --extern thin_vec=/tmp/agent-build-sdku18v2/target/debug/deps/libthin_vec-8edd54d9cad3d126.rmeta -C debuginfo=0
scoped-live-sample@1790794178.610	3339653	3339651	3339653	43893243	/usr/bin/python3 /var/roothome/rhai-linux-sys-release-features-task/followup-e1db9baa-attempt3/runner/tools/run_scoped.py _supervise 4 python3 /root/rhai-linux-sys-release-features-task/followup-e1db9baa-attempt3/run-followup.py
scoped-live-sample@1790794178.611	3339654	3339653	3339653	43893245	python3 /root/rhai-linux-sys-release-features-task/followup-e1db9baa-attempt3/run-followup.py
scoped-live-sample@1790794178.611	3349532	3339654	3339653	43897150	/root/.rustup/toolchains/stable-x86_64-unknown-linux-gnu/bin/cargo test --locked --jobs 2 --features testing-environ,sys,no_index,sync,metadata --test sys_env -- --test-threads=1 --nocapture
scoped-live-sample@1790794178.611	3349611	3349532	3339653	43897182	/root/.rustup/toolchains/stable-x86_64-unknown-linux-gnu/bin/rustc --crate-name rhai --edition=2021 src/lib.rs --error-format=json --json=diagnostic-rendered-ansi,artifacts,future-incompat --crate-type lib --emit=dep-info,metadata,link -C embed-bitcode=no --cfg feature="default" --cfg feature="metadata" --cfg feature="no_index" --cfg feature="serde" --cfg feature="serde_json" --cfg feature="std" --cfg feature="sync" --cfg feature="sys" --cfg feature="testing-environ" --check-cfg cfg(docsrs,test) --check-cfg cfg(feature, values("arbitrary", "bin-features", "core-error", "debugging", "decimal", "default", "document-features", "f32_float", "fuzz", "getrandom", "grain", "hashbrown", "internals", "libm", "metadata", "net", "no-std-compat", "no_ast", "no_closure", "no_custom_syntax", "no_float", "no_function", "no_index", "no_module", "no_object", "no_optimize", "no_position", "no_std", "no_time", "only_i32", "only_i64", "rust_decimal", "rustyline", "serde", "serde_json", "std", "sync", "sys", "testing-environ", "unchecked", "unicode-xid", "unicode-xid-ident", "unstable", "wasm-bindgen")) -C metadata=87afcc3346c6f9fd -C extra-filename=-b8a8f1517fcefaea --out-dir /tmp/agent-build-sdku18v2/target/debug/deps -C strip=debuginfo -L dependency=/tmp/agent-build-sdku18v2/target/debug/deps --extern ahash=/tmp/agent-build-sdku18v2/target/debug/deps/libahash-90582b982388c949.rmeta --extern bitflags=/tmp/agent-build-sdku18v2/target/debug/deps/libbitflags-9d718a09934b1391.rmeta --extern cap_std=/tmp/agent-build-sdku18v2/target/debug/deps/libcap_std-665b9890e79818d8.rmeta --extern num_traits=/tmp/agent-build-sdku18v2/target/debug/deps/libnum_traits-6edc40b250c1231b.rmeta --extern once_cell=/tmp/agent-build-sdku18v2/target/debug/deps/libonce_cell-2c729b0b3095ff61.rmeta --extern rhai_codegen=/tmp/agent-build-sdku18v2/target/debug/deps/librhai_codegen-5a68d9a5cde0cafd.so --extern serde=/tmp/agent-build-sdku18v2/target/debug/deps/libserde-7c7cd39140686abe.rmeta --extern serde_json=/tmp/agent-build-sdku18v2/target/debug/deps/libserde_json-19fbe2a3f25f702f.rmeta --extern smallvec=/tmp/agent-build-sdku18v2/target/debug/deps/libsmallvec-4fa13bb10226b340.rmeta --extern smartstring=/tmp/agent-build-sdku18v2/target/debug/deps/libsmartstring-2e1565b300e2ff9b.rmeta --extern thin_vec=/tmp/agent-build-sdku18v2/target/debug/deps/libthin_vec-8edd54d9cad3d126.rmeta -C debuginfo=0
fixture-07-sys_fs	3350422	3339654	3339653	43897626	/root/.cargo/bin/cargo test --locked --jobs 2 --features testing-environ,sys,no_index,sync,metadata --test sys_fs -- --test-threads=1 --nocapture
fixture-07-sys_policy	3350492	3339654	3339653	43897655	/root/.cargo/bin/cargo test --locked --jobs 2 --features testing-environ,sys,no_index,sync,metadata --test sys_policy -- --test-threads=1 --nocapture
scoped-live-sample@1790794179.640	3339653	3339651	3339653	43893243	/usr/bin/python3 /var/roothome/rhai-linux-sys-release-features-task/followup-e1db9baa-attempt3/runner/tools/run_scoped.py _supervise 4 python3 /root/rhai-linux-sys-release-features-task/followup-e1db9baa-attempt3/run-followup.py
scoped-live-sample@1790794179.640	3339654	3339653	3339653	43893245	python3 /root/rhai-linux-sys-release-features-task/followup-e1db9baa-attempt3/run-followup.py
scoped-live-sample@1790794179.640	3350492	3339654	3339653	43897655	/root/.rustup/toolchains/stable-x86_64-unknown-linux-gnu/bin/cargo test --locked --jobs 2 --features testing-environ,sys,no_index,sync,metadata --test sys_policy -- --test-threads=1 --nocapture
scoped-live-sample@1790794179.640	3350504	3350492	3339653	43897657	/root/.rustup/toolchains/stable-x86_64-unknown-linux-gnu/bin/rustc --crate-name sys_policy --edition=2021 tests/sys_policy.rs --error-format=json --json=diagnostic-rendered-ansi,artifacts,future-incompat --emit=dep-info,link -C embed-bitcode=no --test --cfg feature="default" --cfg feature="metadata" --cfg feature="no_index" --cfg feature="serde" --cfg feature="serde_json" --cfg feature="std" --cfg feature="sync" --cfg feature="sys" --cfg feature="testing-environ" --check-cfg cfg(docsrs,test) --check-cfg cfg(feature, values("arbitrary", "bin-features", "core-error", "debugging", "decimal", "default", "document-features", "f32_float", "fuzz", "getrandom", "grain", "hashbrown", "internals", "libm", "metadata", "net", "no-std-compat", "no_ast", "no_closure", "no_custom_syntax", "no_float", "no_function", "no_index", "no_module", "no_object", "no_optimize", "no_position", "no_std", "no_time", "only_i32", "only_i64", "rust_decimal", "rustyline", "serde", "serde_json", "std", "sync", "sys", "testing-environ", "unchecked", "unicode-xid", "unicode-xid-ident", "unstable", "wasm-bindgen")) -C metadata=a34313d4b87018e2 -C extra-filename=-8fae664ab95413c5 --out-dir /tmp/agent-build-sdku18v2/target/debug/deps -C strip=debuginfo -L dependency=/tmp/agent-build-sdku18v2/target/debug/deps --extern ahash=/tmp/agent-build-sdku18v2/target/debug/deps/libahash-90582b982388c949.rlib --extern bitflags=/tmp/agent-build-sdku18v2/target/debug/deps/libbitflags-9d718a09934b1391.rlib --extern cap_std=/tmp/agent-build-sdku18v2/target/debug/deps/libcap_std-665b9890e79818d8.rlib --extern num_traits=/tmp/agent-build-sdku18v2/target/debug/deps/libnum_traits-6edc40b250c1231b.rlib --extern once_cell=/tmp/agent-build-sdku18v2/target/debug/deps/libonce_cell-2c729b0b3095ff61.rlib --extern rhai=/tmp/agent-build-sdku18v2/target/debug/deps/librhai-b8a8f1517fcefaea.rlib --extern rhai_codegen=/tmp/agent-build-sdku18v2/target/debug/deps/librhai_codegen-5a68d9a5cde0cafd.so --extern rmp_serde=/tmp/agent-build-sdku18v2/target/debug/deps/librmp_serde-d057776664839e11.rlib --extern serde=/tmp/agent-build-sdku18v2/target/debug/deps/libserde-7c7cd39140686abe.rlib --extern serde_json=/tmp/agent-build-sdku18v2/target/debug/deps/libserde_json-19fbe2a3f25f702f.rlib --extern smallvec=/tmp/agent-build-sdku18v2/target/debug/deps/libsmallvec-4fa13bb10226b340.rlib --extern smartstring=/tmp/agent-build-sdku18v2/target/debug/deps/libsmartstring-2e1565b300e2ff9b.rlib --extern thin_vec=/tmp/agent-build-sdku18v2/target/debug/deps/libthin_vec-8edd54d9cad3d126.rlib -C debuginfo=0
fixture-08-sys_env	3351061	3339654	3339653	43897687	/root/.cargo/bin/cargo test --locked --jobs 2 --features testing-environ,sys,f32_float --test sys_env -- --test-threads=1 --nocapture
scoped-live-sample@1790794180.672	3339653	3339651	3339653	43893243	/usr/bin/python3 /var/roothome/rhai-linux-sys-release-features-task/followup-e1db9baa-attempt3/runner/tools/run_scoped.py _supervise 4 python3 /root/rhai-linux-sys-release-features-task/followup-e1db9baa-attempt3/run-followup.py
scoped-live-sample@1790794180.672	3339654	3339653	3339653	43893245	python3 /root/rhai-linux-sys-release-features-task/followup-e1db9baa-attempt3/run-followup.py
scoped-live-sample@1790794180.672	3351061	3339654	3339653	43897687	/root/.rustup/toolchains/stable-x86_64-unknown-linux-gnu/bin/cargo test --locked --jobs 2 --features testing-environ,sys,f32_float --test sys_env -- --test-threads=1 --nocapture
scoped-live-sample@1790794180.672	3351103	3351061	3339653	43897695	/root/.rustup/toolchains/stable-x86_64-unknown-linux-gnu/bin/rustc --crate-name rhai --edition=2021 src/lib.rs --error-format=json --json=diagnostic-rendered-ansi,artifacts,future-incompat --crate-type lib --emit=dep-info,metadata,link -C embed-bitcode=no --cfg feature="default" --cfg feature="f32_float" --cfg feature="std" --cfg feature="sys" --cfg feature="testing-environ" --check-cfg cfg(docsrs,test) --check-cfg cfg(feature, values("arbitrary", "bin-features", "core-error", "debugging", "decimal", "default", "document-features", "f32_float", "fuzz", "getrandom", "grain", "hashbrown", "internals", "libm", "metadata", "net", "no-std-compat", "no_ast", "no_closure", "no_custom_syntax", "no_float", "no_function", "no_index", "no_module", "no_object", "no_optimize", "no_position", "no_std", "no_time", "only_i32", "only_i64", "rust_decimal", "rustyline", "serde", "serde_json", "std", "sync", "sys", "testing-environ", "unchecked", "unicode-xid", "unicode-xid-ident", "unstable", "wasm-bindgen")) -C metadata=ef8261d0467045d1 -C extra-filename=-9aff3bc7598f0321 --out-dir /tmp/agent-build-sdku18v2/target/debug/deps -C strip=debuginfo -L dependency=/tmp/agent-build-sdku18v2/target/debug/deps --extern ahash=/tmp/agent-build-sdku18v2/target/debug/deps/libahash-90582b982388c949.rmeta --extern bitflags=/tmp/agent-build-sdku18v2/target/debug/deps/libbitflags-9d718a09934b1391.rmeta --extern cap_std=/tmp/agent-build-sdku18v2/target/debug/deps/libcap_std-665b9890e79818d8.rmeta --extern num_traits=/tmp/agent-build-sdku18v2/target/debug/deps/libnum_traits-6edc40b250c1231b.rmeta --extern once_cell=/tmp/agent-build-sdku18v2/target/debug/deps/libonce_cell-2c729b0b3095ff61.rmeta --extern rhai_codegen=/tmp/agent-build-sdku18v2/target/debug/deps/librhai_codegen-b17ae727271ce246.so --extern smallvec=/tmp/agent-build-sdku18v2/target/debug/deps/libsmallvec-1d97e07214f906d4.rmeta --extern smartstring=/tmp/agent-build-sdku18v2/target/debug/deps/libsmartstring-2e1565b300e2ff9b.rmeta --extern thin_vec=/tmp/agent-build-sdku18v2/target/debug/deps/libthin_vec-8edd54d9cad3d126.rmeta -C debuginfo=0
scoped-live-sample@1790794181.705	3339653	3339651	3339653	43893243	/usr/bin/python3 /var/roothome/rhai-linux-sys-release-features-task/followup-e1db9baa-attempt3/runner/tools/run_scoped.py _supervise 4 python3 /root/rhai-linux-sys-release-features-task/followup-e1db9baa-attempt3/run-followup.py
scoped-live-sample@1790794181.706	3339654	3339653	3339653	43893245	python3 /root/rhai-linux-sys-release-features-task/followup-e1db9baa-attempt3/run-followup.py
scoped-live-sample@1790794181.706	3351061	3339654	3339653	43897687	/root/.rustup/toolchains/stable-x86_64-unknown-linux-gnu/bin/cargo test --locked --jobs 2 --features testing-environ,sys,f32_float --test sys_env -- --test-threads=1 --nocapture
scoped-live-sample@1790794181.706	3351103	3351061	3339653	43897695	/root/.rustup/toolchains/stable-x86_64-unknown-linux-gnu/bin/rustc --crate-name rhai --edition=2021 src/lib.rs --error-format=json --json=diagnostic-rendered-ansi,artifacts,future-incompat --crate-type lib --emit=dep-info,metadata,link -C embed-bitcode=no --cfg feature="default" --cfg feature="f32_float" --cfg feature="std" --cfg feature="sys" --cfg feature="testing-environ" --check-cfg cfg(docsrs,test) --check-cfg cfg(feature, values("arbitrary", "bin-features", "core-error", "debugging", "decimal", "default", "document-features", "f32_float", "fuzz", "getrandom", "grain", "hashbrown", "internals", "libm", "metadata", "net", "no-std-compat", "no_ast", "no_closure", "no_custom_syntax", "no_float", "no_function", "no_index", "no_module", "no_object", "no_optimize", "no_position", "no_std", "no_time", "only_i32", "only_i64", "rust_decimal", "rustyline", "serde", "serde_json", "std", "sync", "sys", "testing-environ", "unchecked", "unicode-xid", "unicode-xid-ident", "unstable", "wasm-bindgen")) -C metadata=ef8261d0467045d1 -C extra-filename=-9aff3bc7598f0321 --out-dir /tmp/agent-build-sdku18v2/target/debug/deps -C strip=debuginfo -L dependency=/tmp/agent-build-sdku18v2/target/debug/deps --extern ahash=/tmp/agent-build-sdku18v2/target/debug/deps/libahash-90582b982388c949.rmeta --extern bitflags=/tmp/agent-build-sdku18v2/target/debug/deps/libbitflags-9d718a09934b1391.rmeta --extern cap_std=/tmp/agent-build-sdku18v2/target/debug/deps/libcap_std-665b9890e79818d8.rmeta --extern num_traits=/tmp/agent-build-sdku18v2/target/debug/deps/libnum_traits-6edc40b250c1231b.rmeta --extern once_cell=/tmp/agent-build-sdku18v2/target/debug/deps/libonce_cell-2c729b0b3095ff61.rmeta --extern rhai_codegen=/tmp/agent-build-sdku18v2/target/debug/deps/librhai_codegen-b17ae727271ce246.so --extern smallvec=/tmp/agent-build-sdku18v2/target/debug/deps/libsmallvec-1d97e07214f906d4.rmeta --extern smartstring=/tmp/agent-build-sdku18v2/target/debug/deps/libsmartstring-2e1565b300e2ff9b.rmeta --extern thin_vec=/tmp/agent-build-sdku18v2/target/debug/deps/libthin_vec-8edd54d9cad3d126.rmeta -C debuginfo=0
scoped-live-sample@1790794182.732	3339653	3339651	3339653	43893243	/usr/bin/python3 /var/roothome/rhai-linux-sys-release-features-task/followup-e1db9baa-attempt3/runner/tools/run_scoped.py _supervise 4 python3 /root/rhai-linux-sys-release-features-task/followup-e1db9baa-attempt3/run-followup.py
scoped-live-sample@1790794182.732	3339654	3339653	3339653	43893245	python3 /root/rhai-linux-sys-release-features-task/followup-e1db9baa-attempt3/run-followup.py
scoped-live-sample@1790794182.732	3351061	3339654	3339653	43897687	/root/.rustup/toolchains/stable-x86_64-unknown-linux-gnu/bin/cargo test --locked --jobs 2 --features testing-environ,sys,f32_float --test sys_env -- --test-threads=1 --nocapture
scoped-live-sample@1790794182.732	3351103	3351061	3339653	43897695	/root/.rustup/toolchains/stable-x86_64-unknown-linux-gnu/bin/rustc --crate-name rhai --edition=2021 src/lib.rs --error-format=json --json=diagnostic-rendered-ansi,artifacts,future-incompat --crate-type lib --emit=dep-info,metadata,link -C embed-bitcode=no --cfg feature="default" --cfg feature="f32_float" --cfg feature="std" --cfg feature="sys" --cfg feature="testing-environ" --check-cfg cfg(docsrs,test) --check-cfg cfg(feature, values("arbitrary", "bin-features", "core-error", "debugging", "decimal", "default", "document-features", "f32_float", "fuzz", "getrandom", "grain", "hashbrown", "internals", "libm", "metadata", "net", "no-std-compat", "no_ast", "no_closure", "no_custom_syntax", "no_float", "no_function", "no_index", "no_module", "no_object", "no_optimize", "no_position", "no_std", "no_time", "only_i32", "only_i64", "rust_decimal", "rustyline", "serde", "serde_json", "std", "sync", "sys", "testing-environ", "unchecked", "unicode-xid", "unicode-xid-ident", "unstable", "wasm-bindgen")) -C metadata=ef8261d0467045d1 -C extra-filename=-9aff3bc7598f0321 --out-dir /tmp/agent-build-sdku18v2/target/debug/deps -C strip=debuginfo -L dependency=/tmp/agent-build-sdku18v2/target/debug/deps --extern ahash=/tmp/agent-build-sdku18v2/target/debug/deps/libahash-90582b982388c949.rmeta --extern bitflags=/tmp/agent-build-sdku18v2/target/debug/deps/libbitflags-9d718a09934b1391.rmeta --extern cap_std=/tmp/agent-build-sdku18v2/target/debug/deps/libcap_std-665b9890e79818d8.rmeta --extern num_traits=/tmp/agent-build-sdku18v2/target/debug/deps/libnum_traits-6edc40b250c1231b.rmeta --extern once_cell=/tmp/agent-build-sdku18v2/target/debug/deps/libonce_cell-2c729b0b3095ff61.rmeta --extern rhai_codegen=/tmp/agent-build-sdku18v2/target/debug/deps/librhai_codegen-b17ae727271ce246.so --extern smallvec=/tmp/agent-build-sdku18v2/target/debug/deps/libsmallvec-1d97e07214f906d4.rmeta --extern smartstring=/tmp/agent-build-sdku18v2/target/debug/deps/libsmartstring-2e1565b300e2ff9b.rmeta --extern thin_vec=/tmp/agent-build-sdku18v2/target/debug/deps/libthin_vec-8edd54d9cad3d126.rmeta -C debuginfo=0
scoped-live-sample@1790794183.771	3339653	3339651	3339653	43893243	/usr/bin/python3 /var/roothome/rhai-linux-sys-release-features-task/followup-e1db9baa-attempt3/runner/tools/run_scoped.py _supervise 4 python3 /root/rhai-linux-sys-release-features-task/followup-e1db9baa-attempt3/run-followup.py
scoped-live-sample@1790794183.771	3339654	3339653	3339653	43893245	python3 /root/rhai-linux-sys-release-features-task/followup-e1db9baa-attempt3/run-followup.py
scoped-live-sample@1790794183.771	3351061	3339654	3339653	43897687	/root/.rustup/toolchains/stable-x86_64-unknown-linux-gnu/bin/cargo test --locked --jobs 2 --features testing-environ,sys,f32_float --test sys_env -- --test-threads=1 --nocapture
scoped-live-sample@1790794183.771	3351103	3351061	3339653	43897695	/root/.rustup/toolchains/stable-x86_64-unknown-linux-gnu/bin/rustc --crate-name rhai --edition=2021 src/lib.rs --error-format=json --json=diagnostic-rendered-ansi,artifacts,future-incompat --crate-type lib --emit=dep-info,metadata,link -C embed-bitcode=no --cfg feature="default" --cfg feature="f32_float" --cfg feature="std" --cfg feature="sys" --cfg feature="testing-environ" --check-cfg cfg(docsrs,test) --check-cfg cfg(feature, values("arbitrary", "bin-features", "core-error", "debugging", "decimal", "default", "document-features", "f32_float", "fuzz", "getrandom", "grain", "hashbrown", "internals", "libm", "metadata", "net", "no-std-compat", "no_ast", "no_closure", "no_custom_syntax", "no_float", "no_function", "no_index", "no_module", "no_object", "no_optimize", "no_position", "no_std", "no_time", "only_i32", "only_i64", "rust_decimal", "rustyline", "serde", "serde_json", "std", "sync", "sys", "testing-environ", "unchecked", "unicode-xid", "unicode-xid-ident", "unstable", "wasm-bindgen")) -C metadata=ef8261d0467045d1 -C extra-filename=-9aff3bc7598f0321 --out-dir /tmp/agent-build-sdku18v2/target/debug/deps -C strip=debuginfo -L dependency=/tmp/agent-build-sdku18v2/target/debug/deps --extern ahash=/tmp/agent-build-sdku18v2/target/debug/deps/libahash-90582b982388c949.rmeta --extern bitflags=/tmp/agent-build-sdku18v2/target/debug/deps/libbitflags-9d718a09934b1391.rmeta --extern cap_std=/tmp/agent-build-sdku18v2/target/debug/deps/libcap_std-665b9890e79818d8.rmeta --extern num_traits=/tmp/agent-build-sdku18v2/target/debug/deps/libnum_traits-6edc40b250c1231b.rmeta --extern once_cell=/tmp/agent-build-sdku18v2/target/debug/deps/libonce_cell-2c729b0b3095ff61.rmeta --extern rhai_codegen=/tmp/agent-build-sdku18v2/target/debug/deps/librhai_codegen-b17ae727271ce246.so --extern smallvec=/tmp/agent-build-sdku18v2/target/debug/deps/libsmallvec-1d97e07214f906d4.rmeta --extern smartstring=/tmp/agent-build-sdku18v2/target/debug/deps/libsmartstring-2e1565b300e2ff9b.rmeta --extern thin_vec=/tmp/agent-build-sdku18v2/target/debug/deps/libthin_vec-8edd54d9cad3d126.rmeta -C debuginfo=0
fixture-08-sys_fs	3351907	3339654	3339653	43898136	/root/.cargo/bin/cargo test --locked --jobs 2 --features testing-environ,sys,f32_float --test sys_fs -- --test-threads=1 --nocapture
fixture-08-sys_policy	3351988	3339654	3339653	43898177	/root/.cargo/bin/cargo test --locked --jobs 2 --features testing-environ,sys,f32_float --test sys_policy -- --test-threads=1 --nocapture
scoped-live-sample@1790794184.800	3339653	3339651	3339653	43893243	/usr/bin/python3 /var/roothome/rhai-linux-sys-release-features-task/followup-e1db9baa-attempt3/runner/tools/run_scoped.py _supervise 4 python3 /root/rhai-linux-sys-release-features-task/followup-e1db9baa-attempt3/run-followup.py
scoped-live-sample@1790794184.800	3339654	3339653	3339653	43893245	python3 /root/rhai-linux-sys-release-features-task/followup-e1db9baa-attempt3/run-followup.py
scoped-live-sample@1790794184.800	3351988	3339654	3339653	43898177	/root/.rustup/toolchains/stable-x86_64-unknown-linux-gnu/bin/cargo test --locked --jobs 2 --features testing-environ,sys,f32_float --test sys_policy -- --test-threads=1 --nocapture
scoped-live-sample@1790794184.800	3352000	3351988	3339653	43898180	/root/.rustup/toolchains/stable-x86_64-unknown-linux-gnu/bin/rustc --crate-name sys_policy --edition=2021 tests/sys_policy.rs --error-format=json --json=diagnostic-rendered-ansi,artifacts,future-incompat --emit=dep-info,link -C embed-bitcode=no --test --cfg feature="default" --cfg feature="f32_float" --cfg feature="std" --cfg feature="sys" --cfg feature="testing-environ" --check-cfg cfg(docsrs,test) --check-cfg cfg(feature, values("arbitrary", "bin-features", "core-error", "debugging", "decimal", "default", "document-features", "f32_float", "fuzz", "getrandom", "grain", "hashbrown", "internals", "libm", "metadata", "net", "no-std-compat", "no_ast", "no_closure", "no_custom_syntax", "no_float", "no_function", "no_index", "no_module", "no_object", "no_optimize", "no_position", "no_std", "no_time", "only_i32", "only_i64", "rust_decimal", "rustyline", "serde", "serde_json", "std", "sync", "sys", "testing-environ", "unchecked", "unicode-xid", "unicode-xid-ident", "unstable", "wasm-bindgen")) -C metadata=7817a3a9b924c3a1 -C extra-filename=-29f51f374817859d --out-dir /tmp/agent-build-sdku18v2/target/debug/deps -C strip=debuginfo -L dependency=/tmp/agent-build-sdku18v2/target/debug/deps --extern ahash=/tmp/agent-build-sdku18v2/target/debug/deps/libahash-90582b982388c949.rlib --extern bitflags=/tmp/agent-build-sdku18v2/target/debug/deps/libbitflags-9d718a09934b1391.rlib --extern cap_std=/tmp/agent-build-sdku18v2/target/debug/deps/libcap_std-665b9890e79818d8.rlib --extern num_traits=/tmp/agent-build-sdku18v2/target/debug/deps/libnum_traits-6edc40b250c1231b.rlib --extern once_cell=/tmp/agent-build-sdku18v2/target/debug/deps/libonce_cell-2c729b0b3095ff61.rlib --extern rhai=/tmp/agent-build-sdku18v2/target/debug/deps/librhai-9aff3bc7598f0321.rlib --extern rhai_codegen=/tmp/agent-build-sdku18v2/target/debug/deps/librhai_codegen-b17ae727271ce246.so --extern rmp_serde=/tmp/agent-build-sdku18v2/target/debug/deps/librmp_serde-b0ae8495e6efc2e7.rlib --extern serde_json=/tmp/agent-build-sdku18v2/target/debug/deps/libserde_json-19fbe2a3f25f702f.rlib --extern smallvec=/tmp/agent-build-sdku18v2/target/debug/deps/libsmallvec-1d97e07214f906d4.rlib --extern smartstring=/tmp/agent-build-sdku18v2/target/debug/deps/libsmartstring-2e1565b300e2ff9b.rlib --extern thin_vec=/tmp/agent-build-sdku18v2/target/debug/deps/libthin_vec-8edd54d9cad3d126.rlib -C debuginfo=0
