utc_epoch	pid	start_ticks	ppid	pgid	cmdline
1790914882.444	2778653	5148345	2778650	2778653	/usr/bin/python3 /var/roothome/rhai-managed-unix-scope-close-1241a5f8-linux80/runner/tools/run_scoped.py _supervise 4 python3 /root/rhai-managed-unix-scope-close-1241a5f8-linux80/linux-process-proof.py
1790914882.560	2778654	5148347	2778653	2778653	python3 /root/rhai-managed-unix-scope-close-1241a5f8-linux80/linux-process-proof.py
1790914882.677	2778673	5148362	2778654	2778653	/root/.rustup/toolchains/1.93.0-x86_64-unknown-linux-gnu/bin/cargo test --locked --no-fail-fast --features testing-environ,sys --test sys_process managed_run_closes_pipe_closed_worker_before_return -- --exact --nocapture --test-threads=1
1790914886.151	2778790	5148714	2778673	2778653	/root/.rustup/toolchains/1.93.0-x86_64-unknown-linux-gnu/bin/rustc --crate-name autocfg --edition=2015 /tmp/agent-build-1ftfwo9g/cargo-home/registry/src/index.crates.io-1949cf8c6b5b557f/autocfg-1.5.1/src/lib.rs --error-format=json --json=diagnostic-rendered-ansi,artifacts,future-incompat --crate-type lib --emit=dep-info,metadata,link -C embed-bitcode=no --check-cfg cfg(docsrs,test) --check-cfg cfg(feature, values()) -C metadata=c6b670192c52947d -C extra-filename=-b32b914620d6d69a --out-dir /tmp/agent-build-1ftfwo9g/target/debug/deps -C strip=debuginfo -L dependency=/tmp/agent-build-1ftfwo9g/target/debug/deps --cap-lints allow -C debuginfo=0
1790914886.151	2778791	5148714	2778673	2778653	/root/.rustup/toolchains/1.93.0-x86_64-unknown-linux-gnu/bin/rustc --crate-name build_script_build --edition=2018 /tmp/agent-build-1ftfwo9g/cargo-home/registry/src/index.crates.io-1949cf8c6b5b557f/portable-atomic-1.15.0/build.rs --error-format=json --json=diagnostic-rendered-ansi,artifacts,future-incompat --crate-type bin --emit=dep-info,link -C embed-bitcode=no --warn=clippy::unused_trait_names --warn=unreachable_pub --warn=unnameable_types --warn=unexpected_cfgs --warn=clippy::undocumented_unsafe_blocks --warn=clippy::transmute_undefined_repr --warn=clippy::trailing_empty_array --warn=single_use_lifetimes --warn=rust_2018_idioms --warn=clippy::pedantic --warn=non_ascii_idents --warn=clippy::inline_asm_x86_att_syntax --warn=improper_ctypes_definitions --warn=improper_ctypes --warn=deprecated_safe --warn=clippy::default_union_representation --warn=clippy::as_underscore --warn=clippy::as_ptr_cast_mut --warn=clippy::all --allow=clippy::type_complexity --allow=clippy::too_many_lines --allow=clippy::too_many_arguments --allow=clippy::struct_field_names --allow=clippy::struct_excessive_bools --allow=clippy::single_match_else --allow=clippy::single_match --allow=clippy::similar_names --allow=clippy::range_plus_one --allow=clippy::nonminimal_bool --allow=clippy::naive_bytecount --allow=clippy::module_name_repetitions --allow=clippy::missing_errors_doc --allow=clippy::manual_range_contains --allow=clippy::manual_assert --allow=clippy::incompatible_msrv --allow=clippy::float_cmp --allow=clippy::doc_markdown --allow=clippy::declare_interior_mutable_const --allow=clippy::collapsible_match --allow=clippy::cast_lossless --allow=clippy::borrow_as_ptr --allow=clippy::bool_assert_comparison --allow=clippy::assert_is_empty --check-cfg cfg(target_arch,values("xtensa")) --check-cfg cfg(target_arch,values("amdgpu")) --check-cfg cfg(target_arch,values("loongarch32")) --check-cfg cfg(target_os,values("trusty")) --check-cfg cfg(target_os,values("psx")) --check-cfg cfg(target_os,values("zos")) --check-cfg cfg(target_env,values("psx")) --check-cfg cfg(target_feature,values("lse2","lse128","rcpc3")) --check-cfg cfg(target_feature,values("quadword-atomics")) --check-cfg cfg(target_feature,values("zaamo","zabha")) --check-cfg cfg(target_feature,values("zacas")) --check-cfg cfg(target_feature,values("ztso")) --check-cfg cfg(target_feature,values("miscellaneous-extensions-3")) --check-cfg cfg(target_pointer_width,values("128")) --check-cfg cfg(portable_atomic_no_outline_atomics,portable_atomic_outline_atomics,portable_atomic_unstable_f16,portable_atomic_unstable_f128) --check-cfg cfg(portable_atomic_test_detect_false,portable_atomic_test_no_std_static_assert_ffi,qemu,valgrind,valgrind_cross) --check-cfg cfg(docsrs,test) --check-cfg cfg(feature, values("critical-section", "default", "disable-fiq", "fallback", "float", "force-amo", "require-cas", "s-mode", "serde", "std", "unsafe-assume-privileged", "unsafe-assume-single-core")) -C metadata=abfa72ead7c75eee -C extra-filename=-3309b6b0f5088e14 --out-dir /tmp/agent-build-1ftfwo9g/target/debug/build/portable-atomic-3309b6b0f5088e14 -C strip=debuginfo -L dependency=/tmp/agent-build-1ftfwo9g/target/debug/deps --cap-lints allow -C debuginfo=0
1790914886.267	2778815	5148727	2778791	2778653	cc -m64 /tmp/agent-build-1ftfwo9g/tmp/rustcjaKuZ3/symbols.o /tmp/agent-build-1ftfwo9g/target/debug/build/portable-atomic-3309b6b0f5088e14/build_script_build-3309b6b0f5088e14.build_script_build.e8480efbd7e39a5f-cgu.0.rcgu.o /tmp/agent-build-1ftfwo9g/target/debug/build/portable-atomic-3309b6b0f5088e14/build_script_build-3309b6b0f5088e14.build_script_build.e8480efbd7e39a5f-cgu.1.rcgu.o /tmp/agent-build-1ftfwo9g/target/debug/build/portable-atomic-3309b6b0f5088e14/build_script_build-3309b6b0f5088e14.build_script_build.e8480efbd7e39a5f-cgu.2.rcgu.o /tmp/agent-build-1ftfwo9g/target/debug/build/portable-atomic-3309b6b0f5088e14/build_script_build-3309b6b0f5088e14.build_script_build.e8480efbd7e39a5f-cgu.3.rcgu.o /tmp/agent-build-1ftfwo9g/target/debug/build/portable-atomic-3309b6b0f5088e14/build_script_build-3309b6b0f5088e14.build_script_build.e8480efbd7e39a5f-cgu.4.rcgu.o /tmp/agent-build-1ftfwo9g/target/debug/build/portable-atomic-3309b6b0f5088e14/build_script_build-3309b6b0f5088e14.5nok02yw96jf2eg80lxkph7lf.rcgu.o -Wl,--as-needed -Wl,-Bstatic /var/roothome/.rustup/toolchains/1.93.0-x86_64-unknown-linux-gnu/lib/rustlib/x86_64-unknown-linux-gnu/lib/libstd-6455781cbbf0c25c.rlib /var/roothome/.rustup/toolchains/1.93.0-x86_64-unknown-linux-gnu/lib/rustlib/x86_64-unknown-linux-gnu/lib/libpanic_unwind-9ea6681249c86daa.rlib /var/roothome/.rustup/toolchains/1.93.0-x86_64-unknown-linux-gnu/lib/rustlib/x86_64-unknown-linux-gnu/lib/libobject-49a13cd1c17ee472.rlib /var/roothome/.rustup/toolchains/1.93.0-x86_64-unknown-linux-gnu/lib/rustlib/x86_64-unknown-linux-gnu/lib/libmemchr-80c0d200aa1c5414.rlib /var/roothome/.rustup/toolchains/1.93.0-x86_64-unknown-linux-gnu/lib/rustlib/x86_64-unknown-linux-gnu/lib/libaddr2line-ed0d1665fe189213.rlib /var/roothome/.rustup/toolchains/1.93.0-x86_64-unknown-linux-gnu/lib/rustlib/x86_64-unknown-linux-gnu/lib/libgimli-82f3ba019c4b6344.rlib /var/roothome/.rustup/toolchains/1.93.0-x86_64-unknown-linux-gnu/lib/rustlib/x86_64-unknown-linux-gnu/lib/libcfg_if-b8a9625d47e2e3c0.rlib /var/roothome/.rustup/toolchains/1.93.0-x86_64-unknown-linux-gnu/lib/rustlib/x86_64-unknown-linux-gnu/lib/librustc_demangle-c04f2c50d366d1be.rlib /var/roothome/.rustup/toolchains/1.93.0-x86_64-unknown-linux-gnu/lib/rustlib/x86_64-unknown-linux-gnu/lib/libstd_detect-27563b08da68095e.rlib /var/roothome/.rustup/toolchains/1.93.0-x86_64-unknown-linux-gnu/lib/rustlib/x86_64-unknown-linux-gnu/lib/libhashbrown-77a21fecb79c0678.rlib /var/roothome/.rustup/toolchains/1.93.0-x86_64-unknown-linux-gnu/lib/rustlib/x86_64-unknown-linux-gnu/lib/librustc_std_workspace_alloc-e793bd15fd20f0af.rlib /var/roothome/.rustup/toolchains/1.93.0-x86_64-unknown-linux-gnu/lib/rustlib/x86_64-unknown-linux-gnu/lib/libminiz_oxide-7aaf0cb5e2293c31.rlib /var/roothome/.rustup/toolchains/1.93.0-x86_64-unknown-linux-gnu/lib/rustlib/x86_64-unknown-linux-gnu/lib/libadler2-1f550d986488a3fd.rlib /var/roothome/.rustup/toolchains/1.93.0-x86_64-unknown-linux-gnu/lib/rustlib/x86_64-unknown-linux-gnu/lib/libunwind-552f2bd5bdbf1107.rlib /var/roothome/.rustup/toolchains/1.93.0-x86_64-unknown-linux-gnu/lib/rustlib/x86_64-unknown-linux-gnu/lib/liblibc-927eb17e721e5055.rlib /var/roothome/.rustup/toolchains/1.93.0-x86_64-unknown-linux-gnu/lib/rustlib/x86_64-unknown-linux-gnu/lib/librustc_std_workspace_core-4bf162db831f993c.rlib /var/roothome/.rustup/toolchains/1.93.0-x86_64-unknown-linux-gnu/lib/rustlib/x86_64-unknown-linux-gnu/lib/liballoc-b4320759c23e42f9.rlib /var/roothome/.rustup/toolchains/1.93.0-x86_64-unknown-linux-gnu/lib/rustlib/x86_64-unknown-linux-gnu/lib/libcore-323fef4d239e40fe.rlib /var/roothome/.rustup/toolchains/1.93.0-x86_64-unknown-linux-gnu/lib/rustlib/x86_64-unknown-linux-gnu/lib/libcompiler_builtins-4b12291ff51ac994.rlib -Wl,-Bdynamic -lgcc_s -lutil -lrt -lpthread -lm -ldl -lc -L /tmp/agent-build-1ftfwo9g/tmp/rustcjaKuZ3/raw-dylibs -B/var/roothome/.rustup/toolchains/1.93.0-x86_64-unknown-linux-gnu/lib/rustlib/x86_64-unknown-linux-gnu/bin/gcc-ld -fuse-ld=lld -Wl,--eh-frame-hdr -Wl,-z,noexecstack -L /var/roothome/.rustup/toolchains/1.93.0-x86_64-unknown-linux-gnu/lib/rustlib/x86_64-unknown-linux-gnu/lib -o /tmp/agent-build-1ftfwo9g/target/debug/build/portable-atomic-3309b6b0f5088e14/build_script_build-3309b6b0f5088e14 -Wl,--gc-sections -pie -Wl,-z,relro,-z,now -Wl,--strip-debug -nodefaultlibs
1790914886.267	2778816	5148727	2778815	2778653	/usr/libexec/gcc/x86_64-redhat-linux/16/collect2 -plugin /usr/libexec/gcc/x86_64-redhat-linux/16/liblto_plugin.so -plugin-opt=/usr/libexec/gcc/x86_64-redhat-linux/16/lto-wrapper -plugin-opt=-fresolution=/tmp/agent-build-1ftfwo9g/tmp/cc7noxMs.res --build-id --no-add-needed --eh-frame-hdr --hash-style=gnu -m elf_x86_64 -dynamic-linker /lib64/ld-linux-x86-64.so.2 -pie -fuse-ld=lld -o /tmp/agent-build-1ftfwo9g/target/debug/build/portable-atomic-3309b6b0f5088e14/build_script_build-3309b6b0f5088e14 /usr/lib/gcc/x86_64-redhat-linux/16/../../../../lib64/Scrt1.o /usr/lib/gcc/x86_64-redhat-linux/16/../../../../lib64/crti.o /usr/lib/gcc/x86_64-redhat-linux/16/crtbeginS.o -L/tmp/agent-build-1ftfwo9g/tmp/rustcjaKuZ3/raw-dylibs -L/var/roothome/.rustup/toolchains/1.93.0-x86_64-unknown-linux-gnu/lib/rustlib/x86_64-unknown-linux-gnu/lib -L/var/roothome/.rustup/toolchains/1.93.0-x86_64-unknown-linux-gnu/lib/rustlib/x86_64-unknown-linux-gnu/bin/gcc-ld -L/usr/lib/gcc/x86_64-redhat-linux/16 -L/usr/lib/gcc/x86_64-redhat-linux/16/../../../../lib64 -L/lib/../lib64 -L/usr/lib/../lib64 -L/usr/lib/gcc/x86_64-redhat-linux/16/../../.. -L/lib -L/usr/lib /tmp/agent-build-1ftfwo9g/tmp/rustcjaKuZ3/symbols.o /tmp/agent-build-1ftfwo9g/target/debug/build/portable-atomic-3309b6b0f5088e14/build_script_build-3309b6b0f5088e14.build_script_build.e8480efbd7e39a5f-cgu.0.rcgu.o /tmp/agent-build-1ftfwo9g/target/debug/build/portable-atomic-3309b6b0f5088e14/build_script_build-3309b6b0f5088e14.build_script_build.e8480efbd7e39a5f-cgu.1.rcgu.o /tmp/agent-build-1ftfwo9g/target/debug/build/portable-atomic-3309b6b0f5088e14/build_script_build-3309b6b0f5088e14.build_script_build.e8480efbd7e39a5f-cgu.2.rcgu.o /tmp/agent-build-1ftfwo9g/target/debug/build/portable-atomic-3309b6b0f5088e14/build_script_build-3309b6b0f5088e14.build_script_build.e8480efbd7e39a5f-cgu.3.rcgu.o /tmp/agent-build-1ftfwo9g/target/debug/build/portable-atomic-3309b6b0f5088e14/build_script_build-3309b6b0f5088e14.build_script_build.e8480efbd7e39a5f-cgu.4.rcgu.o /tmp/agent-build-1ftfwo9g/target/debug/build/portable-atomic-3309b6b0f5088e14/build_script_build-3309b6b0f5088e14.5nok02yw96jf2eg80lxkph7lf.rcgu.o --as-needed -Bstatic /var/roothome/.rustup/toolchains/1.93.0-x86_64-unknown-linux-gnu/lib/rustlib/x86_64-unknown-linux-gnu/lib/libstd-6455781cbbf0c25c.rlib /var/roothome/.rustup/toolchains/1.93.0-x86_64-unknown-linux-gnu/lib/rustlib/x86_64-unknown-linux-gnu/lib/libpanic_unwind-9ea6681249c86daa.rlib /var/roothome/.rustup/toolchains/1.93.0-x86_64-unknown-linux-gnu/lib/rustlib/x86_64-unknown-linux-gnu/lib/libobject-49a13cd1c17ee472.rlib /var/roothome/.rustup/toolchains/1.93.0-x86_64-unknown-linux-gnu/lib/rustlib/x86_64-unknown-linux-gnu/lib/libmemchr-80c0d200aa1c5414.rlib /var/roothome/.rustup/toolchains/1.93.0-x86_64-unknown-linux-gnu/lib/rustlib/x86_64-unknown-linux-gnu/lib/libaddr2line-ed0d1665fe189213.rlib /var/roothome/.rustup/toolchains/1.93.0-x86_64-unknown-linux-gnu/lib/rustlib/x86_64-unknown-linux-gnu/lib/libgimli-82f3ba019c4b6344.rlib /var/roothome/.rustup/toolchains/1.93.0-x86_64-unknown-linux-gnu/lib/rustlib/x86_64-unknown-linux-gnu/lib/libcfg_if-b8a9625d47e2e3c0.rlib /var/roothome/.rustup/toolchains/1.93.0-x86_64-unknown-linux-gnu/lib/rustlib/x86_64-unknown-linux-gnu/lib/librustc_demangle-c04f2c50d366d1be.rlib /var/roothome/.rustup/toolchains/1.93.0-x86_64-unknown-linux-gnu/lib/rustlib/x86_64-unknown-linux-gnu/lib/libstd_detect-27563b08da68095e.rlib /var/roothome/.rustup/toolchains/1.93.0-x86_64-unknown-linux-gnu/lib/rustlib/x86_64-unknown-linux-gnu/lib/libhashbrown-77a21fecb79c0678.rlib /var/roothome/.rustup/toolchains/1.93.0-x86_64-unknown-linux-gnu/lib/rustlib/x86_64-unknown-linux-gnu/lib/librustc_std_workspace_alloc-e793bd15fd20f0af.rlib /var/roothome/.rustup/toolchains/1.93.0-x86_64-unknown-linux-gnu/lib/rustlib/x86_64-unknown-linux-gnu/lib/libminiz_oxide-7aaf0cb5e2293c31.rlib /var/roothome/.rustup/toolchains/1.93.0-x86_64-unknown-linux-gnu/lib/rustlib/x86_64-unknown-linux-gnu/lib/libadler2-1f550d986488a3fd.rlib /var/roothome/.rustup/toolchains/1.93.0-x86_64-unknown-linux-gnu/lib/rustlib/x86_64-unknown-linux-gnu/lib/libunwind-552f2bd5bdbf1107.rlib /var/roothome/.rustup/toolchains/1.93.0-x86_64-unknown-linux-gnu/lib/rustlib/x86_64-unknown-linux-gnu/lib/liblibc-927eb17e721e5055.rlib /var/roothome/.rustup/toolchains/1.93.0-x86_64-unknown-linux-gnu/lib/rustlib/x86_64-unknown-linux-gnu/lib/librustc_std_workspace_core-4bf162db831f993c.rlib /var/roothome/.rustup/toolchains/1.93.0-x86_64-unknown-linux-gnu/lib/rustlib/x86_64-unknown-linux-gnu/lib/liballoc-b4320759c23e42f9.rlib /var/roothome/.rustup/toolchains/1.93.0-x86_64-unknown-linux-gnu/lib/rustlib/x86_64-unknown-linux-gnu/lib/libcore-323fef4d239e40fe.rlib /var/roothome/.rustup/toolchains/1.93.0-x86_64-unknown-linux-gnu/lib/rustlib/x86_64-unknown-linux-gnu/lib/libcompiler_builtins-4b12291ff51ac994.rlib -Bdynamic -lgcc_s -lutil -lrt -lpthread -lm -ldl -lc --eh-frame-hdr -z noexecstack --gc-sections -z relro -z now --strip-debug /usr/lib/gcc/x86_64-redhat-linux/16/crtendS.o /usr/lib/gcc/x86_64-redhat-linux/16/../../../../lib64/crtn.o
1790914886.267	2778817	5148727	2778816	2778653	/var/roothome/.rustup/toolchains/1.93.0-x86_64-unknown-linux-gnu/lib/rustlib/x86_64-unknown-linux-gnu/bin/rust-lld -flavor gnu -plugin /usr/libexec/gcc/x86_64-redhat-linux/16/liblto_plugin.so -plugin-opt=/usr/libexec/gcc/x86_64-redhat-linux/16/lto-wrapper -plugin-opt=-fresolution=/tmp/agent-build-1ftfwo9g/tmp/cc7noxMs.res --build-id --no-add-needed --eh-frame-hdr --hash-style=gnu -m elf_x86_64 -dynamic-linker /lib64/ld-linux-x86-64.so.2 -pie -o /tmp/agent-build-1ftfwo9g/target/debug/build/portable-atomic-3309b6b0f5088e14/build_script_build-3309b6b0f5088e14 /usr/lib/gcc/x86_64-redhat-linux/16/../../../../lib64/Scrt1.o /usr/lib/gcc/x86_64-redhat-linux/16/../../../../lib64/crti.o /usr/lib/gcc/x86_64-redhat-linux/16/crtbeginS.o -L/tmp/agent-build-1ftfwo9g/tmp/rustcjaKuZ3/raw-dylibs -L/var/roothome/.rustup/toolchains/1.93.0-x86_64-unknown-linux-gnu/lib/rustlib/x86_64-unknown-linux-gnu/lib -L/var/roothome/.rustup/toolchains/1.93.0-x86_64-unknown-linux-gnu/lib/rustlib/x86_64-unknown-linux-gnu/bin/gcc-ld -L/usr/lib/gcc/x86_64-redhat-linux/16 -L/usr/lib/gcc/x86_64-redhat-linux/16/../../../../lib64 -L/lib/../lib64 -L/usr/lib/../lib64 -L/usr/lib/gcc/x86_64-redhat-linux/16/../../.. -L/lib -L/usr/lib /tmp/agent-build-1ftfwo9g/tmp/rustcjaKuZ3/symbols.o /tmp/agent-build-1ftfwo9g/target/debug/build/portable-atomic-3309b6b0f5088e14/build_script_build-3309b6b0f5088e14.build_script_build.e8480efbd7e39a5f-cgu.0.rcgu.o /tmp/agent-build-1ftfwo9g/target/debug/build/portable-atomic-3309b6b0f5088e14/build_script_build-3309b6b0f5088e14.build_script_build.e8480efbd7e39a5f-cgu.1.rcgu.o /tmp/agent-build-1ftfwo9g/target/debug/build/portable-atomic-3309b6b0f5088e14/build_script_build-3309b6b0f5088e14.build_script_build.e8480efbd7e39a5f-cgu.2.rcgu.o /tmp/agent-build-1ftfwo9g/target/debug/build/portable-atomic-3309b6b0f5088e14/build_script_build-3309b6b0f5088e14.build_script_build.e8480efbd7e39a5f-cgu.3.rcgu.o /tmp/agent-build-1ftfwo9g/target/debug/build/portable-atomic-3309b6b0f5088e14/build_script_build-3309b6b0f5088e14.build_script_build.e8480efbd7e39a5f-cgu.4.rcgu.o /tmp/agent-build-1ftfwo9g/target/debug/build/portable-atomic-3309b6b0f5088e14/build_script_build-3309b6b0f5088e14.5nok02yw96jf2eg80lxkph7lf.rcgu.o --as-needed -Bstatic /var/roothome/.rustup/toolchains/1.93.0-x86_64-unknown-linux-gnu/lib/rustlib/x86_64-unknown-linux-gnu/lib/libstd-6455781cbbf0c25c.rlib /var/roothome/.rustup/toolchains/1.93.0-x86_64-unknown-linux-gnu/lib/rustlib/x86_64-unknown-linux-gnu/lib/libpanic_unwind-9ea6681249c86daa.rlib /var/roothome/.rustup/toolchains/1.93.0-x86_64-unknown-linux-gnu/lib/rustlib/x86_64-unknown-linux-gnu/lib/libobject-49a13cd1c17ee472.rlib /var/roothome/.rustup/toolchains/1.93.0-x86_64-unknown-linux-gnu/lib/rustlib/x86_64-unknown-linux-gnu/lib/libmemchr-80c0d200aa1c5414.rlib /var/roothome/.rustup/toolchains/1.93.0-x86_64-unknown-linux-gnu/lib/rustlib/x86_64-unknown-linux-gnu/lib/libaddr2line-ed0d1665fe189213.rlib /var/roothome/.rustup/toolchains/1.93.0-x86_64-unknown-linux-gnu/lib/rustlib/x86_64-unknown-linux-gnu/lib/libgimli-82f3ba019c4b6344.rlib /var/roothome/.rustup/toolchains/1.93.0-x86_64-unknown-linux-gnu/lib/rustlib/x86_64-unknown-linux-gnu/lib/libcfg_if-b8a9625d47e2e3c0.rlib /var/roothome/.rustup/toolchains/1.93.0-x86_64-unknown-linux-gnu/lib/rustlib/x86_64-unknown-linux-gnu/lib/librustc_demangle-c04f2c50d366d1be.rlib /var/roothome/.rustup/toolchains/1.93.0-x86_64-unknown-linux-gnu/lib/rustlib/x86_64-unknown-linux-gnu/lib/libstd_detect-27563b08da68095e.rlib /var/roothome/.rustup/toolchains/1.93.0-x86_64-unknown-linux-gnu/lib/rustlib/x86_64-unknown-linux-gnu/lib/libhashbrown-77a21fecb79c0678.rlib /var/roothome/.rustup/toolchains/1.93.0-x86_64-unknown-linux-gnu/lib/rustlib/x86_64-unknown-linux-gnu/lib/librustc_std_workspace_alloc-e793bd15fd20f0af.rlib /var/roothome/.rustup/toolchains/1.93.0-x86_64-unknown-linux-gnu/lib/rustlib/x86_64-unknown-linux-gnu/lib/libminiz_oxide-7aaf0cb5e2293c31.rlib /var/roothome/.rustup/toolchains/1.93.0-x86_64-unknown-linux-gnu/lib/rustlib/x86_64-unknown-linux-gnu/lib/libadler2-1f550d986488a3fd.rlib /var/roothome/.rustup/toolchains/1.93.0-x86_64-unknown-linux-gnu/lib/rustlib/x86_64-unknown-linux-gnu/lib/libunwind-552f2bd5bdbf1107.rlib /var/roothome/.rustup/toolchains/1.93.0-x86_64-unknown-linux-gnu/lib/rustlib/x86_64-unknown-linux-gnu/lib/liblibc-927eb17e721e5055.rlib /var/roothome/.rustup/toolchains/1.93.0-x86_64-unknown-linux-gnu/lib/rustlib/x86_64-unknown-linux-gnu/lib/librustc_std_workspace_core-4bf162db831f993c.rlib /var/roothome/.rustup/toolchains/1.93.0-x86_64-unknown-linux-gnu/lib/rustlib/x86_64-unknown-linux-gnu/lib/liballoc-b4320759c23e42f9.rlib /var/roothome/.rustup/toolchains/1.93.0-x86_64-unknown-linux-gnu/lib/rustlib/x86_64-unknown-linux-gnu/lib/libcore-323fef4d239e40fe.rlib /var/roothome/.rustup/toolchains/1.93.0-x86_64-unknown-linux-gnu/lib/rustlib/x86_64-unknown-linux-gnu/lib/libcompiler_builtins-4b12291ff51ac994.rlib -Bdynamic -lgcc_s -lutil -lrt -lpthread -lm -ldl -lc --eh-frame-hdr -z noexecstack --gc-sections -z relro -z now --strip-debug /usr/lib/gcc/x86_64-redhat-linux/16/crtendS.o /usr/lib/gcc/x86_64-redhat-linux/16/../../../../lib64/crtn.o
1790914886.384	2778880	5148736	2778673	2778653	/root/.rustup/toolchains/1.93.0-x86_64-unknown-linux-gnu/bin/rustc --crate-name build_script_build --edition=2021 /tmp/agent-build-1ftfwo9g/cargo-home/registry/src/index.crates.io-1949cf8c6b5b557f/libc-0.2.189/build.rs --error-format=json --json=diagnostic-rendered-ansi,artifacts,future-incompat --crate-type bin --emit=dep-info,link -C embed-bitcode=no --allow=unused_qualifications --warn=clippy::unnecessary_semicolon --allow=clippy::unnecessary_cast --warn=clippy::ptr_as_ptr --allow=clippy::non_minimal_cfg --allow=clippy::missing_safety_doc --warn=clippy::map_unwrap_or --warn=clippy::manual_assert --allow=clippy::identity_op --warn=clippy::explicit_iter_loop --check-cfg cfg(docsrs,test) --check-cfg cfg(feature, values("align", "const-extern-fn", "default", "extra_traits", "rustc-dep-of-std", "rustc-std-workspace-core", "std", "use_std")) -C metadata=e37a09d7e7564b53 -C extra-filename=-fda456e12b8b8052 --out-dir /tmp/agent-build-1ftfwo9g/target/debug/build/libc-fda456e12b8b8052 -C strip=debuginfo -L dependency=/tmp/agent-build-1ftfwo9g/target/debug/deps --cap-lints allow -C debuginfo=0
1790914886.384	2778885	5148737	2778673	2778653	/root/.rustup/toolchains/1.93.0-x86_64-unknown-linux-gnu/bin/rustc --crate-name build_script_build --edition=2021 /tmp/agent-build-1ftfwo9g/cargo-home/registry/src/index.crates.io-1949cf8c6b5b557f/rustix-1.1.5/build.rs --error-format=json --json=diagnostic-rendered-ansi,artifacts,future-incompat --crate-type bin --emit=dep-info,link -C embed-bitcode=no --warn=unexpected_cfgs --check-cfg cfg(alloc_c_string) --check-cfg cfg(alloc_ffi) --check-cfg cfg(apple) --check-cfg cfg(asm_experimental_arch) --check-cfg cfg(bsd) --check-cfg cfg(core_c_str) --check-cfg cfg(core_ffi_c) --check-cfg cfg(core_intrinsics) --check-cfg cfg(criterion) --check-cfg cfg(document_experimental_runtime_api) --check-cfg cfg(error_in_core) --check-cfg cfg(fix_y2038) --check-cfg cfg(freebsdlike) --check-cfg cfg(libc) --check-cfg cfg(linux_kernel) --check-cfg cfg(linux_like) --check-cfg cfg(linux_raw) --check-cfg cfg(linux_raw_dep) --check-cfg cfg(lower_upper_exp_for_non_zero) --check-cfg cfg(sanitize_memory) --check-cfg cfg(netbsdlike) --check-cfg cfg(rustc_diagnostics) --check-cfg cfg(solarish) --check-cfg cfg(staged_api) --check-cfg cfg(thumb_mode) --check-cfg cfg(wasi) --check-cfg cfg(wasi_ext) --check-cfg cfg(wasip2) --check-cfg cfg(target_arch, values("xtensa")) --check-cfg cfg(target_os, values("cygwin")) --cfg feature="alloc" --cfg feature="default" --cfg feature="fs" --cfg feature="process" --cfg feature="std" --cfg feature="termios" --cfg feature="time" --check-cfg cfg(docsrs,test) --check-cfg cfg(feature, values("all-apis", "alloc", "core", "default", "event", "fs", "io_uring", "libc", "libc_errno", "linux_4_11", "linux_5_1", "linux_5_11", "linux_latest", "mm", "mount", "net", "param", "pipe", "process", "pty", "rand", "runtime", "rustc-dep-of-std", "rustc-std-workspace-alloc", "shm", "std", "stdio", "system", "termios", "thread", "time", "try_close", "use-explicitly-provided-auxv", "use-libc", "use-libc-auxv")) -C metadata=14e1483ba5e8bbd9 -C extra-filename=-726e0ccf3a1badf6 --out-dir /tmp/agent-build-1ftfwo9g/target/debug/build/rustix-726e0ccf3a1badf6 -C strip=debuginfo -L dependency=/tmp/agent-build-1ftfwo9g/target/debug/deps --cap-lints allow -C debuginfo=0
1790914886.499	2778952	5148744	2778673	2778653	/root/.rustup/toolchains/1.93.0-x86_64-unknown-linux-gnu/bin/rustc --crate-name portable_atomic --edition=2018 /tmp/agent-build-1ftfwo9g/cargo-home/registry/src/index.crates.io-1949cf8c6b5b557f/portable-atomic-1.15.0/src/lib.rs --error-format=json --json=diagnostic-rendered-ansi,artifacts,future-incompat --crate-type lib --emit=dep-info,metadata,link -C embed-bitcode=no --warn=clippy::unused_trait_names --warn=unreachable_pub --warn=unnameable_types --warn=unexpected_cfgs --warn=clippy::undocumented_unsafe_blocks --warn=clippy::transmute_undefined_repr --warn=clippy::trailing_empty_array --warn=single_use_lifetimes --warn=rust_2018_idioms --warn=clippy::pedantic --warn=non_ascii_idents --warn=clippy::inline_asm_x86_att_syntax --warn=improper_ctypes_definitions --warn=improper_ctypes --warn=deprecated_safe --warn=clippy::default_union_representation --warn=clippy::as_underscore --warn=clippy::as_ptr_cast_mut --warn=clippy::all --allow=clippy::type_complexity --allow=clippy::too_many_lines --allow=clippy::too_many_arguments --allow=clippy::struct_field_names --allow=clippy::struct_excessive_bools --allow=clippy::single_match_else --allow=clippy::single_match --allow=clippy::similar_names --allow=clippy::range_plus_one --allow=clippy::nonminimal_bool --allow=clippy::naive_bytecount --allow=clippy::module_name_repetitions --allow=clippy::missing_errors_doc --allow=clippy::manual_range_contains --allow=clippy::manual_assert --allow=clippy::incompatible_msrv --allow=clippy::float_cmp --allow=clippy::doc_markdown --allow=clippy::declare_interior_mutable_const --allow=clippy::collapsible_match --allow=clippy::cast_lossless --allow=clippy::borrow_as_ptr --allow=clippy::bool_assert_comparison --allow=clippy::assert_is_empty --check-cfg cfg(target_arch,values("xtensa")) --check-cfg cfg(target_arch,values("amdgpu")) --check-cfg cfg(target_arch,values("loongarch32")) --check-cfg cfg(target_os,values("trusty")) --check-cfg cfg(target_os,values("psx")) --check-cfg cfg(target_os,values("zos")) --check-cfg cfg(target_env,values("psx")) --check-cfg cfg(target_feature,values("lse2","lse128","rcpc3")) --check-cfg cfg(target_feature,values("quadword-atomics")) --check-cfg cfg(target_feature,values("zaamo","zabha")) --check-cfg cfg(target_feature,values("zacas")) --check-cfg cfg(target_feature,values("ztso")) --check-cfg cfg(target_feature,values("miscellaneous-extensions-3")) --check-cfg cfg(target_pointer_width,values("128")) --check-cfg cfg(portable_atomic_no_outline_atomics,portable_atomic_outline_atomics,portable_atomic_unstable_f16,portable_atomic_unstable_f128) --check-cfg cfg(portable_atomic_test_detect_false,portable_atomic_test_no_std_static_assert_ffi,qemu,valgrind,valgrind_cross) --check-cfg cfg(docsrs,test) --check-cfg cfg(feature, values("critical-section", "default", "disable-fiq", "fallback", "float", "force-amo", "require-cas", "s-mode", "serde", "std", "unsafe-assume-privileged", "unsafe-assume-single-core")) -C metadata=7e8eb9eb14ecbfaf -C extra-filename=-1c8ba7d77aedd093 --out-dir /tmp/agent-build-1ftfwo9g/target/debug/deps -C strip=debuginfo -L dependency=/tmp/agent-build-1ftfwo9g/target/debug/deps --cap-lints allow -C debuginfo=0 --check-cfg cfg(target_feature,values("lsfe","fast-serialization","load-store-on-cond","distinct-ops","rmw")) --check-cfg cfg(portable_atomic_atomic_intrinsics,portable_atomic_disable_fiq,portable_atomic_force_amo,portable_atomic_ll_sc_rmw,portable_atomic_no_asm,portable_atomic_no_asm_maybe_uninit,portable_atomic_no_asm_syscall,portable_atomic_no_atomic_64,portable_atomic_no_atomic_cas,portable_atomic_no_atomic_load_store,portable_atomic_no_atomic_min_max,portable_atomic_no_cfg_target_has_atomic,portable_atomic_no_cmpxchg16b_intrinsic,portable_atomic_no_cmpxchg16b_target_feature,portable_atomic_no_const_mut_refs,portable_atomic_no_const_raw_ptr_deref,portable_atomic_no_const_transmute,portable_atomic_no_core_unwind_safe,portable_atomic_no_diagnostic_namespace,portable_atomic_no_strict_provenance,portable_atomic_no_strict_provenance_atomic_ptr,portable_atomic_no_stronger_failure_ordering,portable_atomic_no_track_caller,portable_atomic_no_unsafe_op_in_unsafe_fn,portable_atomic_pre_llvm_16,portable_atomic_pre_llvm_18,portable_atomic_pre_llvm_20,portable_atomic_s_mode,portable_atomic_sanitize_thread,portable_atomic_target_feature,portable_atomic_unsafe_assume_privileged,portable_atomic_unsafe_assume_single_core,portable_atomic_unstable_asm,portable_atomic_unstable_asm_experimental_arch,portable_atomic_unstable_cfg_target_has_atomic,portable_atomic_unstable_isa_attribute) --check-cfg cfg(portable_atomic_target_feature,values("cmpxchg16b","distinct-ops","fast-serialization","load-store-on-cond","lse","lse128","lse2","lsfe","mclass","miscellaneous-extensions-3","quadword-atomics","rcpc3","rmw","v6","v7","zaamo","zabha","zacas"))
1790914886.499	2778996	5148749	2778673	2778653	/root/.rustup/toolchains/1.93.0-x86_64-unknown-linux-gnu/bin/rustc --crate-name build_script_build --edition=2021 /tmp/agent-build-1ftfwo9g/cargo-home/registry/src/index.crates.io-1949cf8c6b5b557f/io-lifetimes-3.0.1/build.rs --error-format=json --json=diagnostic-rendered-ansi,artifacts,future-incompat --crate-type bin --emit=dep-info,link -C embed-bitcode=no --warn=unexpected_cfgs --check-cfg cfg(wasi_ext) --cfg feature="default" --check-cfg cfg(docsrs,test) --check-cfg cfg(feature, values("async-std", "close", "default", "hermit-abi", "libc", "mio", "os_pipe", "socket2", "tokio", "windows-sys")) -C metadata=a752771db958ce72 -C extra-filename=-e566525681f98f3a --out-dir /tmp/agent-build-1ftfwo9g/target/debug/build/io-lifetimes-e566525681f98f3a -C strip=debuginfo -L dependency=/tmp/agent-build-1ftfwo9g/target/debug/deps --cap-lints allow -C debuginfo=0
1790914886.640	2779103	5148764	2778673	2778653	/root/.rustup/toolchains/1.93.0-x86_64-unknown-linux-gnu/bin/rustc --crate-name bitflags --edition=2021 /tmp/agent-build-1ftfwo9g/cargo-home/registry/src/index.crates.io-1949cf8c6b5b557f/bitflags-2.13.2/src/lib.rs --error-format=json --json=diagnostic-rendered-ansi,artifacts,future-incompat --crate-type lib --emit=dep-info,metadata,link -C embed-bitcode=no --cfg feature="std" --check-cfg cfg(docsrs,test) --check-cfg cfg(feature, values("arbitrary", "bytemuck", "example_generated", "serde", "serde_core", "std")) -C metadata=d2a3e0478ff8f012 -C extra-filename=-807f742f693b1c76 --out-dir /tmp/agent-build-1ftfwo9g/target/debug/deps -C strip=debuginfo -L dependency=/tmp/agent-build-1ftfwo9g/target/debug/deps --cap-lints allow -C debuginfo=0
1790914886.756	2779146	5148769	2778673	2778653	/root/.rustup/toolchains/1.93.0-x86_64-unknown-linux-gnu/bin/rustc --crate-name rustix --edition=2021 /tmp/agent-build-1ftfwo9g/cargo-home/registry/src/index.crates.io-1949cf8c6b5b557f/rustix-1.1.5/src/lib.rs --error-format=json --json=diagnostic-rendered-ansi,artifacts,future-incompat --crate-type lib --emit=dep-info,metadata,link -C embed-bitcode=no --warn=unexpected_cfgs --check-cfg cfg(alloc_c_string) --check-cfg cfg(alloc_ffi) --check-cfg cfg(apple) --check-cfg cfg(asm_experimental_arch) --check-cfg cfg(bsd) --check-cfg cfg(core_c_str) --check-cfg cfg(core_ffi_c) --check-cfg cfg(core_intrinsics) --check-cfg cfg(criterion) --check-cfg cfg(document_experimental_runtime_api) --check-cfg cfg(error_in_core) --check-cfg cfg(fix_y2038) --check-cfg cfg(freebsdlike) --check-cfg cfg(libc) --check-cfg cfg(linux_kernel) --check-cfg cfg(linux_like) --check-cfg cfg(linux_raw) --check-cfg cfg(linux_raw_dep) --check-cfg cfg(lower_upper_exp_for_non_zero) --check-cfg cfg(sanitize_memory) --check-cfg cfg(netbsdlike) --check-cfg cfg(rustc_diagnostics) --check-cfg cfg(solarish) --check-cfg cfg(staged_api) --check-cfg cfg(thumb_mode) --check-cfg cfg(wasi) --check-cfg cfg(wasi_ext) --check-cfg cfg(wasip2) --check-cfg cfg(target_arch, values("xtensa")) --check-cfg cfg(target_os, values("cygwin")) --cfg feature="alloc" --cfg feature="default" --cfg feature="fs" --cfg feature="process" --cfg feature="std" --cfg feature="termios" --cfg feature="time" --check-cfg cfg(docsrs,test) --check-cfg cfg(feature, values("all-apis", "alloc", "core", "default", "event", "fs", "io_uring", "libc", "libc_errno", "linux_4_11", "linux_5_1", "linux_5_11", "linux_latest", "mm", "mount", "net", "param", "pipe", "process", "pty", "rand", "runtime", "rustc-dep-of-std", "rustc-std-workspace-alloc", "shm", "std", "stdio", "system", "termios", "thread", "time", "try_close", "use-explicitly-provided-auxv", "use-libc", "use-libc-auxv")) -C metadata=4acb65ca5a926cdd -C extra-filename=-276c480a1b987777 --out-dir /tmp/agent-build-1ftfwo9g/target/debug/deps -C strip=debuginfo -L dependency=/tmp/agent-build-1ftfwo9g/target/debug/deps --extern bitflags=/tmp/agent-build-1ftfwo9g/target/debug/deps/libbitflags-807f742f693b1c76.rmeta --extern linux_raw_sys=/tmp/agent-build-1ftfwo9g/target/debug/deps/liblinux_raw_sys-acd22efd1f7edfd8.rmeta --cap-lints allow -C debuginfo=0 --cfg lower_upper_exp_for_non_zero --cfg rustc_diagnostics --cfg linux_raw_dep --cfg linux_raw --cfg linux_like --cfg linux_kernel
1790914886.756	2779171	5148776	2778673	2778653	/root/.rustup/toolchains/1.93.0-x86_64-unknown-linux-gnu/bin/rustc --crate-name libc --edition=2021 /tmp/agent-build-1ftfwo9g/cargo-home/registry/src/index.crates.io-1949cf8c6b5b557f/libc-0.2.189/src/lib.rs --error-format=json --json=diagnostic-rendered-ansi,artifacts,future-incompat --crate-type lib --emit=dep-info,metadata,link -C embed-bitcode=no --allow=unused_qualifications --warn=clippy::unnecessary_semicolon --allow=clippy::unnecessary_cast --warn=clippy::ptr_as_ptr --allow=clippy::non_minimal_cfg --allow=clippy::missing_safety_doc --warn=clippy::map_unwrap_or --warn=clippy::manual_assert --allow=clippy::identity_op --warn=clippy::explicit_iter_loop --check-cfg cfg(docsrs,test) --check-cfg cfg(feature, values("align", "const-extern-fn", "default", "extra_traits", "rustc-dep-of-std", "rustc-std-workspace-core", "std", "use_std")) -C metadata=35567827d5aea162 -C extra-filename=-5cfc27ad5c33198a --out-dir /tmp/agent-build-1ftfwo9g/target/debug/deps -C strip=debuginfo -L dependency=/tmp/agent-build-1ftfwo9g/target/debug/deps --cap-lints allow -C debuginfo=0 --cfg freebsd12 --check-cfg cfg(emscripten_old_stat_abi) --check-cfg cfg(espidf_picolibc) --check-cfg cfg(espidf_time32) --check-cfg cfg(freebsd10) --check-cfg cfg(freebsd11) --check-cfg cfg(freebsd12) --check-cfg cfg(freebsd13) --check-cfg cfg(freebsd14) --check-cfg cfg(freebsd15) --check-cfg cfg(gnu_file_offset_bits64) --check-cfg cfg(gnu_time_bits64) --check-cfg cfg(libc_deny_warnings) --check-cfg cfg(linux_time_bits64) --check-cfg cfg(musl_v1_2_3) --check-cfg cfg(musl32_time64) --check-cfg cfg(musl_redir_time64) --check-cfg cfg(vxworks_lt_25_09) --check-cfg cfg(libc_pauthtest) --check-cfg cfg(target_os,values("switch","aix","ohos","hurd","rtems","visionos","nuttx","cygwin","qurt","qnx")) --check-cfg cfg(target_env,values("illumos","wasi","aix","ohos","nto71_iosock")) --check-cfg cfg(target_arch,values("loongarch64","mips32r6","mips64r6","csky"))
1790914887.132	2779292	5148813	2778673	2778653	/root/.rustup/toolchains/1.93.0-x86_64-unknown-linux-gnu/bin/rustc --crate-name build_script_build --edition=2021 /tmp/agent-build-1ftfwo9g/cargo-home/registry/src/index.crates.io-1949cf8c6b5b557f/libc-0.2.189/build.rs --error-format=json --json=diagnostic-rendered-ansi,artifacts,future-incompat --crate-type bin --emit=dep-info,link -C embed-bitcode=no --allow=unused_qualifications --warn=clippy::unnecessary_semicolon --allow=clippy::unnecessary_cast --warn=clippy::ptr_as_ptr --allow=clippy::non_minimal_cfg --allow=clippy::missing_safety_doc --warn=clippy::map_unwrap_or --warn=clippy::manual_assert --allow=clippy::identity_op --warn=clippy::explicit_iter_loop --cfg feature="default" --cfg feature="std" --check-cfg cfg(docsrs,test) --check-cfg cfg(feature, values("align", "const-extern-fn", "default", "extra_traits", "rustc-dep-of-std", "rustc-std-workspace-core", "std", "use_std")) -C metadata=2e34c0a59545b562 -C extra-filename=-626f7d14b9bca570 --out-dir /tmp/agent-build-1ftfwo9g/target/debug/build/libc-626f7d14b9bca570 -C strip=debuginfo -L dependency=/tmp/agent-build-1ftfwo9g/target/debug/deps --cap-lints allow -C debuginfo=0
1790914887.381	2779381	5148828	2778673	2778653	/root/.rustup/toolchains/1.93.0-x86_64-unknown-linux-gnu/bin/rustc --crate-name proc_macro2 --edition=2021 /tmp/agent-build-1ftfwo9g/cargo-home/registry/src/index.crates.io-1949cf8c6b5b557f/proc-macro2-1.0.103/src/lib.rs --error-format=json --json=diagnostic-rendered-ansi,artifacts,future-incompat --crate-type lib --emit=dep-info,metadata,link -C embed-bitcode=no --cfg feature="default" --cfg feature="proc-macro" --check-cfg cfg(docsrs,test) --check-cfg cfg(feature, values("default", "nightly", "proc-macro", "span-locations")) -C metadata=b40fc12b7b36df94 -C extra-filename=-9bb1119a4333fdf8 --out-dir /tmp/agent-build-1ftfwo9g/target/debug/deps -C strip=debuginfo -L dependency=/tmp/agent-build-1ftfwo9g/target/debug/deps --extern unicode_ident=/tmp/agent-build-1ftfwo9g/target/debug/deps/libunicode_ident-02eb1483c9349430.rmeta --cap-lints allow -C debuginfo=0 --cfg wrap_proc_macro --cfg proc_macro_span_location --cfg proc_macro_span_file --check-cfg cfg(fuzzing) --check-cfg cfg(no_is_available) --check-cfg cfg(no_literal_byte_character) --check-cfg cfg(no_literal_c_string) --check-cfg cfg(no_source_text) --check-cfg cfg(proc_macro_span) --check-cfg cfg(proc_macro_span_file) --check-cfg cfg(proc_macro_span_location) --check-cfg cfg(procmacro2_backtrace) --check-cfg cfg(procmacro2_build_probe) --check-cfg cfg(procmacro2_nightly_testing) --check-cfg cfg(procmacro2_semver_exempt) --check-cfg cfg(randomize_layout) --check-cfg cfg(span_locations) --check-cfg cfg(super_unstable) --check-cfg cfg(wrap_proc_macro)
1790914887.614	2779463	5148862	2778673	2778653	/root/.rustup/toolchains/1.93.0-x86_64-unknown-linux-gnu/bin/rustc --crate-name io_lifetimes --edition=2021 /tmp/agent-build-1ftfwo9g/cargo-home/registry/src/index.crates.io-1949cf8c6b5b557f/io-lifetimes-2.0.4/src/lib.rs --error-format=json --json=diagnostic-rendered-ansi,artifacts,future-incompat --crate-type lib --emit=dep-info,metadata,link -C embed-bitcode=no --warn=unexpected_cfgs --check-cfg cfg(wasi_ext) --check-cfg cfg(docsrs,test) --check-cfg cfg(feature, values("async-std", "close", "default", "hermit-abi", "libc", "mio", "os_pipe", "socket2", "tokio", "windows-sys")) -C metadata=216ac4fb7e3a65c6 -C extra-filename=-b35a4441435d7a37 --out-dir /tmp/agent-build-1ftfwo9g/target/debug/deps -C strip=debuginfo -L dependency=/tmp/agent-build-1ftfwo9g/target/debug/deps --cap-lints allow -C debuginfo=0
1790914887.847	2779607	5148885	2778673	2778653	/root/.rustup/toolchains/1.93.0-x86_64-unknown-linux-gnu/bin/rustc --crate-name const_random_macro --edition=2018 /tmp/agent-build-1ftfwo9g/cargo-home/registry/src/index.crates.io-1949cf8c6b5b557f/const-random-macro-0.1.16/src/lib.rs --error-format=json --json=diagnostic-rendered-ansi,artifacts,future-incompat --crate-type proc-macro --emit=dep-info,link -C prefer-dynamic -C embed-bitcode=no --check-cfg cfg(docsrs,test) --check-cfg cfg(feature, values()) -C metadata=261beef7c9f00838 -C extra-filename=-9b08d9a40312695f --out-dir /tmp/agent-build-1ftfwo9g/target/debug/deps -C strip=debuginfo -L dependency=/tmp/agent-build-1ftfwo9g/target/debug/deps --extern getrandom=/tmp/agent-build-1ftfwo9g/target/debug/deps/libgetrandom-2c31bda97f2f3c29.rlib --extern once_cell=/tmp/agent-build-1ftfwo9g/target/debug/deps/libonce_cell-9b4aceebecd4e83a.rlib --extern tiny_keccak=/tmp/agent-build-1ftfwo9g/target/debug/deps/libtiny_keccak-4256ad93be96601f.rlib --extern proc_macro --cap-lints allow -C debuginfo=0
1790914887.965	2779705	5148894	2778673	2778653	/root/.rustup/toolchains/1.93.0-x86_64-unknown-linux-gnu/bin/rustc --crate-name rustix_linux_procfs --edition=2021 /tmp/agent-build-1ftfwo9g/cargo-home/registry/src/index.crates.io-1949cf8c6b5b557f/rustix-linux-procfs-0.1.1/src/lib.rs --error-format=json --json=diagnostic-rendered-ansi,artifacts,future-incompat --crate-type lib --emit=dep-info,metadata,link -C embed-bitcode=no --cfg feature="default" --cfg feature="std" --check-cfg cfg(docsrs,test) --check-cfg cfg(feature, values("default", "std")) -C metadata=99e9d75fe260c704 -C extra-filename=-93f52fbe5be3204b --out-dir /tmp/agent-build-1ftfwo9g/target/debug/deps -C strip=debuginfo -L dependency=/tmp/agent-build-1ftfwo9g/target/debug/deps --extern once_cell=/tmp/agent-build-1ftfwo9g/target/debug/deps/libonce_cell-bc26e00f0de8b3ca.rmeta --extern rustix=/tmp/agent-build-1ftfwo9g/target/debug/deps/librustix-276c480a1b987777.rmeta --cap-lints allow -C debuginfo=0
1790914887.965	2779707	5148894	2778673	2778653	/root/.rustup/toolchains/1.93.0-x86_64-unknown-linux-gnu/bin/rustc --crate-name num_traits --edition=2021 /tmp/agent-build-1ftfwo9g/cargo-home/registry/src/index.crates.io-1949cf8c6b5b557f/num-traits-0.2.19/src/lib.rs --error-format=json --json=diagnostic-rendered-ansi,artifacts,future-incompat --crate-type lib --emit=dep-info,metadata,link -C embed-bitcode=no --cfg feature="std" --check-cfg cfg(docsrs,test) --check-cfg cfg(feature, values("default", "i128", "libm", "std")) -C metadata=b63138fa0614f482 -C extra-filename=-d99f4a660858da04 --out-dir /tmp/agent-build-1ftfwo9g/target/debug/deps -C strip=debuginfo -L dependency=/tmp/agent-build-1ftfwo9g/target/debug/deps --cap-lints allow -C debuginfo=0 --cfg has_total_cmp --check-cfg cfg(has_total_cmp)
1790914888.105	2779718	5148900	2778673	2778653	/root/.rustup/toolchains/1.93.0-x86_64-unknown-linux-gnu/bin/rustc --crate-name libc --edition=2021 /tmp/agent-build-1ftfwo9g/cargo-home/registry/src/index.crates.io-1949cf8c6b5b557f/libc-0.2.189/src/lib.rs --error-format=json --json=diagnostic-rendered-ansi,artifacts,future-incompat --crate-type lib --emit=dep-info,metadata,link -C embed-bitcode=no --allow=unused_qualifications --warn=clippy::unnecessary_semicolon --allow=clippy::unnecessary_cast --warn=clippy::ptr_as_ptr --allow=clippy::non_minimal_cfg --allow=clippy::missing_safety_doc --warn=clippy::map_unwrap_or --warn=clippy::manual_assert --allow=clippy::identity_op --warn=clippy::explicit_iter_loop --cfg feature="default" --cfg feature="std" --check-cfg cfg(docsrs,test) --check-cfg cfg(feature, values("align", "const-extern-fn", "default", "extra_traits", "rustc-dep-of-std", "rustc-std-workspace-core", "std", "use_std")) -C metadata=acbbc67da3c1ca32 -C extra-filename=-179c144e2268fcf5 --out-dir /tmp/agent-build-1ftfwo9g/target/debug/deps -C strip=debuginfo -L dependency=/tmp/agent-build-1ftfwo9g/target/debug/deps --cap-lints allow -C debuginfo=0 --cfg freebsd12 --check-cfg cfg(emscripten_old_stat_abi) --check-cfg cfg(espidf_picolibc) --check-cfg cfg(espidf_time32) --check-cfg cfg(freebsd10) --check-cfg cfg(freebsd11) --check-cfg cfg(freebsd12) --check-cfg cfg(freebsd13) --check-cfg cfg(freebsd14) --check-cfg cfg(freebsd15) --check-cfg cfg(gnu_file_offset_bits64) --check-cfg cfg(gnu_time_bits64) --check-cfg cfg(libc_deny_warnings) --check-cfg cfg(linux_time_bits64) --check-cfg cfg(musl_v1_2_3) --check-cfg cfg(musl32_time64) --check-cfg cfg(musl_redir_time64) --check-cfg cfg(vxworks_lt_25_09) --check-cfg cfg(libc_pauthtest) --check-cfg cfg(target_os,values("switch","aix","ohos","hurd","rtems","visionos","nuttx","cygwin","qurt","qnx")) --check-cfg cfg(target_env,values("illumos","wasi","aix","ohos","nto71_iosock")) --check-cfg cfg(target_arch,values("loongarch64","mips32r6","mips64r6","csky"))
1790914888.378	2779804	5148930	2778673	2778653	/root/.rustup/toolchains/1.93.0-x86_64-unknown-linux-gnu/bin/rustc --crate-name ipnet --edition=2018 /tmp/agent-build-1ftfwo9g/cargo-home/registry/src/index.crates.io-1949cf8c6b5b557f/ipnet-2.12.2/src/lib.rs --error-format=json --json=diagnostic-rendered-ansi,artifacts,future-incompat --crate-type lib --emit=dep-info,metadata,link -C embed-bitcode=no --cfg feature="default" --cfg feature="std" --check-cfg cfg(docsrs,test) --check-cfg cfg(feature, values("default", "heapless", "json", "schemars", "schemars08", "schemars1", "ser_as_str", "serde", "std")) -C metadata=ded01d40cf3d4013 -C extra-filename=-bde4b2bac6ca6359 --out-dir /tmp/agent-build-1ftfwo9g/target/debug/deps -C strip=debuginfo -L dependency=/tmp/agent-build-1ftfwo9g/target/debug/deps --cap-lints allow -C debuginfo=0
1790914888.378	2779863	5148938	2778673	2778653	/root/.rustup/toolchains/1.93.0-x86_64-unknown-linux-gnu/bin/rustc --crate-name maybe_owned --edition=2015 /tmp/agent-build-1ftfwo9g/cargo-home/registry/src/index.crates.io-1949cf8c6b5b557f/maybe-owned-0.3.4/src/lib.rs --error-format=json --json=diagnostic-rendered-ansi,artifacts,future-incompat --crate-type lib --emit=dep-info,metadata,link -C embed-bitcode=no --check-cfg cfg(docsrs,test) --check-cfg cfg(feature, values("serde")) -C metadata=7bc8a68c5b132d28 -C extra-filename=-696a85c957817382 --out-dir /tmp/agent-build-1ftfwo9g/target/debug/deps -C strip=debuginfo -L dependency=/tmp/agent-build-1ftfwo9g/target/debug/deps --cap-lints allow -C debuginfo=0
1790914888.500	2779876	5148943	2778673	2778653	/root/.rustup/toolchains/1.93.0-x86_64-unknown-linux-gnu/bin/rustc --crate-name cap_primitives --edition=2021 /tmp/agent-build-1ftfwo9g/cargo-home/registry/src/index.crates.io-1949cf8c6b5b557f/cap-primitives-4.0.3/src/lib.rs --error-format=json --json=diagnostic-rendered-ansi,artifacts,future-incompat --crate-type lib --emit=dep-info,metadata,link -C embed-bitcode=no --check-cfg cfg(docsrs,test) --check-cfg cfg(feature, values("arbitrary")) -C metadata=1340915e57124fdf -C extra-filename=-5852504ac73e2d85 --out-dir /tmp/agent-build-1ftfwo9g/target/debug/deps -C strip=debuginfo -L dependency=/tmp/agent-build-1ftfwo9g/target/debug/deps --extern ambient_authority=/tmp/agent-build-1ftfwo9g/target/debug/deps/libambient_authority-a4c6179dacb0aa9a.rmeta --extern fs_set_times=/tmp/agent-build-1ftfwo9g/target/debug/deps/libfs_set_times-71b6296e66757224.rmeta --extern io_extras=/tmp/agent-build-1ftfwo9g/target/debug/deps/libio_extras-611ed67b5e4b834b.rmeta --extern io_lifetimes=/tmp/agent-build-1ftfwo9g/target/debug/deps/libio_lifetimes-fc796e2e2afe2322.rmeta --extern ipnet=/tmp/agent-build-1ftfwo9g/target/debug/deps/libipnet-bde4b2bac6ca6359.rmeta --extern maybe_owned=/tmp/agent-build-1ftfwo9g/target/debug/deps/libmaybe_owned-696a85c957817382.rmeta --extern rustix=/tmp/agent-build-1ftfwo9g/target/debug/deps/librustix-276c480a1b987777.rmeta --extern rustix_linux_procfs=/tmp/agent-build-1ftfwo9g/target/debug/deps/librustix_linux_procfs-93f52fbe5be3204b.rmeta --cap-lints allow -C debuginfo=0 --check-cfg cfg(unix_file_vectored_at) --check-cfg cfg(windows_by_handle) --check-cfg cfg(windows_file_type_ext) --check-cfg cfg(io_error_more) --check-cfg cfg(io_error_uncategorized) --check-cfg cfg(racy_asserts) --check-cfg cfg(emulate_second_only_system) --check-cfg cfg(io_lifetimes_use_std)
1790914888.500	2779911	5148951	2778673	2778653	/tmp/agent-build-1ftfwo9g/target/debug/build/smartstring-ddd60e2a1d706c7a/build-script-build
1790914888.617	2779928	5148954	2778673	2778653	/root/.rustup/toolchains/1.93.0-x86_64-unknown-linux-gnu/bin/rustc --crate-name syn --edition=2021 /tmp/agent-build-1ftfwo9g/cargo-home/registry/src/index.crates.io-1949cf8c6b5b557f/syn-2.0.106/src/lib.rs --error-format=json --json=diagnostic-rendered-ansi,artifacts,future-incompat --crate-type lib --emit=dep-info,metadata,link -C embed-bitcode=no --cfg feature="clone-impls" --cfg feature="default" --cfg feature="derive" --cfg feature="extra-traits" --cfg feature="full" --cfg feature="parsing" --cfg feature="printing" --cfg feature="proc-macro" --check-cfg cfg(docsrs,test) --check-cfg cfg(feature, values("clone-impls", "default", "derive", "extra-traits", "fold", "full", "parsing", "printing", "proc-macro", "test", "visit", "visit-mut")) -C metadata=6e74cf93ade00691 -C extra-filename=-90e7f3b23d71b831 --out-dir /tmp/agent-build-1ftfwo9g/target/debug/deps -C strip=debuginfo -L dependency=/tmp/agent-build-1ftfwo9g/target/debug/deps --extern proc_macro2=/tmp/agent-build-1ftfwo9g/target/debug/deps/libproc_macro2-9bb1119a4333fdf8.rmeta --extern quote=/tmp/agent-build-1ftfwo9g/target/debug/deps/libquote-5daf7430e5f6c7e7.rmeta --extern unicode_ident=/tmp/agent-build-1ftfwo9g/target/debug/deps/libunicode_ident-02eb1483c9349430.rmeta --cap-lints allow -C debuginfo=0
1790914888.742	2779947	5148965	2778673	2778653	/root/.rustup/toolchains/1.93.0-x86_64-unknown-linux-gnu/bin/rustc --crate-name serde_core --edition=2021 /tmp/agent-build-1ftfwo9g/cargo-home/registry/src/index.crates.io-1949cf8c6b5b557f/serde_core-1.0.229/src/lib.rs --error-format=json --json=diagnostic-rendered-ansi,artifacts,future-incompat --crate-type lib --emit=dep-info,metadata,link -C embed-bitcode=no --cfg feature="alloc" --cfg feature="result" --cfg feature="std" --check-cfg cfg(docsrs,test) --check-cfg cfg(feature, values("alloc", "default", "rc", "result", "std", "unstable")) -C metadata=ec0e25ac81804ca7 -C extra-filename=-fc3333f79b683349 --out-dir /tmp/agent-build-1ftfwo9g/target/debug/deps -C strip=debuginfo -L dependency=/tmp/agent-build-1ftfwo9g/target/debug/deps --cap-lints allow -C debuginfo=0 --check-cfg cfg(if_docsrs_then_no_serde_core) --check-cfg cfg(no_core_cstr) --check-cfg cfg(no_core_error) --check-cfg cfg(no_core_net) --check-cfg cfg(no_core_num_saturating) --check-cfg cfg(no_diagnostic_namespace) --check-cfg cfg(no_serde_derive) --check-cfg cfg(no_std_atomic) --check-cfg cfg(no_std_atomic64) --check-cfg cfg(no_target_has_atomic)
1790914889.476	2779957	5149042	2778673	2778653	/root/.rustup/toolchains/1.93.0-x86_64-unknown-linux-gnu/bin/rustc --crate-name zerocopy --edition=2021 /tmp/agent-build-1ftfwo9g/cargo-home/registry/src/index.crates.io-1949cf8c6b5b557f/zerocopy-0.8.59/src/lib.rs --error-format=json --json=diagnostic-rendered-ansi,artifacts,future-incompat --crate-type lib --emit=dep-info,metadata,link -C embed-bitcode=no --cfg feature="simd" --check-cfg cfg(docsrs,test) --check-cfg cfg(feature, values("__internal_use_only_features_that_work_on_stable", "alloc", "derive", "float-nightly", "simd", "simd-nightly", "std", "zerocopy-derive")) -C metadata=62cfb2af1841a0b5 -C extra-filename=-1120fb15f6b22f53 --out-dir /tmp/agent-build-1ftfwo9g/target/debug/deps -C strip=debuginfo -L dependency=/tmp/agent-build-1ftfwo9g/target/debug/deps --cap-lints allow -C debuginfo=0 --check-cfg cfg(no_zerocopy_simd_x86_avx12_1_89_0) --check-cfg cfg(rust, values("1.89.0")) --check-cfg cfg(no_zerocopy_core_error_1_81_0) --check-cfg cfg(rust, values("1.81.0")) --check-cfg cfg(no_zerocopy_slice_ptr_len_1_79_0) --check-cfg cfg(rust, values("1.79.0")) --check-cfg cfg(no_zerocopy_diagnostic_on_unimplemented_1_78_0) --check-cfg cfg(rust, values("1.78.0")) --check-cfg cfg(no_zerocopy_generic_bounds_in_const_fn_1_61_0) --check-cfg cfg(rust, values("1.61.0")) --check-cfg cfg(no_zerocopy_target_has_atomics_1_60_0) --check-cfg cfg(rust, values("1.60.0")) --check-cfg cfg(no_zerocopy_aarch64_simd_1_59_0) --check-cfg cfg(rust, values("1.59.0")) --check-cfg cfg(no_zerocopy_aarch64_simd_be_1_87_0) --check-cfg cfg(rust, values("1.87.0")) --check-cfg cfg(no_zerocopy_panic_in_const_and_vec_try_reserve_1_57_0) --check-cfg cfg(rust, values("1.57.0")) --check-cfg cfg(doc_cfg) --check-cfg cfg(kani) --check-cfg cfg(__ZEROCOPY_INTERNAL_USE_ONLY_NIGHTLY_FEATURES_IN_TESTS) --check-cfg cfg(__ZEROCOPY_INTERNAL_USE_ONLY_TOOLCHAIN, values("msrv", "stable", "nightly")) --check-cfg cfg(__ZEROCOPY_INTERNAL_USE_ONLY_DEV_MODE) --check-cfg cfg(coverage_nightly) --check-cfg cfg(zerocopy_inline_always) --check-cfg cfg(zerocopy_unstable_ptr) --check-cfg cfg(zerocopy_unstable_linux) --check-cfg cfg(no_fp_fmt_parse)
1790914890.093	2780023	5149109	2778673	2778653	/root/.rustup/toolchains/1.93.0-x86_64-unknown-linux-gnu/bin/rustc --crate-name build_script_build --edition=2021 build.rs --error-format=json --json=diagnostic-rendered-ansi,artifacts,future-incompat --crate-type bin --emit=dep-info,link -C embed-bitcode=no --cfg feature="default" --cfg feature="std" --cfg feature="sys" --cfg feature="testing-environ" --check-cfg cfg(docsrs,test) --check-cfg cfg(feature, values("arbitrary", "bin-features", "core-error", "debugging", "decimal", "default", "document-features", "f32_float", "fuzz", "getrandom", "grain", "hashbrown", "internals", "libm", "metadata", "net", "no-std-compat", "no_ast", "no_closure", "no_custom_syntax", "no_float", "no_function", "no_index", "no_module", "no_object", "no_optimize", "no_position", "no_std", "no_time", "only_i32", "only_i64", "rust_decimal", "rustyline", "serde", "serde_json", "std", "sync", "sys", "testing-environ", "unchecked", "unicode-xid", "unicode-xid-ident", "unstable", "wasm-bindgen")) -C metadata=1dfaa30653d6eafb -C extra-filename=-35efdd4f2d97a50b --out-dir /tmp/agent-build-1ftfwo9g/target/debug/build/rhai-35efdd4f2d97a50b -C strip=debuginfo -L dependency=/tmp/agent-build-1ftfwo9g/target/debug/deps -C debuginfo=0
1790914890.219	2780084	5149119	2778673	2778653	/root/.rustup/toolchains/1.93.0-x86_64-unknown-linux-gnu/bin/rustc --crate-name smartstring --edition=2021 /tmp/agent-build-1ftfwo9g/cargo-home/registry/src/index.crates.io-1949cf8c6b5b557f/smartstring-1.0.1/src/lib.rs --error-format=json --json=diagnostic-rendered-ansi,artifacts,future-incompat --crate-type lib --emit=dep-info,metadata,link -C embed-bitcode=no --cfg feature="std" --check-cfg cfg(docsrs,test) --check-cfg cfg(feature, values("arbitrary", "default", "proptest", "serde", "std", "test")) -C metadata=b0ec75db6a822d91 -C extra-filename=-b13df8185e068488 --out-dir /tmp/agent-build-1ftfwo9g/target/debug/deps -C strip=debuginfo -L dependency=/tmp/agent-build-1ftfwo9g/target/debug/deps --extern static_assertions=/tmp/agent-build-1ftfwo9g/target/debug/deps/libstatic_assertions-a6110820a254cab9.rmeta --cap-lints allow -C debuginfo=0
1790914890.346	2780092	5149125	2778673	2778653	/root/.rustup/toolchains/1.93.0-x86_64-unknown-linux-gnu/bin/rustc --crate-name rhai_codegen --edition=2018 codegen/src/lib.rs --error-format=json --json=diagnostic-rendered-ansi,artifacts,future-incompat --crate-type proc-macro --emit=dep-info,link -C prefer-dynamic -C embed-bitcode=no --cfg feature="default" --check-cfg cfg(docsrs,test) --check-cfg cfg(feature, values("default", "metadata", "sync")) -C metadata=e4d586342935cb88 -C extra-filename=-1d80cf474728b918 --out-dir /tmp/agent-build-1ftfwo9g/target/debug/deps -C strip=debuginfo -L dependency=/tmp/agent-build-1ftfwo9g/target/debug/deps --extern proc_macro2=/tmp/agent-build-1ftfwo9g/target/debug/deps/libproc_macro2-9bb1119a4333fdf8.rlib --extern quote=/tmp/agent-build-1ftfwo9g/target/debug/deps/libquote-5daf7430e5f6c7e7.rlib --extern syn=/tmp/agent-build-1ftfwo9g/target/debug/deps/libsyn-90e7f3b23d71b831.rlib --extern proc_macro -C debuginfo=0
1790914890.618	2780130	5149160	2778673	2778653	/root/.rustup/toolchains/1.93.0-x86_64-unknown-linux-gnu/bin/rustc --crate-name cap_std --edition=2021 /tmp/agent-build-1ftfwo9g/cargo-home/registry/src/index.crates.io-1949cf8c6b5b557f/cap-std-4.0.3/src/lib.rs --error-format=json --json=diagnostic-rendered-ansi,artifacts,future-incompat --crate-type lib --emit=dep-info,metadata,link -C embed-bitcode=no --cfg feature="default" --check-cfg cfg(docsrs,test) --check-cfg cfg(feature, values("arf-strings", "arf_strings", "camino", "default", "fs_utf8")) -C metadata=3a07b29b8db5c2b7 -C extra-filename=-dbad4381d1665016 --out-dir /tmp/agent-build-1ftfwo9g/target/debug/deps -C strip=debuginfo -L dependency=/tmp/agent-build-1ftfwo9g/target/debug/deps --extern cap_primitives=/tmp/agent-build-1ftfwo9g/target/debug/deps/libcap_primitives-5852504ac73e2d85.rmeta --extern io_extras=/tmp/agent-build-1ftfwo9g/target/debug/deps/libio_extras-611ed67b5e4b834b.rmeta --extern io_lifetimes=/tmp/agent-build-1ftfwo9g/target/debug/deps/libio_lifetimes-fc796e2e2afe2322.rmeta --extern rustix=/tmp/agent-build-1ftfwo9g/target/debug/deps/librustix-276c480a1b987777.rmeta --cap-lints allow -C debuginfo=0 --check-cfg cfg(can_vector) --check-cfg cfg(write_all_vectored) --check-cfg cfg(windows_file_type_ext) --check-cfg cfg(io_lifetimes_use_std)
1790914890.742	2780146	5149167	2778673	2778653	/root/.rustup/toolchains/1.93.0-x86_64-unknown-linux-gnu/bin/rustc --crate-name paste --edition=2018 /tmp/agent-build-1ftfwo9g/cargo-home/registry/src/index.crates.io-1949cf8c6b5b557f/paste-1.0.15/src/lib.rs --error-format=json --json=diagnostic-rendered-ansi,artifacts,future-incompat --crate-type proc-macro --emit=dep-info,link -C prefer-dynamic -C embed-bitcode=no --check-cfg cfg(docsrs,test) --check-cfg cfg(feature, values()) -C metadata=4c695def9bf80581 -C extra-filename=-32d41872007b9e90 --out-dir /tmp/agent-build-1ftfwo9g/target/debug/deps -C strip=debuginfo -L dependency=/tmp/agent-build-1ftfwo9g/target/debug/deps --extern proc_macro --cap-lints allow -C debuginfo=0 --check-cfg cfg(no_literal_fromstr) --check-cfg cfg(feature, values("protocol_feature_paste"))
1790914890.742	2780168	5149175	2778673	2778653	/root/.rustup/toolchains/1.93.0-x86_64-unknown-linux-gnu/bin/rustc --crate-name thin_vec --edition=2018 /tmp/agent-build-1ftfwo9g/cargo-home/registry/src/index.crates.io-1949cf8c6b5b557f/thin-vec-0.2.19/src/lib.rs --error-format=json --json=diagnostic-rendered-ansi,artifacts,future-incompat --crate-type lib --emit=dep-info,metadata,link -C embed-bitcode=no --warn=unexpected_cfgs --check-cfg cfg(no_global_oom_handling) --check-cfg cfg(docsrs,test) --check-cfg cfg(feature, values("const_new", "default", "gecko-ffi", "malloc_size_of", "serde", "std", "unstable")) -C metadata=2dc93f2f9211035f -C extra-filename=-c60039a963ab0856 --out-dir /tmp/agent-build-1ftfwo9g/target/debug/deps -C strip=debuginfo -L dependency=/tmp/agent-build-1ftfwo9g/target/debug/deps --cap-lints allow -C debuginfo=0
1790914890.869	2780234	5149182	2778673	2778653	/root/.rustup/toolchains/1.93.0-x86_64-unknown-linux-gnu/bin/rustc --crate-name rhai --edition=2021 src/lib.rs --error-format=json --json=diagnostic-rendered-ansi,artifacts,future-incompat --crate-type lib --emit=dep-info,metadata,link -C embed-bitcode=no --cfg feature="default" --cfg feature="std" --cfg feature="sys" --cfg feature="testing-environ" --check-cfg cfg(docsrs,test) --check-cfg cfg(feature, values("arbitrary", "bin-features", "core-error", "debugging", "decimal", "default", "document-features", "f32_float", "fuzz", "getrandom", "grain", "hashbrown", "internals", "libm", "metadata", "net", "no-std-compat", "no_ast", "no_closure", "no_custom_syntax", "no_float", "no_function", "no_index", "no_module", "no_object", "no_optimize", "no_position", "no_std", "no_time", "only_i32", "only_i64", "rust_decimal", "rustyline", "serde", "serde_json", "std", "sync", "sys", "testing-environ", "unchecked", "unicode-xid", "unicode-xid-ident", "unstable", "wasm-bindgen")) -C metadata=792aacbc67ecee3b -C extra-filename=-3932a9829df7d198 --out-dir /tmp/agent-build-1ftfwo9g/target/debug/deps -C strip=debuginfo -L dependency=/tmp/agent-build-1ftfwo9g/target/debug/deps --extern ahash=/tmp/agent-build-1ftfwo9g/target/debug/deps/libahash-99bac1425fc969b5.rmeta --extern bitflags=/tmp/agent-build-1ftfwo9g/target/debug/deps/libbitflags-807f742f693b1c76.rmeta --extern cap_std=/tmp/agent-build-1ftfwo9g/target/debug/deps/libcap_std-dbad4381d1665016.rmeta --extern libc=/tmp/agent-build-1ftfwo9g/target/debug/deps/liblibc-179c144e2268fcf5.rmeta --extern num_traits=/tmp/agent-build-1ftfwo9g/target/debug/deps/libnum_traits-d99f4a660858da04.rmeta --extern once_cell=/tmp/agent-build-1ftfwo9g/target/debug/deps/libonce_cell-bc26e00f0de8b3ca.rmeta --extern rhai_codegen=/tmp/agent-build-1ftfwo9g/target/debug/deps/librhai_codegen-1d80cf474728b918.so --extern smallvec=/tmp/agent-build-1ftfwo9g/target/debug/deps/libsmallvec-c76bcbc00f84cb84.rmeta --extern smartstring=/tmp/agent-build-1ftfwo9g/target/debug/deps/libsmartstring-b13df8185e068488.rmeta --extern thin_vec=/tmp/agent-build-1ftfwo9g/target/debug/deps/libthin_vec-c60039a963ab0856.rmeta -C debuginfo=0
1790914890.869	2780242	5149187	2778673	2778653	/root/.rustup/toolchains/1.93.0-x86_64-unknown-linux-gnu/bin/rustc --crate-name rmp --edition=2021 /tmp/agent-build-1ftfwo9g/cargo-home/registry/src/index.crates.io-1949cf8c6b5b557f/rmp-0.8.14/src/lib.rs --error-format=json --json=diagnostic-rendered-ansi,artifacts,future-incompat --crate-type lib --emit=dep-info,metadata,link -C embed-bitcode=no --cfg feature="default" --cfg feature="std" --check-cfg cfg(docsrs,test) --check-cfg cfg(feature, values("default", "std")) -C metadata=392af2e3fdc68611 -C extra-filename=-2bc499c1b0022cab --out-dir /tmp/agent-build-1ftfwo9g/target/debug/deps -C strip=debuginfo -L dependency=/tmp/agent-build-1ftfwo9g/target/debug/deps --extern byteorder=/tmp/agent-build-1ftfwo9g/target/debug/deps/libbyteorder-65320072d3c124d2.rmeta --extern num_traits=/tmp/agent-build-1ftfwo9g/target/debug/deps/libnum_traits-d99f4a660858da04.rmeta --extern paste=/tmp/agent-build-1ftfwo9g/target/debug/deps/libpaste-32d41872007b9e90.so --cap-lints allow -C debuginfo=0
1790914890.985	2780250	5149196	2778673	2778653	/root/.rustup/toolchains/1.93.0-x86_64-unknown-linux-gnu/bin/rustc --crate-name serde --edition=2021 /tmp/agent-build-1ftfwo9g/cargo-home/registry/src/index.crates.io-1949cf8c6b5b557f/serde-1.0.229/src/lib.rs --error-format=json --json=diagnostic-rendered-ansi,artifacts,future-incompat --crate-type lib --emit=dep-info,metadata,link -C embed-bitcode=no --cfg feature="default" --cfg feature="std" --check-cfg cfg(docsrs,test) --check-cfg cfg(feature, values("alloc", "default", "derive", "rc", "serde_derive", "std", "unstable")) -C metadata=7991f4153d1d6de5 -C extra-filename=-e64cf2c916aa5255 --out-dir /tmp/agent-build-1ftfwo9g/target/debug/deps -C strip=debuginfo -L dependency=/tmp/agent-build-1ftfwo9g/target/debug/deps --extern serde_core=/tmp/agent-build-1ftfwo9g/target/debug/deps/libserde_core-fc3333f79b683349.rmeta --cap-lints allow -C debuginfo=0 --cfg if_docsrs_then_no_serde_core --check-cfg cfg(feature, values("result")) --check-cfg cfg(if_docsrs_then_no_serde_core) --check-cfg cfg(no_core_cstr) --check-cfg cfg(no_core_error) --check-cfg cfg(no_core_net) --check-cfg cfg(no_core_num_saturating) --check-cfg cfg(no_diagnostic_namespace) --check-cfg cfg(no_serde_derive) --check-cfg cfg(no_std_atomic) --check-cfg cfg(no_std_atomic64) --check-cfg cfg(no_target_has_atomic)
1790914891.232	2780266	5149215	2778673	2778653	/root/.rustup/toolchains/1.93.0-x86_64-unknown-linux-gnu/bin/rustc --crate-name memchr --edition=2021 /tmp/agent-build-1ftfwo9g/cargo-home/registry/src/index.crates.io-1949cf8c6b5b557f/memchr-2.8.3/src/lib.rs --error-format=json --json=diagnostic-rendered-ansi,artifacts,future-incompat --crate-type lib --emit=dep-info,metadata,link -C embed-bitcode=no --check-cfg cfg(docsrs,test) --check-cfg cfg(feature, values("alloc", "core", "default", "libc", "logging", "rustc-dep-of-std", "std", "use_std")) -C metadata=47bf6cba2a183474 -C extra-filename=-6453b3a50f33ed6d --out-dir /tmp/agent-build-1ftfwo9g/target/debug/deps -C strip=debuginfo -L dependency=/tmp/agent-build-1ftfwo9g/target/debug/deps --cap-lints allow -C debuginfo=0
1790914891.351	2780346	5149235	2778673	2778653	/root/.rustup/toolchains/1.93.0-x86_64-unknown-linux-gnu/bin/rustc --crate-name ryu --edition=2018 /tmp/agent-build-1ftfwo9g/cargo-home/registry/src/index.crates.io-1949cf8c6b5b557f/ryu-1.0.20/src/lib.rs --error-format=json --json=diagnostic-rendered-ansi,artifacts,future-incompat --crate-type lib --emit=dep-info,metadata,link -C embed-bitcode=no --check-cfg cfg(docsrs,test) --check-cfg cfg(feature, values("no-panic", "small")) -C metadata=8b8f44415423e32f -C extra-filename=-9bc184ef6173d518 --out-dir /tmp/agent-build-1ftfwo9g/target/debug/deps -C strip=debuginfo -L dependency=/tmp/agent-build-1ftfwo9g/target/debug/deps --cap-lints allow -C debuginfo=0
1790914891.475	2780355	5149239	2778673	2778653	/root/.rustup/toolchains/1.93.0-x86_64-unknown-linux-gnu/bin/rustc --crate-name serde_json --edition=2021 /tmp/agent-build-1ftfwo9g/cargo-home/registry/src/index.crates.io-1949cf8c6b5b557f/serde_json-1.0.145/src/lib.rs --error-format=json --json=diagnostic-rendered-ansi,artifacts,future-incompat --crate-type lib --emit=dep-info,metadata,link -C embed-bitcode=no --cfg feature="alloc" --check-cfg cfg(docsrs,test) --check-cfg cfg(feature, values("alloc", "arbitrary_precision", "default", "float_roundtrip", "indexmap", "preserve_order", "raw_value", "std", "unbounded_depth")) -C metadata=94194b366a0c8472 -C extra-filename=-294c7119b67a38a8 --out-dir /tmp/agent-build-1ftfwo9g/target/debug/deps -C strip=debuginfo -L dependency=/tmp/agent-build-1ftfwo9g/target/debug/deps --extern itoa=/tmp/agent-build-1ftfwo9g/target/debug/deps/libitoa-96e7392af8d3409a.rmeta --extern memchr=/tmp/agent-build-1ftfwo9g/target/debug/deps/libmemchr-6453b3a50f33ed6d.rmeta --extern ryu=/tmp/agent-build-1ftfwo9g/target/debug/deps/libryu-9bc184ef6173d518.rmeta --extern serde_core=/tmp/agent-build-1ftfwo9g/target/debug/deps/libserde_core-fc3333f79b683349.rmeta --cap-lints allow -C debuginfo=0 --cfg fast_arithmetic="64" --check-cfg cfg(fast_arithmetic, values("32", "64"))
1790914895.535	2780473	5149646	2778673	2778653	/root/.rustup/toolchains/1.93.0-x86_64-unknown-linux-gnu/bin/rustc --crate-name sys_process --edition=2021 tests/sys_process.rs --error-format=json --json=diagnostic-rendered-ansi,artifacts,future-incompat --emit=dep-info,link -C embed-bitcode=no --test --cfg feature="default" --cfg feature="std" --cfg feature="sys" --cfg feature="testing-environ" --check-cfg cfg(docsrs,test) --check-cfg cfg(feature, values("arbitrary", "bin-features", "core-error", "debugging", "decimal", "default", "document-features", "f32_float", "fuzz", "getrandom", "grain", "hashbrown", "internals", "libm", "metadata", "net", "no-std-compat", "no_ast", "no_closure", "no_custom_syntax", "no_float", "no_function", "no_index", "no_module", "no_object", "no_optimize", "no_position", "no_std", "no_time", "only_i32", "only_i64", "rust_decimal", "rustyline", "serde", "serde_json", "std", "sync", "sys", "testing-environ", "unchecked", "unicode-xid", "unicode-xid-ident", "unstable", "wasm-bindgen")) -C metadata=84acae8e8e008866 -C extra-filename=-1928063df57ef1bb --out-dir /tmp/agent-build-1ftfwo9g/target/debug/deps -C strip=debuginfo -L dependency=/tmp/agent-build-1ftfwo9g/target/debug/deps --extern ahash=/tmp/agent-build-1ftfwo9g/target/debug/deps/libahash-99bac1425fc969b5.rlib --extern bitflags=/tmp/agent-build-1ftfwo9g/target/debug/deps/libbitflags-807f742f693b1c76.rlib --extern cap_std=/tmp/agent-build-1ftfwo9g/target/debug/deps/libcap_std-dbad4381d1665016.rlib --extern libc=/tmp/agent-build-1ftfwo9g/target/debug/deps/liblibc-179c144e2268fcf5.rlib --extern num_traits=/tmp/agent-build-1ftfwo9g/target/debug/deps/libnum_traits-d99f4a660858da04.rlib --extern once_cell=/tmp/agent-build-1ftfwo9g/target/debug/deps/libonce_cell-bc26e00f0de8b3ca.rlib --extern rhai=/tmp/agent-build-1ftfwo9g/target/debug/deps/librhai-3932a9829df7d198.rlib --extern rhai_codegen=/tmp/agent-build-1ftfwo9g/target/debug/deps/librhai_codegen-1d80cf474728b918.so --extern rmp_serde=/tmp/agent-build-1ftfwo9g/target/debug/deps/librmp_serde-0f3d528a3dbb2c74.rlib --extern serde_json=/tmp/agent-build-1ftfwo9g/target/debug/deps/libserde_json-294c7119b67a38a8.rlib --extern smallvec=/tmp/agent-build-1ftfwo9g/target/debug/deps/libsmallvec-c76bcbc00f84cb84.rlib --extern smartstring=/tmp/agent-build-1ftfwo9g/target/debug/deps/libsmartstring-b13df8185e068488.rlib --extern thin_vec=/tmp/agent-build-1ftfwo9g/target/debug/deps/libthin_vec-c60039a963ab0856.rlib -C debuginfo=0
1790914895.535	2780474	5149646	2778673	2778653	/root/.rustup/toolchains/1.93.0-x86_64-unknown-linux-gnu/bin/rustc --crate-name rhai_run --edition=2021 src/bin/rhai-run.rs --error-format=json --json=diagnostic-rendered-ansi,artifacts,future-incompat --crate-type bin --emit=dep-info,link -C embed-bitcode=no --cfg feature="default" --cfg feature="std" --cfg feature="sys" --cfg feature="testing-environ" --check-cfg cfg(docsrs,test) --check-cfg cfg(feature, values("arbitrary", "bin-features", "core-error", "debugging", "decimal", "default", "document-features", "f32_float", "fuzz", "getrandom", "grain", "hashbrown", "internals", "libm", "metadata", "net", "no-std-compat", "no_ast", "no_closure", "no_custom_syntax", "no_float", "no_function", "no_index", "no_module", "no_object", "no_optimize", "no_position", "no_std", "no_time", "only_i32", "only_i64", "rust_decimal", "rustyline", "serde", "serde_json", "std", "sync", "sys", "testing-environ", "unchecked", "unicode-xid", "unicode-xid-ident", "unstable", "wasm-bindgen")) -C metadata=06428eba2a2f93d8 -C extra-filename=-8be1f882a6bff6ae --out-dir /tmp/agent-build-1ftfwo9g/target/debug/deps -C strip=debuginfo -L dependency=/tmp/agent-build-1ftfwo9g/target/debug/deps --extern ahash=/tmp/agent-build-1ftfwo9g/target/debug/deps/libahash-99bac1425fc969b5.rlib --extern bitflags=/tmp/agent-build-1ftfwo9g/target/debug/deps/libbitflags-807f742f693b1c76.rlib --extern cap_std=/tmp/agent-build-1ftfwo9g/target/debug/deps/libcap_std-dbad4381d1665016.rlib --extern libc=/tmp/agent-build-1ftfwo9g/target/debug/deps/liblibc-179c144e2268fcf5.rlib --extern num_traits=/tmp/agent-build-1ftfwo9g/target/debug/deps/libnum_traits-d99f4a660858da04.rlib --extern once_cell=/tmp/agent-build-1ftfwo9g/target/debug/deps/libonce_cell-bc26e00f0de8b3ca.rlib --extern rhai=/tmp/agent-build-1ftfwo9g/target/debug/deps/librhai-3932a9829df7d198.rlib --extern rhai_codegen=/tmp/agent-build-1ftfwo9g/target/debug/deps/librhai_codegen-1d80cf474728b918.so --extern smallvec=/tmp/agent-build-1ftfwo9g/target/debug/deps/libsmallvec-c76bcbc00f84cb84.rlib --extern smartstring=/tmp/agent-build-1ftfwo9g/target/debug/deps/libsmartstring-b13df8185e068488.rlib --extern thin_vec=/tmp/agent-build-1ftfwo9g/target/debug/deps/libthin_vec-c60039a963ab0856.rlib -C debuginfo=0
1790914895.535	2780493	5149653	2780474	2778653	cc -m64 /tmp/agent-build-1ftfwo9g/tmp/rustcW1DWGT/symbols.o /tmp/agent-build-1ftfwo9g/target/debug/deps/rhai_run-8be1f882a6bff6ae.rhai_run.316714a24bd97ccc-cgu.0.rcgu.o /tmp/agent-build-1ftfwo9g/target/debug/deps/rhai_run-8be1f882a6bff6ae.rhai_run.316714a24bd97ccc-cgu.1.rcgu.o /tmp/agent-build-1ftfwo9g/target/debug/deps/rhai_run-8be1f882a6bff6ae.anjvz8nywsskq1e198u0wty9s.rcgu.o -Wl,--as-needed -Wl,-Bstatic /tmp/agent-build-1ftfwo9g/target/debug/deps/librhai-3932a9829df7d198.rlib /tmp/agent-build-1ftfwo9g/target/debug/deps/libsmartstring-b13df8185e068488.rlib /tmp/agent-build-1ftfwo9g/target/debug/deps/libstatic_assertions-a6110820a254cab9.rlib /tmp/agent-build-1ftfwo9g/target/debug/deps/libthin_vec-c60039a963ab0856.rlib /tmp/agent-build-1ftfwo9g/target/debug/deps/libahash-99bac1425fc969b5.rlib /tmp/agent-build-1ftfwo9g/target/debug/deps/libgetrandom-f47fea0e9e05995b.rlib /tmp/agent-build-1ftfwo9g/target/debug/deps/liblibc-179c144e2268fcf5.rlib /tmp/agent-build-1ftfwo9g/target/debug/deps/libcfg_if-c4a953ffb98ef58e.rlib /tmp/agent-build-1ftfwo9g/target/debug/deps/libzerocopy-1120fb15f6b22f53.rlib /tmp/agent-build-1ftfwo9g/target/debug/deps/libnum_traits-d99f4a660858da04.rlib /tmp/agent-build-1ftfwo9g/target/debug/deps/libcap_std-dbad4381d1665016.rlib /tmp/agent-build-1ftfwo9g/target/debug/deps/libcap_primitives-5852504ac73e2d85.rlib /tmp/agent-build-1ftfwo9g/target/debug/deps/libfs_set_times-71b6296e66757224.rlib /tmp/agent-build-1ftfwo9g/target/debug/deps/libio_lifetimes-b35a4441435d7a37.rlib /tmp/agent-build-1ftfwo9g/target/debug/deps/libipnet-bde4b2bac6ca6359.rlib /tmp/agent-build-1ftfwo9g/target/debug/deps/libmaybe_owned-696a85c957817382.rlib /tmp/agent-build-1ftfwo9g/target/debug/deps/librustix_linux_procfs-93f52fbe5be3204b.rlib /tmp/agent-build-1ftfwo9g/target/debug/deps/libonce_cell-bc26e00f0de8b3ca.rlib /tmp/agent-build-1ftfwo9g/target/debug/deps/libportable_atomic-1c8ba7d77aedd093.rlib /tmp/agent-build-1ftfwo9g/target/debug/deps/libio_extras-611ed67b5e4b834b.rlib /tmp/agent-build-1ftfwo9g/target/debug/deps/libio_lifetimes-fc796e2e2afe2322.rlib /tmp/agent-build-1ftfwo9g/target/debug/deps/libambient_authority-a4c6179dacb0aa9a.rlib /tmp/agent-build-1ftfwo9g/target/debug/deps/librustix-276c480a1b987777.rlib /tmp/agent-build-1ftfwo9g/target/debug/deps/liblinux_raw_sys-acd22efd1f7edfd8.rlib /tmp/agent-build-1ftfwo9g/target/debug/deps/libsmallvec-c76bcbc00f84cb84.rlib /tmp/agent-build-1ftfwo9g/target/debug/deps/libbitflags-807f742f693b1c76.rlib /var/roothome/.rustup/toolchains/1.93.0-x86_64-unknown-linux-gnu/lib/rustlib/x86_64-unknown-linux-gnu/lib/libstd-6455781cbbf0c25c.rlib /var/roothome/.rustup/toolchains/1.93.0-x86_64-unknown-linux-gnu/lib/rustlib/x86_64-unknown-linux-gnu/lib/libpanic_unwind-9ea6681249c86daa.rlib /var/roothome/.rustup/toolchains/1.93.0-x86_64-unknown-linux-gnu/lib/rustlib/x86_64-unknown-linux-gnu/lib/libobject-49a13cd1c17ee472.rlib /var/roothome/.rustup/toolchains/1.93.0-x86_64-unknown-linux-gnu/lib/rustlib/x86_64-unknown-linux-gnu/lib/libmemchr-80c0d200aa1c5414.rlib /var/roothome/.rustup/toolchains/1.93.0-x86_64-unknown-linux-gnu/lib/rustlib/x86_64-unknown-linux-gnu/lib/libaddr2line-ed0d1665fe189213.rlib /var/roothome/.rustup/toolchains/1.93.0-x86_64-unknown-linux-gnu/lib/rustlib/x86_64-unknown-linux-gnu/lib/libgimli-82f3ba019c4b6344.rlib /var/roothome/.rustup/toolchains/1.93.0-x86_64-unknown-linux-gnu/lib/rustlib/x86_64-unknown-linux-gnu/lib/libcfg_if-b8a9625d47e2e3c0.rlib /var/roothome/.rustup/toolchains/1.93.0-x86_64-unknown-linux-gnu/lib/rustlib/x86_64-unknown-linux-gnu/lib/librustc_demangle-c04f2c50d366d1be.rlib /var/roothome/.rustup/toolchains/1.93.0-x86_64-unknown-linux-gnu/lib/rustlib/x86_64-unknown-linux-gnu/lib/libstd_detect-27563b08da68095e.rlib /var/roothome/.rustup/toolchains/1.93.0-x86_64-unknown-linux-gnu/lib/rustlib/x86_64-unknown-linux-gnu/lib/libhashbrown-77a21fecb79c0678.rlib /var/roothome/.rustup/toolchains/1.93.0-x86_64-unknown-linux-gnu/lib/rustlib/x86_64-unknown-linux-gnu/lib/librustc_std_workspace_alloc-e793bd15fd20f0af.rlib /var/roothome/.rustup/toolchains/1.93.0-x86_64-unknown-linux-gnu/lib/rustlib/x86_64-unknown-linux-gnu/lib/libminiz_oxide-7aaf0cb5e2293c31.rlib /var/roothome/.rustup/toolchains/1.93.0-x86_64-unknown-linux-gnu/lib/rustlib/x86_64-unknown-linux-gnu/lib/libadler2-1f550d986488a3fd.rlib /var/roothome/.rustup/toolchains/1.93.0-x86_64-unknown-linux-gnu/lib/rustlib/x86_64-unknown-linux-gnu/lib/libunwind-552f2bd5bdbf1107.rlib /var/roothome/.rustup/toolchains/1.93.0-x86_64-unknown-linux-gnu/lib/rustlib/x86_64-unknown-linux-gnu/lib/liblibc-927eb17e721e5055.rlib /var/roothome/.rustup/toolchains/1.93.0-x86_64-unknown-linux-gnu/lib/rustlib/x86_64-unknown-linux-gnu/lib/librustc_std_workspace_core-4bf162db831f993c.rlib /var/roothome/.rustup/toolchains/1.93.0-x86_64-unknown-linux-gnu/lib/rustlib/x86_64-unknown-linux-gnu/lib/liballoc-b4320759c23e42f9.rlib /var/roothome/.rustup/toolchains/1.93.0-x86_64-unknown-linux-gnu/lib/rustlib/x86_64-unknown-linux-gnu/lib/libcore-323fef4d239e40fe.rlib /var/roothome/.rustup/toolchains/1.93.0-x86_64-unknown-linux-gnu/lib/rustlib/x86_64-unknown-linux-gnu/lib/libcompiler_builtins-4b12291ff51ac994.rlib -Wl,-Bdynamic -lgcc_s -lutil -lrt -lpthread -lm -ldl -lc -L /tmp/agent-build-1ftfwo9g/tmp/rustcW1DWGT/raw-dylibs -B/var/roothome/.rustup/toolchains/1.93.0-x86_64-unknown-linux-gnu/lib/rustlib/x86_64-unknown-linux-gnu/bin/gcc-ld -fuse-ld=lld -Wl,--eh-frame-hdr -Wl,-z,noexecstack -L /var/roothome/.rustup/toolchains/1.93.0-x86_64-unknown-linux-gnu/lib/rustlib/x86_64-unknown-linux-gnu/lib -o /tmp/agent-build-1ftfwo9g/target/debug/deps/rhai_run-8be1f882a6bff6ae -Wl,--gc-sections -pie -Wl,-z,relro,-z,now -Wl,--strip-debug -nodefaultlibs
1790914895.535	2780494	5149653	2780493	2778653	/usr/libexec/gcc/x86_64-redhat-linux/16/collect2 -plugin /usr/libexec/gcc/x86_64-redhat-linux/16/liblto_plugin.so -plugin-opt=/usr/libexec/gcc/x86_64-redhat-linux/16/lto-wrapper -plugin-opt=-fresolution=/tmp/agent-build-1ftfwo9g/tmp/ccMl41d1.res --build-id --no-add-needed --eh-frame-hdr --hash-style=gnu -m elf_x86_64 -dynamic-linker /lib64/ld-linux-x86-64.so.2 -pie -fuse-ld=lld -o /tmp/agent-build-1ftfwo9g/target/debug/deps/rhai_run-8be1f882a6bff6ae /usr/lib/gcc/x86_64-redhat-linux/16/../../../../lib64/Scrt1.o /usr/lib/gcc/x86_64-redhat-linux/16/../../../../lib64/crti.o /usr/lib/gcc/x86_64-redhat-linux/16/crtbeginS.o -L/tmp/agent-build-1ftfwo9g/tmp/rustcW1DWGT/raw-dylibs -L/var/roothome/.rustup/toolchains/1.93.0-x86_64-unknown-linux-gnu/lib/rustlib/x86_64-unknown-linux-gnu/lib -L/var/roothome/.rustup/toolchains/1.93.0-x86_64-unknown-linux-gnu/lib/rustlib/x86_64-unknown-linux-gnu/bin/gcc-ld -L/usr/lib/gcc/x86_64-redhat-linux/16 -L/usr/lib/gcc/x86_64-redhat-linux/16/../../../../lib64 -L/lib/../lib64 -L/usr/lib/../lib64 -L/usr/lib/gcc/x86_64-redhat-linux/16/../../.. -L/lib -L/usr/lib /tmp/agent-build-1ftfwo9g/tmp/rustcW1DWGT/symbols.o /tmp/agent-build-1ftfwo9g/target/debug/deps/rhai_run-8be1f882a6bff6ae.rhai_run.316714a24bd97ccc-cgu.0.rcgu.o /tmp/agent-build-1ftfwo9g/target/debug/deps/rhai_run-8be1f882a6bff6ae.rhai_run.316714a24bd97ccc-cgu.1.rcgu.o /tmp/agent-build-1ftfwo9g/target/debug/deps/rhai_run-8be1f882a6bff6ae.anjvz8nywsskq1e198u0wty9s.rcgu.o --as-needed -Bstatic /tmp/agent-build-1ftfwo9g/target/debug/deps/librhai-3932a9829df7d198.rlib /tmp/agent-build-1ftfwo9g/target/debug/deps/libsmartstring-b13df8185e068488.rlib /tmp/agent-build-1ftfwo9g/target/debug/deps/libstatic_assertions-a6110820a254cab9.rlib /tmp/agent-build-1ftfwo9g/target/debug/deps/libthin_vec-c60039a963ab0856.rlib /tmp/agent-build-1ftfwo9g/target/debug/deps/libahash-99bac1425fc969b5.rlib /tmp/agent-build-1ftfwo9g/target/debug/deps/libgetrandom-f47fea0e9e05995b.rlib /tmp/agent-build-1ftfwo9g/target/debug/deps/liblibc-179c144e2268fcf5.rlib /tmp/agent-build-1ftfwo9g/target/debug/deps/libcfg_if-c4a953ffb98ef58e.rlib /tmp/agent-build-1ftfwo9g/target/debug/deps/libzerocopy-1120fb15f6b22f53.rlib /tmp/agent-build-1ftfwo9g/target/debug/deps/libnum_traits-d99f4a660858da04.rlib /tmp/agent-build-1ftfwo9g/target/debug/deps/libcap_std-dbad4381d1665016.rlib /tmp/agent-build-1ftfwo9g/target/debug/deps/libcap_primitives-5852504ac73e2d85.rlib /tmp/agent-build-1ftfwo9g/target/debug/deps/libfs_set_times-71b6296e66757224.rlib /tmp/agent-build-1ftfwo9g/target/debug/deps/libio_lifetimes-b35a4441435d7a37.rlib /tmp/agent-build-1ftfwo9g/target/debug/deps/libipnet-bde4b2bac6ca6359.rlib /tmp/agent-build-1ftfwo9g/target/debug/deps/libmaybe_owned-696a85c957817382.rlib /tmp/agent-build-1ftfwo9g/target/debug/deps/librustix_linux_procfs-93f52fbe5be3204b.rlib /tmp/agent-build-1ftfwo9g/target/debug/deps/libonce_cell-bc26e00f0de8b3ca.rlib /tmp/agent-build-1ftfwo9g/target/debug/deps/libportable_atomic-1c8ba7d77aedd093.rlib /tmp/agent-build-1ftfwo9g/target/debug/deps/libio_extras-611ed67b5e4b834b.rlib /tmp/agent-build-1ftfwo9g/target/debug/deps/libio_lifetimes-fc796e2e2afe2322.rlib /tmp/agent-build-1ftfwo9g/target/debug/deps/libambient_authority-a4c6179dacb0aa9a.rlib /tmp/agent-build-1ftfwo9g/target/debug/deps/librustix-276c480a1b987777.rlib /tmp/agent-build-1ftfwo9g/target/debug/deps/liblinux_raw_sys-acd22efd1f7edfd8.rlib /tmp/agent-build-1ftfwo9g/target/debug/deps/libsmallvec-c76bcbc00f84cb84.rlib /tmp/agent-build-1ftfwo9g/target/debug/deps/libbitflags-807f742f693b1c76.rlib /var/roothome/.rustup/toolchains/1.93.0-x86_64-unknown-linux-gnu/lib/rustlib/x86_64-unknown-linux-gnu/lib/libstd-6455781cbbf0c25c.rlib /var/roothome/.rustup/toolchains/1.93.0-x86_64-unknown-linux-gnu/lib/rustlib/x86_64-unknown-linux-gnu/lib/libpanic_unwind-9ea6681249c86daa.rlib /var/roothome/.rustup/toolchains/1.93.0-x86_64-unknown-linux-gnu/lib/rustlib/x86_64-unknown-linux-gnu/lib/libobject-49a13cd1c17ee472.rlib /var/roothome/.rustup/toolchains/1.93.0-x86_64-unknown-linux-gnu/lib/rustlib/x86_64-unknown-linux-gnu/lib/libmemchr-80c0d200aa1c5414.rlib /var/roothome/.rustup/toolchains/1.93.0-x86_64-unknown-linux-gnu/lib/rustlib/x86_64-unknown-linux-gnu/lib/libaddr2line-ed0d1665fe189213.rlib /var/roothome/.rustup/toolchains/1.93.0-x86_64-unknown-linux-gnu/lib/rustlib/x86_64-unknown-linux-gnu/lib/libgimli-82f3ba019c4b6344.rlib /var/roothome/.rustup/toolchains/1.93.0-x86_64-unknown-linux-gnu/lib/rustlib/x86_64-unknown-linux-gnu/lib/libcfg_if-b8a9625d47e2e3c0.rlib /var/roothome/.rustup/toolchains/1.93.0-x86_64-unknown-linux-gnu/lib/rustlib/x86_64-unknown-linux-gnu/lib/librustc_demangle-c04f2c50d366d1be.rlib /var/roothome/.rustup/toolchains/1.93.0-x86_64-unknown-linux-gnu/lib/rustlib/x86_64-unknown-linux-gnu/lib/libstd_detect-27563b08da68095e.rlib /var/roothome/.rustup/toolchains/1.93.0-x86_64-unknown-linux-gnu/lib/rustlib/x86_64-unknown-linux-gnu/lib/libhashbrown-77a21fecb79c0678.rlib /var/roothome/.rustup/toolchains/1.93.0-x86_64-unknown-linux-gnu/lib/rustlib/x86_64-unknown-linux-gnu/lib/librustc_std_workspace_alloc-e793bd15fd20f0af.rlib /var/roothome/.rustup/toolchains/1.93.0-x86_64-unknown-linux-gnu/lib/rustlib/x86_64-unknown-linux-gnu/lib/libminiz_oxide-7aaf0cb5e2293c31.rlib /var/roothome/.rustup/toolchains/1.93.0-x86_64-unknown-linux-gnu/lib/rustlib/x86_64-unknown-linux-gnu/lib/libadler2-1f550d986488a3fd.rlib /var/roothome/.rustup/toolchains/1.93.0-x86_64-unknown-linux-gnu/lib/rustlib/x86_64-unknown-linux-gnu/lib/libunwind-552f2bd5bdbf1107.rlib /var/roothome/.rustup/toolchains/1.93.0-x86_64-unknown-linux-gnu/lib/rustlib/x86_64-unknown-linux-gnu/lib/liblibc-927eb17e721e5055.rlib /var/roothome/.rustup/toolchains/1.93.0-x86_64-unknown-linux-gnu/lib/rustlib/x86_64-unknown-linux-gnu/lib/librustc_std_workspace_core-4bf162db831f993c.rlib /var/roothome/.rustup/toolchains/1.93.0-x86_64-unknown-linux-gnu/lib/rustlib/x86_64-unknown-linux-gnu/lib/liballoc-b4320759c23e42f9.rlib /var/roothome/.rustup/toolchains/1.93.0-x86_64-unknown-linux-gnu/lib/rustlib/x86_64-unknown-linux-gnu/lib/libcore-323fef4d239e40fe.rlib /var/roothome/.rustup/toolchains/1.93.0-x86_64-unknown-linux-gnu/lib/rustlib/x86_64-unknown-linux-gnu/lib/libcompiler_builtins-4b12291ff51ac994.rlib -Bdynamic -lgcc_s -lutil -lrt -lpthread -lm -ldl -lc --eh-frame-hdr -z noexecstack --gc-sections -z relro -z now --strip-debug /usr/lib/gcc/x86_64-redhat-linux/16/crtendS.o /usr/lib/gcc/x86_64-redhat-linux/16/../../../../lib64/crtn.o
1790914895.535	2780497	5149653	2780494	2778653	/var/roothome/.rustup/toolchains/1.93.0-x86_64-unknown-linux-gnu/lib/rustlib/x86_64-unknown-linux-gnu/bin/rust-lld -flavor gnu -plugin /usr/libexec/gcc/x86_64-redhat-linux/16/liblto_plugin.so -plugin-opt=/usr/libexec/gcc/x86_64-redhat-linux/16/lto-wrapper -plugin-opt=-fresolution=/tmp/agent-build-1ftfwo9g/tmp/ccMl41d1.res --build-id --no-add-needed --eh-frame-hdr --hash-style=gnu -m elf_x86_64 -dynamic-linker /lib64/ld-linux-x86-64.so.2 -pie -o /tmp/agent-build-1ftfwo9g/target/debug/deps/rhai_run-8be1f882a6bff6ae /usr/lib/gcc/x86_64-redhat-linux/16/../../../../lib64/Scrt1.o /usr/lib/gcc/x86_64-redhat-linux/16/../../../../lib64/crti.o /usr/lib/gcc/x86_64-redhat-linux/16/crtbeginS.o -L/tmp/agent-build-1ftfwo9g/tmp/rustcW1DWGT/raw-dylibs -L/var/roothome/.rustup/toolchains/1.93.0-x86_64-unknown-linux-gnu/lib/rustlib/x86_64-unknown-linux-gnu/lib -L/var/roothome/.rustup/toolchains/1.93.0-x86_64-unknown-linux-gnu/lib/rustlib/x86_64-unknown-linux-gnu/bin/gcc-ld -L/usr/lib/gcc/x86_64-redhat-linux/16 -L/usr/lib/gcc/x86_64-redhat-linux/16/../../../../lib64 -L/lib/../lib64 -L/usr/lib/../lib64 -L/usr/lib/gcc/x86_64-redhat-linux/16/../../.. -L/lib -L/usr/lib /tmp/agent-build-1ftfwo9g/tmp/rustcW1DWGT/symbols.o /tmp/agent-build-1ftfwo9g/target/debug/deps/rhai_run-8be1f882a6bff6ae.rhai_run.316714a24bd97ccc-cgu.0.rcgu.o /tmp/agent-build-1ftfwo9g/target/debug/deps/rhai_run-8be1f882a6bff6ae.rhai_run.316714a24bd97ccc-cgu.1.rcgu.o /tmp/agent-build-1ftfwo9g/target/debug/deps/rhai_run-8be1f882a6bff6ae.anjvz8nywsskq1e198u0wty9s.rcgu.o --as-needed -Bstatic /tmp/agent-build-1ftfwo9g/target/debug/deps/librhai-3932a9829df7d198.rlib /tmp/agent-build-1ftfwo9g/target/debug/deps/libsmartstring-b13df8185e068488.rlib /tmp/agent-build-1ftfwo9g/target/debug/deps/libstatic_assertions-a6110820a254cab9.rlib /tmp/agent-build-1ftfwo9g/target/debug/deps/libthin_vec-c60039a963ab0856.rlib /tmp/agent-build-1ftfwo9g/target/debug/deps/libahash-99bac1425fc969b5.rlib /tmp/agent-build-1ftfwo9g/target/debug/deps/libgetrandom-f47fea0e9e05995b.rlib /tmp/agent-build-1ftfwo9g/target/debug/deps/liblibc-179c144e2268fcf5.rlib /tmp/agent-build-1ftfwo9g/target/debug/deps/libcfg_if-c4a953ffb98ef58e.rlib /tmp/agent-build-1ftfwo9g/target/debug/deps/libzerocopy-1120fb15f6b22f53.rlib /tmp/agent-build-1ftfwo9g/target/debug/deps/libnum_traits-d99f4a660858da04.rlib /tmp/agent-build-1ftfwo9g/target/debug/deps/libcap_std-dbad4381d1665016.rlib /tmp/agent-build-1ftfwo9g/target/debug/deps/libcap_primitives-5852504ac73e2d85.rlib /tmp/agent-build-1ftfwo9g/target/debug/deps/libfs_set_times-71b6296e66757224.rlib /tmp/agent-build-1ftfwo9g/target/debug/deps/libio_lifetimes-b35a4441435d7a37.rlib /tmp/agent-build-1ftfwo9g/target/debug/deps/libipnet-bde4b2bac6ca6359.rlib /tmp/agent-build-1ftfwo9g/target/debug/deps/libmaybe_owned-696a85c957817382.rlib /tmp/agent-build-1ftfwo9g/target/debug/deps/librustix_linux_procfs-93f52fbe5be3204b.rlib /tmp/agent-build-1ftfwo9g/target/debug/deps/libonce_cell-bc26e00f0de8b3ca.rlib /tmp/agent-build-1ftfwo9g/target/debug/deps/libportable_atomic-1c8ba7d77aedd093.rlib /tmp/agent-build-1ftfwo9g/target/debug/deps/libio_extras-611ed67b5e4b834b.rlib /tmp/agent-build-1ftfwo9g/target/debug/deps/libio_lifetimes-fc796e2e2afe2322.rlib /tmp/agent-build-1ftfwo9g/target/debug/deps/libambient_authority-a4c6179dacb0aa9a.rlib /tmp/agent-build-1ftfwo9g/target/debug/deps/librustix-276c480a1b987777.rlib /tmp/agent-build-1ftfwo9g/target/debug/deps/liblinux_raw_sys-acd22efd1f7edfd8.rlib /tmp/agent-build-1ftfwo9g/target/debug/deps/libsmallvec-c76bcbc00f84cb84.rlib /tmp/agent-build-1ftfwo9g/target/debug/deps/libbitflags-807f742f693b1c76.rlib /var/roothome/.rustup/toolchains/1.93.0-x86_64-unknown-linux-gnu/lib/rustlib/x86_64-unknown-linux-gnu/lib/libstd-6455781cbbf0c25c.rlib /var/roothome/.rustup/toolchains/1.93.0-x86_64-unknown-linux-gnu/lib/rustlib/x86_64-unknown-linux-gnu/lib/libpanic_unwind-9ea6681249c86daa.rlib /var/roothome/.rustup/toolchains/1.93.0-x86_64-unknown-linux-gnu/lib/rustlib/x86_64-unknown-linux-gnu/lib/libobject-49a13cd1c17ee472.rlib /var/roothome/.rustup/toolchains/1.93.0-x86_64-unknown-linux-gnu/lib/rustlib/x86_64-unknown-linux-gnu/lib/libmemchr-80c0d200aa1c5414.rlib /var/roothome/.rustup/toolchains/1.93.0-x86_64-unknown-linux-gnu/lib/rustlib/x86_64-unknown-linux-gnu/lib/libaddr2line-ed0d1665fe189213.rlib /var/roothome/.rustup/toolchains/1.93.0-x86_64-unknown-linux-gnu/lib/rustlib/x86_64-unknown-linux-gnu/lib/libgimli-82f3ba019c4b6344.rlib /var/roothome/.rustup/toolchains/1.93.0-x86_64-unknown-linux-gnu/lib/rustlib/x86_64-unknown-linux-gnu/lib/libcfg_if-b8a9625d47e2e3c0.rlib /var/roothome/.rustup/toolchains/1.93.0-x86_64-unknown-linux-gnu/lib/rustlib/x86_64-unknown-linux-gnu/lib/librustc_demangle-c04f2c50d366d1be.rlib /var/roothome/.rustup/toolchains/1.93.0-x86_64-unknown-linux-gnu/lib/rustlib/x86_64-unknown-linux-gnu/lib/libstd_detect-27563b08da68095e.rlib /var/roothome/.rustup/toolchains/1.93.0-x86_64-unknown-linux-gnu/lib/rustlib/x86_64-unknown-linux-gnu/lib/libhashbrown-77a21fecb79c0678.rlib /var/roothome/.rustup/toolchains/1.93.0-x86_64-unknown-linux-gnu/lib/rustlib/x86_64-unknown-linux-gnu/lib/librustc_std_workspace_alloc-e793bd15fd20f0af.rlib /var/roothome/.rustup/toolchains/1.93.0-x86_64-unknown-linux-gnu/lib/rustlib/x86_64-unknown-linux-gnu/lib/libminiz_oxide-7aaf0cb5e2293c31.rlib /var/roothome/.rustup/toolchains/1.93.0-x86_64-unknown-linux-gnu/lib/rustlib/x86_64-unknown-linux-gnu/lib/libadler2-1f550d986488a3fd.rlib /var/roothome/.rustup/toolchains/1.93.0-x86_64-unknown-linux-gnu/lib/rustlib/x86_64-unknown-linux-gnu/lib/libunwind-552f2bd5bdbf1107.rlib /var/roothome/.rustup/toolchains/1.93.0-x86_64-unknown-linux-gnu/lib/rustlib/x86_64-unknown-linux-gnu/lib/liblibc-927eb17e721e5055.rlib /var/roothome/.rustup/toolchains/1.93.0-x86_64-unknown-linux-gnu/lib/rustlib/x86_64-unknown-linux-gnu/lib/librustc_std_workspace_core-4bf162db831f993c.rlib /var/roothome/.rustup/toolchains/1.93.0-x86_64-unknown-linux-gnu/lib/rustlib/x86_64-unknown-linux-gnu/lib/liballoc-b4320759c23e42f9.rlib /var/roothome/.rustup/toolchains/1.93.0-x86_64-unknown-linux-gnu/lib/rustlib/x86_64-unknown-linux-gnu/lib/libcore-323fef4d239e40fe.rlib /var/roothome/.rustup/toolchains/1.93.0-x86_64-unknown-linux-gnu/lib/rustlib/x86_64-unknown-linux-gnu/lib/libcompiler_builtins-4b12291ff51ac994.rlib -Bdynamic -lgcc_s -lutil -lrt -lpthread -lm -ldl -lc --eh-frame-hdr -z noexecstack --gc-sections -z relro -z now --strip-debug /usr/lib/gcc/x86_64-redhat-linux/16/crtendS.o /usr/lib/gcc/x86_64-redhat-linux/16/../../../../lib64/crtn.o
1790914896.016	2780579	5149693	2778673	2778653	/tmp/agent-build-1ftfwo9g/target/debug/deps/sys_process-1928063df57ef1bb managed_run_closes_pipe_closed_worker_before_return --exact --nocapture --test-threads=1
1790914896.133	2778673	5148362	2778654	2778653	
1790914896.249	2780639	5149725	2778654	2778653	/root/.rustup/toolchains/1.93.0-x86_64-unknown-linux-gnu/bin/cargo test --locked --no-fail-fast --features testing-environ,sys --lib packages::sys::process::unix::tests::managed_run_retries_provisional_group_eperm_within_one_observation_window -- --exact --nocapture --test-threads=1
1790914896.368	2780642	5149728	2780639	2778653	/root/.rustup/toolchains/1.93.0-x86_64-unknown-linux-gnu/bin/rustc --crate-name rhai --edition=2021 src/lib.rs --error-format=json --json=diagnostic-rendered-ansi,artifacts,future-incompat --emit=dep-info,link -C embed-bitcode=no --test --cfg feature="default" --cfg feature="std" --cfg feature="sys" --cfg feature="testing-environ" --check-cfg cfg(docsrs,test) --check-cfg cfg(feature, values("arbitrary", "bin-features", "core-error", "debugging", "decimal", "default", "document-features", "f32_float", "fuzz", "getrandom", "grain", "hashbrown", "internals", "libm", "metadata", "net", "no-std-compat", "no_ast", "no_closure", "no_custom_syntax", "no_float", "no_function", "no_index", "no_module", "no_object", "no_optimize", "no_position", "no_std", "no_time", "only_i32", "only_i64", "rust_decimal", "rustyline", "serde", "serde_json", "std", "sync", "sys", "testing-environ", "unchecked", "unicode-xid", "unicode-xid-ident", "unstable", "wasm-bindgen")) -C metadata=bbad896417107d6c -C extra-filename=-02633672f86fc62e --out-dir /tmp/agent-build-1ftfwo9g/target/debug/deps -C strip=debuginfo -L dependency=/tmp/agent-build-1ftfwo9g/target/debug/deps --extern ahash=/tmp/agent-build-1ftfwo9g/target/debug/deps/libahash-99bac1425fc969b5.rlib --extern bitflags=/tmp/agent-build-1ftfwo9g/target/debug/deps/libbitflags-807f742f693b1c76.rlib --extern cap_std=/tmp/agent-build-1ftfwo9g/target/debug/deps/libcap_std-dbad4381d1665016.rlib --extern libc=/tmp/agent-build-1ftfwo9g/target/debug/deps/liblibc-179c144e2268fcf5.rlib --extern num_traits=/tmp/agent-build-1ftfwo9g/target/debug/deps/libnum_traits-d99f4a660858da04.rlib --extern once_cell=/tmp/agent-build-1ftfwo9g/target/debug/deps/libonce_cell-bc26e00f0de8b3ca.rlib --extern rhai_codegen=/tmp/agent-build-1ftfwo9g/target/debug/deps/librhai_codegen-1d80cf474728b918.so --extern rmp_serde=/tmp/agent-build-1ftfwo9g/target/debug/deps/librmp_serde-0f3d528a3dbb2c74.rlib --extern serde_json=/tmp/agent-build-1ftfwo9g/target/debug/deps/libserde_json-294c7119b67a38a8.rlib --extern smallvec=/tmp/agent-build-1ftfwo9g/target/debug/deps/libsmallvec-c76bcbc00f84cb84.rlib --extern smartstring=/tmp/agent-build-1ftfwo9g/target/debug/deps/libsmartstring-b13df8185e068488.rlib --extern thin_vec=/tmp/agent-build-1ftfwo9g/target/debug/deps/libthin_vec-c60039a963ab0856.rlib -C debuginfo=0
1790914900.929	2780821	5150190	2780639	2778653	/tmp/agent-build-1ftfwo9g/target/debug/deps/rhai-02633672f86fc62e packages::sys::process::unix::tests::managed_run_retries_provisional_group_eperm_within_one_observation_window --exact --nocapture --test-threads=1
1790914901.165	2780826	5150206	2778654	2778653	/root/.rustup/toolchains/1.93.0-x86_64-unknown-linux-gnu/bin/cargo test --locked --no-fail-fast --features testing-environ,sys --lib packages::sys::process::unix::tests:: -- --nocapture --test-threads=1
1790914901.165	2780829	5150209	2780826	2778653	/root/.rustup/toolchains/1.93.0-x86_64-unknown-linux-gnu/bin/rustc --crate-name rhai --edition=2021 src/lib.rs --error-format=json --json=diagnostic-rendered-ansi,artifacts,future-incompat --emit=dep-info,link -C embed-bitcode=no --test --cfg feature="default" --cfg feature="std" --cfg feature="sys" --cfg feature="testing-environ" --check-cfg cfg(docsrs,test) --check-cfg cfg(feature, values("arbitrary", "bin-features", "core-error", "debugging", "decimal", "default", "document-features", "f32_float", "fuzz", "getrandom", "grain", "hashbrown", "internals", "libm", "metadata", "net", "no-std-compat", "no_ast", "no_closure", "no_custom_syntax", "no_float", "no_function", "no_index", "no_module", "no_object", "no_optimize", "no_position", "no_std", "no_time", "only_i32", "only_i64", "rust_decimal", "rustyline", "serde", "serde_json", "std", "sync", "sys", "testing-environ", "unchecked", "unicode-xid", "unicode-xid-ident", "unstable", "wasm-bindgen")) -C metadata=bbad896417107d6c -C extra-filename=-02633672f86fc62e --out-dir /tmp/agent-build-1ftfwo9g/target/debug/deps -C strip=debuginfo -L dependency=/tmp/agent-build-1ftfwo9g/target/debug/deps --extern ahash=/tmp/agent-build-1ftfwo9g/target/debug/deps/libahash-99bac1425fc969b5.rlib --extern bitflags=/tmp/agent-build-1ftfwo9g/target/debug/deps/libbitflags-807f742f693b1c76.rlib --extern cap_std=/tmp/agent-build-1ftfwo9g/target/debug/deps/libcap_std-dbad4381d1665016.rlib --extern libc=/tmp/agent-build-1ftfwo9g/target/debug/deps/liblibc-179c144e2268fcf5.rlib --extern num_traits=/tmp/agent-build-1ftfwo9g/target/debug/deps/libnum_traits-d99f4a660858da04.rlib --extern once_cell=/tmp/agent-build-1ftfwo9g/target/debug/deps/libonce_cell-bc26e00f0de8b3ca.rlib --extern rhai_codegen=/tmp/agent-build-1ftfwo9g/target/debug/deps/librhai_codegen-1d80cf474728b918.so --extern rmp_serde=/tmp/agent-build-1ftfwo9g/target/debug/deps/librmp_serde-0f3d528a3dbb2c74.rlib --extern serde_json=/tmp/agent-build-1ftfwo9g/target/debug/deps/libserde_json-294c7119b67a38a8.rlib --extern smallvec=/tmp/agent-build-1ftfwo9g/target/debug/deps/libsmallvec-c76bcbc00f84cb84.rlib --extern smartstring=/tmp/agent-build-1ftfwo9g/target/debug/deps/libsmartstring-b13df8185e068488.rlib --extern thin_vec=/tmp/agent-build-1ftfwo9g/target/debug/deps/libthin_vec-c60039a963ab0856.rlib -C debuginfo=0
1790914905.836	2781119	5150677	2780826	2778653	/tmp/agent-build-1ftfwo9g/target/debug/deps/rhai-02633672f86fc62e packages::sys::process::unix::tests:: --nocapture --test-threads=1
1790914905.836	2781128	5150684	2781119	2778653	/tmp/agent-build-1ftfwo9g/target/debug/deps/rhai-02633672f86fc62e --exact packages::sys::process::unix::tests::echild_quarantine_performs_no_later_numeric_child_operations --nocapture
1790914905.836	2781131	5150684	2781128	2778653	/bin/sh
1790914908.034	2782208	5150898	2781119	2778653	/tmp/agent-build-1ftfwo9g/target/debug/deps/rhai-02633672f86fc62e --exact packages::sys::process::unix::tests::inherited_pipe_holder_is_alive_at_timeout_and_fixture_releases_it --nocapture
1790914908.034	2782214	5150898	2782208	2778653	
1790914912.227	2782759	5151313	2781119	2778653	/tmp/agent-build-1ftfwo9g/target/debug/deps/rhai-02633672f86fc62e --exact packages::sys::process::unix::tests::kill_refusal_returns_boundedly_and_retains_real_child_after_package_drop --nocapture
1790914912.227	2782762	5151313	2782759	2778653	/bin/sh
1790914915.304	2783213	5151629	2781119	2783213	
1790914916.780	2783419	5151769	2781119	2778653	/tmp/agent-build-1ftfwo9g/target/debug/deps/rhai-02633672f86fc62e --exact packages::sys::process::unix::tests::non_consuming_cleanup_wait_failure_publishes_frozen_snapshot --nocapture
1790914916.780	2783422	5151770	2783419	2778653	
1790914920.961	2784069	5152188	2781119	2778653	sleep 0.2
1790914921.208	2780826	5150206	2778654	2778653	
1790914921.332	2784132	5152231	2778654	2778653	/root/.rustup/toolchains/1.93.0-x86_64-unknown-linux-gnu/bin/cargo test --locked --no-fail-fast --features testing-environ,sys --test sys_process -- --nocapture --test-threads=1
1790914921.454	2784139	5152235	2784132	2778653	/root/.rustup/toolchains/1.93.0-x86_64-unknown-linux-gnu/bin/rustc --crate-name rhai --edition=2021 src/lib.rs --error-format=json --json=diagnostic-rendered-ansi,artifacts,future-incompat --crate-type lib --emit=dep-info,metadata,link -C embed-bitcode=no --cfg feature="default" --cfg feature="std" --cfg feature="sys" --cfg feature="testing-environ" --check-cfg cfg(docsrs,test) --check-cfg cfg(feature, values("arbitrary", "bin-features", "core-error", "debugging", "decimal", "default", "document-features", "f32_float", "fuzz", "getrandom", "grain", "hashbrown", "internals", "libm", "metadata", "net", "no-std-compat", "no_ast", "no_closure", "no_custom_syntax", "no_float", "no_function", "no_index", "no_module", "no_object", "no_optimize", "no_position", "no_std", "no_time", "only_i32", "only_i64", "rust_decimal", "rustyline", "serde", "serde_json", "std", "sync", "sys", "testing-environ", "unchecked", "unicode-xid", "unicode-xid-ident", "unstable", "wasm-bindgen")) -C metadata=792aacbc67ecee3b -C extra-filename=-3932a9829df7d198 --out-dir /tmp/agent-build-1ftfwo9g/target/debug/deps -C strip=debuginfo -L dependency=/tmp/agent-build-1ftfwo9g/target/debug/deps --extern ahash=/tmp/agent-build-1ftfwo9g/target/debug/deps/libahash-99bac1425fc969b5.rmeta --extern bitflags=/tmp/agent-build-1ftfwo9g/target/debug/deps/libbitflags-807f742f693b1c76.rmeta --extern cap_std=/tmp/agent-build-1ftfwo9g/target/debug/deps/libcap_std-dbad4381d1665016.rmeta --extern libc=/tmp/agent-build-1ftfwo9g/target/debug/deps/liblibc-179c144e2268fcf5.rmeta --extern num_traits=/tmp/agent-build-1ftfwo9g/target/debug/deps/libnum_traits-d99f4a660858da04.rmeta --extern once_cell=/tmp/agent-build-1ftfwo9g/target/debug/deps/libonce_cell-bc26e00f0de8b3ca.rmeta --extern rhai_codegen=/tmp/agent-build-1ftfwo9g/target/debug/deps/librhai_codegen-1d80cf474728b918.so --extern smallvec=/tmp/agent-build-1ftfwo9g/target/debug/deps/libsmallvec-c76bcbc00f84cb84.rmeta --extern smartstring=/tmp/agent-build-1ftfwo9g/target/debug/deps/libsmartstring-b13df8185e068488.rmeta --extern thin_vec=/tmp/agent-build-1ftfwo9g/target/debug/deps/libthin_vec-c60039a963ab0856.rmeta -C debuginfo=0
1790914926.973	2785133	5152798	2784132	2778653	/root/.rustup/toolchains/1.93.0-x86_64-unknown-linux-gnu/bin/rustc --crate-name rhai_run --edition=2021 src/bin/rhai-run.rs --error-format=json --json=diagnostic-rendered-ansi,artifacts,future-incompat --crate-type bin --emit=dep-info,link -C embed-bitcode=no --cfg feature="default" --cfg feature="std" --cfg feature="sys" --cfg feature="testing-environ" --check-cfg cfg(docsrs,test) --check-cfg cfg(feature, values("arbitrary", "bin-features", "core-error", "debugging", "decimal", "default", "document-features", "f32_float", "fuzz", "getrandom", "grain", "hashbrown", "internals", "libm", "metadata", "net", "no-std-compat", "no_ast", "no_closure", "no_custom_syntax", "no_float", "no_function", "no_index", "no_module", "no_object", "no_optimize", "no_position", "no_std", "no_time", "only_i32", "only_i64", "rust_decimal", "rustyline", "serde", "serde_json", "std", "sync", "sys", "testing-environ", "unchecked", "unicode-xid", "unicode-xid-ident", "unstable", "wasm-bindgen")) -C metadata=06428eba2a2f93d8 -C extra-filename=-8be1f882a6bff6ae --out-dir /tmp/agent-build-1ftfwo9g/target/debug/deps -C strip=debuginfo -L dependency=/tmp/agent-build-1ftfwo9g/target/debug/deps --extern ahash=/tmp/agent-build-1ftfwo9g/target/debug/deps/libahash-99bac1425fc969b5.rlib --extern bitflags=/tmp/agent-build-1ftfwo9g/target/debug/deps/libbitflags-807f742f693b1c76.rlib --extern cap_std=/tmp/agent-build-1ftfwo9g/target/debug/deps/libcap_std-dbad4381d1665016.rlib --extern libc=/tmp/agent-build-1ftfwo9g/target/debug/deps/liblibc-179c144e2268fcf5.rlib --extern num_traits=/tmp/agent-build-1ftfwo9g/target/debug/deps/libnum_traits-d99f4a660858da04.rlib --extern once_cell=/tmp/agent-build-1ftfwo9g/target/debug/deps/libonce_cell-bc26e00f0de8b3ca.rlib --extern rhai=/tmp/agent-build-1ftfwo9g/target/debug/deps/librhai-3932a9829df7d198.rlib --extern rhai_codegen=/tmp/agent-build-1ftfwo9g/target/debug/deps/librhai_codegen-1d80cf474728b918.so --extern smallvec=/tmp/agent-build-1ftfwo9g/target/debug/deps/libsmallvec-c76bcbc00f84cb84.rlib --extern smartstring=/tmp/agent-build-1ftfwo9g/target/debug/deps/libsmartstring-b13df8185e068488.rlib --extern thin_vec=/tmp/agent-build-1ftfwo9g/target/debug/deps/libthin_vec-c60039a963ab0856.rlib -C debuginfo=0
1790914926.973	2785134	5152798	2784132	2778653	/root/.rustup/toolchains/1.93.0-x86_64-unknown-linux-gnu/bin/rustc --crate-name sys_process --edition=2021 tests/sys_process.rs --error-format=json --json=diagnostic-rendered-ansi,artifacts,future-incompat --emit=dep-info,link -C embed-bitcode=no --test --cfg feature="default" --cfg feature="std" --cfg feature="sys" --cfg feature="testing-environ" --check-cfg cfg(docsrs,test) --check-cfg cfg(feature, values("arbitrary", "bin-features", "core-error", "debugging", "decimal", "default", "document-features", "f32_float", "fuzz", "getrandom", "grain", "hashbrown", "internals", "libm", "metadata", "net", "no-std-compat", "no_ast", "no_closure", "no_custom_syntax", "no_float", "no_function", "no_index", "no_module", "no_object", "no_optimize", "no_position", "no_std", "no_time", "only_i32", "only_i64", "rust_decimal", "rustyline", "serde", "serde_json", "std", "sync", "sys", "testing-environ", "unchecked", "unicode-xid", "unicode-xid-ident", "unstable", "wasm-bindgen")) -C metadata=84acae8e8e008866 -C extra-filename=-1928063df57ef1bb --out-dir /tmp/agent-build-1ftfwo9g/target/debug/deps -C strip=debuginfo -L dependency=/tmp/agent-build-1ftfwo9g/target/debug/deps --extern ahash=/tmp/agent-build-1ftfwo9g/target/debug/deps/libahash-99bac1425fc969b5.rlib --extern bitflags=/tmp/agent-build-1ftfwo9g/target/debug/deps/libbitflags-807f742f693b1c76.rlib --extern cap_std=/tmp/agent-build-1ftfwo9g/target/debug/deps/libcap_std-dbad4381d1665016.rlib --extern libc=/tmp/agent-build-1ftfwo9g/target/debug/deps/liblibc-179c144e2268fcf5.rlib --extern num_traits=/tmp/agent-build-1ftfwo9g/target/debug/deps/libnum_traits-d99f4a660858da04.rlib --extern once_cell=/tmp/agent-build-1ftfwo9g/target/debug/deps/libonce_cell-bc26e00f0de8b3ca.rlib --extern rhai=/tmp/agent-build-1ftfwo9g/target/debug/deps/librhai-3932a9829df7d198.rlib --extern rhai_codegen=/tmp/agent-build-1ftfwo9g/target/debug/deps/librhai_codegen-1d80cf474728b918.so --extern rmp_serde=/tmp/agent-build-1ftfwo9g/target/debug/deps/librmp_serde-0f3d528a3dbb2c74.rlib --extern serde_json=/tmp/agent-build-1ftfwo9g/target/debug/deps/libserde_json-294c7119b67a38a8.rlib --extern smallvec=/tmp/agent-build-1ftfwo9g/target/debug/deps/libsmallvec-c76bcbc00f84cb84.rlib --extern smartstring=/tmp/agent-build-1ftfwo9g/target/debug/deps/libsmartstring-b13df8185e068488.rlib --extern thin_vec=/tmp/agent-build-1ftfwo9g/target/debug/deps/libthin_vec-c60039a963ab0856.rlib -C debuginfo=0
1790914927.455	2785343	5152845	2784132	2778653	/tmp/agent-build-1ftfwo9g/target/debug/deps/sys_process-1928063df57ef1bb --nocapture --test-threads=1
1790914927.455	2785347	5152845	2785343	2778653	
1790914927.578	2785360	5152857	2785343	2778653	/tmp/agent-build-1ftfwo9g/target/debug/deps/sys_process-1928063df57ef1bb --exact process_fixture --nocapture --quiet
1790914927.935	2785369	5152888	2785343	2778653	
1790914928.053	2785378	5152899	2785343	2785378	
1790914928.292	2785387	5152920	2785343	2778653	/bin/sleep 30
1790914928.408	2785397	5152941	2785343	2778653	/tmp/agent-build-1ftfwo9g/target/debug/deps/sys_process-1928063df57ef1bb --exact process_fixture --nocapture --quiet
1790914928.408	2785399	5152941	2785397	2778653	/tmp/agent-build-1ftfwo9g/target/debug/deps/sys_process-1928063df57ef1bb --exact process_fixture --nocapture --quiet
1790914928.408	2785404	5152941	2785397	2785402	
1790914928.408	2785406	5152942	2785397	2785402	
1790914929.605	2785446	5153054	2785343	2785446	/bin/sleep 30
1790914929.605	2785448	5153054	2785343	2785448	/tmp/agent-build-1ftfwo9g/target/debug/deps/sys_process-1928063df57ef1bb --exact managed_scope_spawn_leader_fixture --nocapture --quiet
1790914929.605	2785450	5153054	2785448	2785448	/tmp/agent-build-1ftfwo9g/target/debug/deps/sys_process-1928063df57ef1bb --exact managed_scope_worker_fixture --nocapture --quiet
1790914929.605	2785452	5153054	2785450	2785448	/tmp/agent-build-1ftfwo9g/target/debug/deps/sys_process-1928063df57ef1bb --exact managed_scope_leaf_fixture --nocapture --quiet
1790914929.725	2785455	5153067	2785343	2785455	/bin/sleep 30
1790914929.962	2785463	5153090	2785343	2785463	/bin/sleep 30
1790914929.962	2785465	5153090	2785343	2785465	/tmp/agent-build-1ftfwo9g/target/debug/deps/sys_process-1928063df57ef1bb --exact managed_false_drop_leader_fixture --nocapture --quiet
1790914929.962	2785467	5153090	2785465	2785465	/tmp/agent-build-1ftfwo9g/target/debug/deps/sys_process-1928063df57ef1bb --exact managed_false_drop_worker_fixture --nocapture --quiet
1790914929.962	2785469	5153090	2785467	2785465	/tmp/agent-build-1ftfwo9g/target/debug/deps/sys_process-1928063df57ef1bb --exact managed_false_drop_leaf_fixture --nocapture --quiet
1790914930.201	2785541	5153120	2785343	2785541	/bin/sleep 30
1790914930.201	2785543	5153120	2785343	2785543	
1790914930.316	2785551	5153123	2785343	2785551	/bin/sleep 30
1790914930.903	2785656	5153184	2785343	2785656	/bin/sleep 30
1790914930.903	2785658	5153184	2785343	2785656	/tmp/agent-build-1ftfwo9g/target/debug/deps/sys_process-1928063df57ef1bb --exact managed_scope_escape_fixture --nocapture --quiet
1790914931.375	2785692	5153235	2785343	2778653	
1790914931.734	2785814	5153274	2785343	2778653	/tmp/agent-build-1ftfwo9g/target/debug/deps/sys_process-1928063df57ef1bb --exact process_fixture --nocapture --quiet
1790914931.969	2785820	5153292	2785343	2778653	/tmp/agent-build-1ftfwo9g/target/debug/deps/sys_process-1928063df57ef1bb --exact process_fixture --nocapture --quiet
1790914932.323	2785826	5153326	2785343	2778653	/tmp/agent-build-1ftfwo9g/target/debug/deps/sys_process-1928063df57ef1bb --exact process_fixture --nocapture --quiet
1790914932.559	2785940	5153352	2785343	2778653	
1790914932.674	2785946	5153363	2785343	2778653	
1790914932.790	2785948	5153373	2785343	2778653	
1790914933.027	2785968	5153393	2785343	2778653	/tmp/agent-build-1ftfwo9g/target/debug/deps/sys_process-1928063df57ef1bb --exact process_fixture --nocapture --quiet
